Fecha;Ciclo;Operador_Red;Comercializador;Nivel_Tension;Tipo_Red;Comb_NT;Dueno_Red;G;T;D;Cv;PR;R;CU
2025-01-01;202501;ANTIOQUIA;BIA;1;SDL;NT1;100% OPERADOR;367,5891;56,0327;292,1103;27,8362;74,2648;4,6744;822,5074
2025-01-01;202501;BOGOTÁ;BIA;1;SDL;NT1;100% OPERADOR;370,5134;56,0327;280,9065;28,5941;72,1109;4,6744;812,832
2025-01-01;202501;BOYACÁ;BIA;1;SDL;NT1;100% OPERADOR;341,608;56,0327;280,9065;28,7212;75,134;4,6744;787,0767
2025-01-01;202501;CALDAS;BIA;1;SDL;NT1;100% OPERADOR;349,9524;56,0327;292,1103;30,2779;66,5594;4,6744;799,6071
2025-01-01;202501;CALI;BIA;1;SDL;NT1;100% OPERADOR;368,2782;56,0327;257,7423;27,3935;67,664;4,6744;781,7852
2025-01-01;202501;CARIBE MAR;BIA;1;SDL;NT1;100% OPERADOR;363,0196;56,0327;213,8783;29,5303;158,7575;4,6744;825,8929
2025-01-01;202501;CARIBE SOL;BIA;1;SDL;NT1;100% OPERADOR;363,0125;56,0327;174,6835;26,5204;104,2618;4,6744;729,1853
2025-01-01;202501;CARTAGO;BIA;1;SDL;NT1;100% OPERADOR;372,9486;56,0327;257,7423;30,1139;92,4491;4,6744;813,961
2025-01-01;202501;CASANARE;BIA;1;SDL;NT1;100% OPERADOR;341,6095;56,0327;249,0104;28,1251;84,2741;4,6744;763,7261
2025-01-01;202501;CAUCA;BIA;1;SDL;NT1;100% OPERADOR;347,0203;56,0327;257,7423;31,2566;79,2825;4,6744;776,0088
2025-01-01;202501;CUNDINAMARCA;BIA;1;SDL;NT1;100% OPERADOR;370,5134;56,0327;280,9065;28,5941;72,1109;4,6744;812,832
2025-01-01;202501;HUILA;BIA;1;SDL;NT1;100% OPERADOR;354,2707;56,0327;280,9065;31,1483;83,9423;4,6744;810,9749
2025-01-01;202501;META;BIA;1;SDL;NT1;100% OPERADOR;358,266;56,0327;249,0104;28,029;65,7021;4,6744;761,7145
2025-01-01;202501;NARIÑO;BIA;1;SDL;NT1;100% OPERADOR;328,3376;56,0327;257,7423;30,8653;64,1967;4,6744;741,849
2025-01-01;202501;NORTE SANTANDER;BIA;1;SDL;NT1;100% OPERADOR;357,5152;56,0327;292,1103;27,1175;79,1292;4,6744;816,5793
2025-01-01;202501;PEREIRA;BIA;1;SDL;NT1;100% OPERADOR;372,3146;56,0327;292,1103;27,4586;66,6026;4,6744;819,1931
2025-01-01;202501;QUINDÍO;BIA;1;SDL;NT1;100% OPERADOR;365,6732;56,0327;292,1103;28,9884;68,4566;4,6744;815,9355
2025-01-01;202501;RISARALDA;BIA;1;SDL;NT1;100% OPERADOR;372,3146;56,0327;292,1103;27,4586;66,6026;4,6744;819,1931
2025-01-01;202501;SANTANDER;BIA;1;SDL;NT1;100% OPERADOR;359,3459;56,0327;292,1103;31,1015;77,7319;4,6744;820,9967
2025-01-01;202501;TOLIMA;BIA;1;SDL;NT1;100% OPERADOR;352,7534;56,0327;280,9065;27,5114;95,1003;4,6744;816,9786
2025-01-01;202501;TULUA;BIA;1;SDL;NT1;100% OPERADOR;369,5408;56,0327;257,7423;29,5025;66,2281;4,6744;783,7208
2025-01-01;202501;VALLE;BIA;1;SDL;NT1;100% OPERADOR;358,4145;56,0327;257,7423;28,4243;68,0928;4,6744;773,3809
2025-01-01;202501;YUMBO;BIA;1;SDL;NT1;100% OPERADOR;368,2782;56,0327;257,7423;27,3935;67,664;4,6744;781,7852
2025-01-01;202501;ANTIOQUIA;BIA;2;SDL;NT2;100% OPERADOR;367,5891;56,0327;186,892;27,8362;22,3559;4,6744;665,3802
2025-01-01;202501;BOGOTÁ;BIA;2;SDL;NT2;100% OPERADOR;370,5134;56,0327;168,8021;28,5941;24,1741;4,6744;652,7908
2025-01-01;202501;BOYACÁ;BIA;2;SDL;NT2;100% OPERADOR;341,608;56,0327;168,8021;28,7212;21,4055;4,6744;621,2438
2025-01-01;202501;CALDAS;BIA;2;SDL;NT2;100% OPERADOR;349,9524;56,0327;186,892;30,2779;30,1572;4,6744;657,9865
2025-01-01;202501;CALI;BIA;2;SDL;NT2;100% OPERADOR;368,2782;56,0327;153,3319;27,3935;29,2444;4,6744;638,9551
2025-01-01;202501;CARIBE MAR;BIA;2;SDL;NT2;100% OPERADOR;363,0196;56,0327;136,1317;29,5303;45,7511;4,6744;635,1399
2025-01-01;202501;CARIBE SOL;BIA;2;SDL;NT2;100% OPERADOR;363,0125;56,0327;116,2714;26,5204;44,5739;4,6744;611,0853
2025-01-01;202501;CARTAGO;BIA;2;SDL;NT2;100% OPERADOR;372,9486;56,0327;153,3319;30,1139;31,2271;4,6744;648,3285
2025-01-01;202501;CASANARE;BIA;2;SDL;NT2;100% OPERADOR;341,6095;56,0327;171,4121;28,1251;34,6621;4,6744;636,5159
2025-01-01;202501;CAUCA;BIA;2;SDL;NT2;100% OPERADOR;347,0203;56,0327;153,3319;31,2566;30,7515;4,6744;623,0673
2025-01-01;202501;CUNDINAMARCA;BIA;2;SDL;NT2;100% OPERADOR;370,5134;56,0327;168,8021;28,5941;24,1741;4,6744;652,7908
2025-01-01;202501;HUILA;BIA;2;SDL;NT2;100% OPERADOR;354,2707;56,0327;168,8021;31,1483;31,0579;4,6744;645,9861
2025-01-01;202501;META;BIA;2;SDL;NT2;100% OPERADOR;358,266;56,0327;171,4121;28,029;29,7862;4,6744;648,2003
2025-01-01;202501;NARIÑO;BIA;2;SDL;NT2;100% OPERADOR;328,3376;56,0327;153,3319;30,8653;21,9095;4,6744;595,1513
2025-01-01;202501;NORTE SANTANDER;BIA;2;SDL;NT2;100% OPERADOR;357,5152;56,0327;186,892;27,1175;25,0021;4,6744;657,2338
2025-01-01;202501;PEREIRA;BIA;2;SDL;NT2;100% OPERADOR;372,3146;56,0327;186,892;27,4586;27,3538;4,6744;674,726
2025-01-01;202501;QUINDÍO;BIA;2;SDL;NT2;100% OPERADOR;365,6732;56,0327;186,892;28,9884;28,8847;4,6744;671,1454
2025-01-01;202501;RISARALDA;BIA;2;SDL;NT2;100% OPERADOR;372,3146;56,0327;186,892;27,4586;27,3538;4,6744;674,726
2025-01-01;202501;SANTANDER;BIA;2;SDL;NT2;100% OPERADOR;359,3459;56,0327;186,892;31,1015;28,3882;4,6744;666,4347
2025-01-01;202501;TOLIMA;BIA;2;SDL;NT2;100% OPERADOR;352,7534;56,0327;168,8021;27,5114;41,4591;4,6744;651,2331
2025-01-01;202501;TULUA;BIA;2;SDL;NT2;100% OPERADOR;369,5408;56,0327;153,3319;29,5025;27,9483;4,6744;641,0306
2025-01-01;202501;VALLE;BIA;2;SDL;NT2;100% OPERADOR;358,4145;56,0327;153,3319;28,4243;28,6719;4,6744;629,5495
2025-01-01;202501;YUMBO;BIA;2;SDL;NT2;100% OPERADOR;368,2782;56,0327;153,3319;27,3935;29,2444;4,6744;638,9551
2025-01-01;202501;ANTIOQUIA;BIA;3;SDL;NT3;100% OPERADOR;367,5891;56,0327;88,2656;27,8362;19,7417;4,6744;564,1397
2025-01-01;202501;BOGOTÁ;BIA;3;SDL;NT3;100% OPERADOR;370,5134;56,0327;113,6556;28,5941;23,5039;4,6744;596,9741
2025-01-01;202501;BOYACÁ;BIA;3;SDL;NT3;100% OPERADOR;341,608;56,0327;113,6556;28,7212;18,2618;4,6744;562,9536
2025-01-01;202501;CALDAS;BIA;3;SDL;NT3;100% OPERADOR;349,9524;56,0327;88,2656;30,2779;22,3;4,6744;551,503
2025-01-01;202501;CALI;BIA;3;SDL;NT3;100% OPERADOR;368,2782;56,0327;91,7167;27,3935;26,6801;4,6744;574,7756
2025-01-01;202501;CARIBE MAR;BIA;3;SDL;NT3;100% OPERADOR;363,0196;56,0327;105,4276;29,5303;32,2324;4,6744;590,917
2025-01-01;202501;CARIBE SOL;BIA;3;SDL;NT3;100% OPERADOR;363,0125;56,0327;83,6878;26,5204;40,3629;4,6744;574,2907
2025-01-01;202501;CARTAGO;BIA;3;SDL;NT3;100% OPERADOR;372,9486;56,0327;91,7167;30,1139;25,4085;4,6744;580,8947
2025-01-01;202501;CASANARE;BIA;3;SDL;NT3;100% OPERADOR;341,6095;56,0327;73,7746;28,1251;29,9935;4,6744;534,2098
2025-01-01;202501;CAUCA;BIA;3;SDL;NT3;100% OPERADOR;347,0203;56,0327;91,7167;31,2566;25,9039;4,6744;556,6045
2025-01-01;202501;CUNDINAMARCA;BIA;3;SDL;NT3;100% OPERADOR;370,5134;56,0327;113,6556;28,5941;23,5039;4,6744;596,9741
2025-01-01;202501;HUILA;BIA;3;SDL;NT3;100% OPERADOR;354,2707;56,0327;113,6556;31,1483;23,062;4,6744;582,8437
2025-01-01;202501;META;BIA;3;SDL;NT3;100% OPERADOR;358,266;56,0327;73,7746;28,029;23,2775;4,6744;544,0541
2025-01-01;202501;NARIÑO;BIA;3;SDL;NT3;100% OPERADOR;328,3376;56,0327;91,7167;30,8653;15,4142;4,6744;527,0408
2025-01-01;202501;NORTE SANTANDER;BIA;3;SDL;NT3;100% OPERADOR;357,5152;56,0327;88,2656;27,1175;25,7864;4,6744;559,3918
2025-01-01;202501;PEREIRA;BIA;3;SDL;NT3;100% OPERADOR;372,3146;56,0327;88,2656;27,4586;23,8587;4,6744;572,6045
2025-01-01;202501;QUINDÍO;BIA;3;SDL;NT3;100% OPERADOR;365,6732;56,0327;88,2656;28,9884;21,9423;4,6744;565,5765
2025-01-01;202501;RISARALDA;BIA;3;SDL;NT3;100% OPERADOR;372,3146;56,0327;88,2656;27,4586;23,8587;4,6744;572,6045
2025-01-01;202501;SANTANDER;BIA;3;SDL;NT3;100% OPERADOR;359,3459;56,0327;88,2656;31,1015;21,5696;4,6744;560,9897
2025-01-01;202501;TOLIMA;BIA;3;SDL;NT3;100% OPERADOR;352,7534;56,0327;113,6556;27,5114;31,0163;4,6744;585,6438
2025-01-01;202501;TULUA;BIA;3;SDL;NT3;100% OPERADOR;369,5408;56,0327;91,7167;29,5025;21,4314;4,6744;572,8985
2025-01-01;202501;VALLE;BIA;3;SDL;NT3;100% OPERADOR;358,4145;56,0327;91,7167;28,4243;24,4375;4,6744;563,7
2025-01-01;202501;YUMBO;BIA;3;SDL;NT3;100% OPERADOR;368,2782;56,0327;91,7167;27,3935;26,6801;4,6744;574,7756
2025-02-01;202502;ANTIOQUIA;BIA;1;SDL;NT1;100% OPERADOR;367,7586;49,8467;293,5064;26,0257;72,7437;12,2727;822,1538
2025-02-01;202502;BOGOTÁ;BIA;1;SDL;NT1;100% OPERADOR;369,3502;49,8467;272,9821;27,1494;70,463;12,2727;802,0641
2025-02-01;202502;BOYACÁ;BIA;1;SDL;NT1;100% OPERADOR;353,8504;49,8467;272,9821;27,0213;75,7483;12,2727;791,7216
2025-02-01;202502;CALDAS;BIA;1;SDL;NT1;100% OPERADOR;358,3101;49,8467;293,5064;27,6755;66,3903;12,2727;808,0017
2025-02-01;202502;CALI;BIA;1;SDL;NT1;100% OPERADOR;368,1259;49,8467;269,919;25,4962;66,1872;12,2727;791,8477
2025-02-01;202502;CARIBE MAR;BIA;1;SDL;NT1;100% OPERADOR;365,3089;49,8467;216,309;27,5295;157,2642;12,2727;828,5309
2025-02-01;202502;CARIBE SOL;BIA;1;SDL;NT1;100% OPERADOR;365,3331;49,8467;176,3569;24,5531;103,6775;12,2727;732,04
2025-02-01;202502;CARTAGO;BIA;1;SDL;NT1;100% OPERADOR;370,6264;49,8467;269,919;28,2559;90,0988;12,2727;821,0195
2025-02-01;202502;CASANARE;BIA;1;SDL;NT1;100% OPERADOR;353,8419;49,8467;253,2346;25,4258;84,9736;12,2727;779,5952
2025-02-01;202502;CAUCA;BIA;1;SDL;NT1;100% OPERADOR;356,7402;49,8467;269,919;29,2667;79,4438;12,2727;797,4891
2025-02-01;202502;CUNDINAMARCA;BIA;1;SDL;NT1;100% OPERADOR;369,3502;49,8467;272,9821;27,1494;70,463;12,2727;802,0641
2025-02-01;202502;HUILA;BIA;1;SDL;NT1;100% OPERADOR;360,6296;49,8467;272,9821;29,551;83,4431;12,2727;808,7252
2025-02-01;202502;META;BIA;1;SDL;NT1;100% OPERADOR;362,7627;49,8467;253,2346;25,8848;64,903;12,2727;768,9045
2025-02-01;202502;NARIÑO;BIA;1;SDL;NT1;100% OPERADOR;346,735;49,8467;269,919;28,6044;65,6604;12,2727;773,0382
2025-02-01;202502;NORTE SANTANDER;BIA;1;SDL;NT1;100% OPERADOR;362,3606;49,8467;293,5064;25,2873;78,3988;12,2727;821,6725
2025-02-01;202502;PEREIRA;BIA;1;SDL;NT1;100% OPERADOR;370,2868;49,8467;293,5064;25,5358;64,9442;12,2727;816,3926
2025-02-01;202502;QUINDÍO;BIA;1;SDL;NT1;100% OPERADOR;366,7298;49,8467;293,5064;26,9836;67,155;12,2727;816,4942
2025-02-01;202502;SANTANDER;BIA;1;SDL;NT1;100% OPERADOR;363,3411;49,8467;293,5064;28,8892;76,7989;12,2727;824,6549
2025-02-01;202502;TOLIMA;BIA;1;SDL;NT1;100% OPERADOR;359,8103;49,8467;272,9821;25,8156;94,8285;12,2727;815,5559
2025-02-01;202502;TULUA;BIA;1;SDL;NT1;100% OPERADOR;368,8013;49,8467;269,919;27,3053;64,6517;12,2727;792,7966
2025-02-01;202502;VALLE;BIA;1;SDL;NT1;100% OPERADOR;362,8543;49,8467;269,919;26,4577;67,2734;12,2727;788,6238
2025-02-01;202502;YUMBO;BIA;1;SDL;NT1;100% OPERADOR;368,1259;49,8467;269,919;25,4962;66,1872;12,2727;791,8477
2025-02-01;202502;ANTIOQUIA;BIA;2;SDL;NT2;100% OPERADOR;367,7586;49,8467;187,9818;26,0257;21,6373;12,2727;665,5228
2025-02-01;202502;BOGOTÁ;BIA;2;SDL;NT2;100% OPERADOR;369,3502;49,8467;172,797;27,1494;23,408;12,2727;654,824
2025-02-01;202502;BOYACÁ;BIA;2;SDL;NT2;100% OPERADOR;353,8504;49,8467;172,797;27,0213;21,2612;12,2727;637,0493
2025-02-01;202502;CALDAS;BIA;2;SDL;NT2;100% OPERADOR;358,3101;49,8467;187,9818;27,6755;29,8366;12,2727;665,9234
2025-02-01;202502;CALI;BIA;2;SDL;NT2;100% OPERADOR;368,1259;49,8467;162,5803;25,4962;28,3899;12,2727;646,7117
2025-02-01;202502;CARIBE MAR;BIA;2;SDL;NT2;100% OPERADOR;365,3089;49,8467;137,7593;27,5295;45,323;12,2727;638,0401
2025-02-01;202502;CARIBE SOL;BIA;2;SDL;NT2;100% OPERADOR;365,3331;49,8467;117,7044;24,5531;44,5456;12,2727;614,2555
2025-02-01;202502;CARTAGO;BIA;2;SDL;NT2;100% OPERADOR;370,6264;49,8467;162,5803;28,2559;30,1694;12,2727;653,7513
2025-02-01;202502;CASANARE;BIA;2;SDL;NT2;100% OPERADOR;353,8419;49,8467;175,5409;25,4258;34,6647;12,2727;651,5927
2025-02-01;202502;CAUCA;BIA;2;SDL;NT2;100% OPERADOR;356,7402;49,8467;162,5803;29,2667;30,5448;12,2727;641,2514
2025-02-01;202502;CUNDINAMARCA;BIA;2;SDL;NT2;100% OPERADOR;369,3502;49,8467;172,797;27,1494;23,408;12,2727;654,824
2025-02-01;202502;HUILA;BIA;2;SDL;NT2;100% OPERADOR;360,6296;49,8467;172,797;29,551;30,6006;12,2727;655,6976
2025-02-01;202502;META;BIA;2;SDL;NT2;100% OPERADOR;362,7627;49,8467;175,5409;25,8848;29,1773;12,2727;655,4851
2025-02-01;202502;NARIÑO;BIA;2;SDL;NT2;100% OPERADOR;346,735;49,8467;162,5803;28,6044;22,0759;12,2727;622,1151
2025-02-01;202502;NORTE SANTANDER;BIA;2;SDL;NT2;100% OPERADOR;362,3606;49,8467;187,9818;25,2873;24,5078;12,2727;662,2569
2025-02-01;202502;PEREIRA;BIA;2;SDL;NT2;100% OPERADOR;370,2868;49,8467;187,9818;25,5358;26,498;12,2727;672,4219
2025-02-01;202502;QUINDÍO;BIA;2;SDL;NT2;100% OPERADOR;366,7298;49,8467;187,9818;26,9836;28,1141;12,2727;671,9287
2025-02-01;202502;SANTANDER;BIA;2;SDL;NT2;100% OPERADOR;363,3411;49,8467;187,9818;28,8892;27,776;12,2727;670,1075
2025-02-01;202502;TOLIMA;BIA;2;SDL;NT2;100% OPERADOR;359,8103;49,8467;172,797;25,8156;41,1023;12,2727;661,6446
2025-02-01;202502;TULUA;BIA;2;SDL;NT2;100% OPERADOR;368,8013;49,8467;162,5803;27,3053;27,0434;12,2727;647,8497
2025-02-01;202502;VALLE;BIA;2;SDL;NT2;100% OPERADOR;362,8543;49,8467;162,5803;26,4577;28,0676;12,2727;642,0793
2025-02-01;202502;YUMBO;BIA;2;SDL;NT2;100% OPERADOR;368,1259;49,8467;162,5803;25,4962;28,3899;12,2727;646,7117
2025-02-01;202502;ANTIOQUIA;BIA;3;SDL;NT3;100% OPERADOR;367,7586;49,8467;87,6552;26,0257;19,1696;12,2727;562,7285
2025-02-01;202502;BOGOTÁ;BIA;3;SDL;NT3;100% OPERADOR;369,3502;49,8467;117,3071;27,1494;22,7328;12,2727;598,6589
2025-02-01;202502;BOYACÁ;BIA;3;SDL;NT3;100% OPERADOR;353,8504;49,8467;117,3071;27,0213;18,0536;12,2727;578,3518
2025-02-01;202502;CALDAS;BIA;3;SDL;NT3;100% OPERADOR;358,3101;49,8467;87,6552;27,6755;21,9466;12,2727;557,7068
2025-02-01;202502;CALI;BIA;3;SDL;NT3;100% OPERADOR;368,1259;49,8467;95,1266;25,4962;25,8655;12,2727;576,7336
2025-02-01;202502;CARIBE MAR;BIA;3;SDL;NT3;100% OPERADOR;365,3089;49,8467;106,8618;27,5295;31,9448;12,2727;593,7643
2025-02-01;202502;CARIBE SOL;BIA;3;SDL;NT3;100% OPERADOR;365,3331;49,8467;84,8866;24,5531;40,3645;12,2727;577,2566
2025-02-01;202502;CARTAGO;BIA;3;SDL;NT3;100% OPERADOR;370,6264;49,8467;95,1266;28,2559;24,4718;12,2727;580,6
2025-02-01;202502;CASANARE;BIA;3;SDL;NT3;100% OPERADOR;353,8419;49,8467;74,811;25,4258;29,9296;12,2727;546,1276
2025-02-01;202502;CAUCA;BIA;3;SDL;NT3;100% OPERADOR;356,7402;49,8467;95,1266;29,2667;25,6607;12,2727;568,9135
2025-02-01;202502;CUNDINAMARCA;BIA;3;SDL;NT3;100% OPERADOR;369,3502;49,8467;117,3071;27,1494;22,7328;12,2727;598,6589
2025-02-01;202502;HUILA;BIA;3;SDL;NT3;100% OPERADOR;360,6296;49,8467;117,3071;29,551;22,611;12,2727;592,218
2025-02-01;202502;META;BIA;3;SDL;NT3;100% OPERADOR;362,7627;49,8467;74,811;25,8848;22,6966;12,2727;548,2745
2025-02-01;202502;NARIÑO;BIA;3;SDL;NT3;100% OPERADOR;346,735;49,8467;95,1266;28,6044;15,3793;12,2727;547,9647
2025-02-01;202502;NORTE SANTANDER;BIA;3;SDL;NT3;100% OPERADOR;362,3606;49,8467;87,6552;25,2873;25,2826;12,2727;562,7051
2025-02-01;202502;PEREIRA;BIA;3;SDL;NT3;100% OPERADOR;370,2868;49,8467;87,6552;25,5358;23,0743;12,2727;568,6716
2025-02-01;202502;QUINDÍO;BIA;3;SDL;NT3;100% OPERADOR;366,7298;49,8467;87,6552;26,9836;21,2647;12,2727;564,7527
2025-02-01;202502;SANTANDER;BIA;3;SDL;NT3;100% OPERADOR;363,3411;49,8467;87,6552;28,8892;21,0;12,2727;563,0049
2025-02-01;202502;TOLIMA;BIA;3;SDL;NT3;100% OPERADOR;359,8103;49,8467;117,3071;25,8156;30,632;12,2727;595,6844
2025-02-01;202502;TULUA;BIA;3;SDL;NT3;100% OPERADOR;368,8013;49,8467;95,1266;27,3053;20,6407;12,2727;573,9932
2025-02-01;202502;VALLE;BIA;3;SDL;NT3;100% OPERADOR;362,8543;49,8467;95,1266;26,4577;23,8641;12,2727;570,4221
2025-02-01;202502;YUMBO;BIA;3;SDL;NT3;100% OPERADOR;368,1259;49,8467;95,1266;25,4962;25,8655;12,2727;576,7336
2025-03-01;202503;ANTIOQUIA;BIA;1;SDL;NT1;100% OPERADOR;363,5637;56,277;303,5531;26,5983;75,0194;24,5117;849,5231
2025-03-01;202503;BOGOTÁ;BIA;1;SDL;NT1;100% OPERADOR;365,157;56,277;293,262;27,321;72,6869;24,5117;839,2157
2025-03-01;202503;BOYACÁ;BIA;1;SDL;NT1;100% OPERADOR;349,6134;56,277;293,262;27,6821;78,0067;24,5117;829,3529
2025-03-01;202503;CALDAS;BIA;1;SDL;NT1;100% OPERADOR;354,0867;56,277;303,5531;28,8437;68,5158;24,5117;835,788
2025-03-01;202503;CALI;BIA;1;SDL;NT1;100% OPERADOR;363,931;56,277;276,9273;26,3319;68,3754;24,5117;816,3544
2025-03-01;202503;CARIBE MAR;BIA;1;SDL;NT1;100% OPERADOR;361,1065;56,277;222,0131;28,2538;159,3852;24,5117;851,5473
2025-03-01;202503;CARIBE SOL;BIA;1;SDL;NT1;100% OPERADOR;361,1276;56,277;180,8204;25,3745;105,2788;24,5117;753,3899
2025-03-01;202503;CARTAGO;BIA;1;SDL;NT1;100% OPERADOR;366,4391;56,277;276,9273;29,0037;92,5665;24,5117;845,7253
2025-03-01;202503;CASANARE;BIA;1;SDL;NT1;100% OPERADOR;349,6053;56,277;265,8314;26,823;87,2023;24,5117;810,2506
2025-03-01;202503;CAUCA;BIA;1;SDL;NT1;100% OPERADOR;352,5124;56,277;276,9273;30,4594;81,7279;24,5117;822,4157
2025-03-01;202503;CUNDINAMARCA;BIA;1;SDL;NT1;100% OPERADOR;365,157;56,277;293,262;27,321;72,6869;24,5117;839,2157
2025-03-01;202503;HUILA;BIA;1;SDL;NT1;100% OPERADOR;356,421;56,277;293,262;29,9087;85,376;24,5117;845,7564
2025-03-01;202503;META;BIA;1;SDL;NT1;100% OPERADOR;358,5523;56,277;265,8314;26,3783;67,0444;24,5117;798,5951
2025-03-01;202503;NARIÑO;BIA;1;SDL;NT1;100% OPERADOR;342,4785;56,277;276,9273;30,218;67,7683;24,5117;798,1808
2025-03-01;202503;NORTE SANTANDER;BIA;1;SDL;NT1;100% OPERADOR;358,149;56,277;303,5531;26,0694;80,7439;24,5117;849,3042
2025-03-01;202503;PEREIRA;BIA;1;SDL;NT1;100% OPERADOR;366,0986;56,277;303,5531;26,0413;67,1151;24,5117;843,5968
2025-03-01;202503;QUINDÍO;BIA;1;SDL;NT1;100% OPERADOR;362,5311;56,277;303,5531;27,5943;69,3453;24,5117;843,8125
2025-03-01;202503;SANTANDER;BIA;1;SDL;NT1;100% OPERADOR;359,1324;56,277;303,5531;29,9594;79,1019;24,5117;852,5356
2025-03-01;202503;TOLIMA;BIA;1;SDL;NT1;100% OPERADOR;355,5913;56,277;293,262;26,3316;97,2512;24,5117;853,2247
2025-03-01;202503;TULUA;BIA;1;SDL;NT1;100% OPERADOR;364,6086;56,277;276,9273;29,0744;66,8305;24,5117;818,2294
2025-03-01;202503;VALLE;BIA;1;SDL;NT1;100% OPERADOR;358,6409;56,277;276,9273;27,3677;69,3719;24,5117;813,0965
2025-03-01;202503;YUMBO;BIA;1;SDL;NT1;100% OPERADOR;363,931;56,277;276,9273;26,3319;68,3754;24,5117;816,3544
2025-03-01;202503;ANTIOQUIA;BIA;2;SDL;NT2;100% OPERADOR;363,5637;56,277;197,7955;26,5983;23,354;24,5117;692,1001
2025-03-01;202503;BOGOTÁ;BIA;2;SDL;NT2;100% OPERADOR;365,157;56,277;189,2649;27,321;25,12;24,5117;687,6516
2025-03-01;202503;BOYACÁ;BIA;2;SDL;NT2;100% OPERADOR;349,6134;56,277;189,2649;27,6821;22,9188;24,5117;670,268
2025-03-01;202503;CALDAS;BIA;2;SDL;NT2;100% OPERADOR;354,0867;56,277;197,7955;28,8437;31,5618;24,5117;693,0763
2025-03-01;202503;CALI;BIA;2;SDL;NT2;100% OPERADOR;363,931;56,277;165,5406;26,3319;30,1648;24,5117;666,757
2025-03-01;202503;CARIBE MAR;BIA;2;SDL;NT2;100% OPERADOR;361,1065;56,277;142,3772;28,2538;46,3949;24,5117;658,9212
2025-03-01;202503;CARIBE SOL;BIA;2;SDL;NT2;100% OPERADOR;361,1276;56,277;121,9958;25,3745;45,6112;24,5117;634,8977
2025-03-01;202503;CARTAGO;BIA;2;SDL;NT2;100% OPERADOR;366,4391;56,277;165,5406;29,0037;31,9757;24,5117;673,7478
2025-03-01;202503;CASANARE;BIA;2;SDL;NT2;100% OPERADOR;349,6053;56,277;181,1508;26,823;36,3401;24,5117;674,7079
2025-03-01;202503;CAUCA;BIA;2;SDL;NT2;100% OPERADOR;352,5124;56,277;165,5406;30,4594;32,2901;24,5117;661,5912
2025-03-01;202503;CUNDINAMARCA;BIA;2;SDL;NT2;100% OPERADOR;365,157;56,277;189,2649;27,321;25,12;24,5117;687,6516
2025-03-01;202503;HUILA;BIA;2;SDL;NT2;100% OPERADOR;356,421;56,277;189,2649;29,9087;31,9499;24,5117;688,3331
2025-03-01;202503;META;BIA;2;SDL;NT2;100% OPERADOR;358,5523;56,277;181,1508;26,3783;30,9265;24,5117;677,7966
2025-03-01;202503;NARIÑO;BIA;2;SDL;NT2;100% OPERADOR;342,4785;56,277;165,5406;30,218;23,7038;24,5117;642,7296
2025-03-01;202503;NORTE SANTANDER;BIA;2;SDL;NT2;100% OPERADOR;358,149;56,277;197,7955;26,0694;26,257;24,5117;689,0596
2025-03-01;202503;PEREIRA;BIA;2;SDL;NT2;100% OPERADOR;366,0986;56,277;197,7955;26,0413;28,2504;24,5117;698,9745
2025-03-01;202503;QUINDÍO;BIA;2;SDL;NT2;100% OPERADOR;362,5311;56,277;197,7955;27,5943;29,8776;24,5117;698,5872
2025-03-01;202503;SANTANDER;BIA;2;SDL;NT2;100% OPERADOR;359,1324;56,277;197,7955;29,9594;29,5398;24,5117;697,2159
2025-03-01;202503;TOLIMA;BIA;2;SDL;NT2;100% OPERADOR;355,5913;56,277;189,2649;26,3316;42,8912;24,5117;694,8676
2025-03-01;202503;TULUA;BIA;2;SDL;NT2;100% OPERADOR;364,6086;56,277;165,5406;29,0744;28,8113;24,5117;668,8235
2025-03-01;202503;VALLE;BIA;2;SDL;NT2;100% OPERADOR;358,6409;56,277;165,5406;27,3677;29,7385;24,5117;662,0765
2025-03-01;202503;YUMBO;BIA;2;SDL;NT2;100% OPERADOR;363,931;56,277;165,5406;26,3319;30,1648;24,5117;666,757
2025-03-01;202503;ANTIOQUIA;BIA;3;SDL;NT3;100% OPERADOR;363,5637;56,277;89,8499;26,5983;20,6764;24,5117;581,4769
2025-03-01;202503;BOGOTÁ;BIA;3;SDL;NT3;100% OPERADOR;365,157;56,277;130,3396;27,321;24,3883;24,5117;627,9946
2025-03-01;202503;BOYACÁ;BIA;3;SDL;NT3;100% OPERADOR;349,6134;56,277;130,3396;27,6821;19,6782;24,5117;608,1021
2025-03-01;202503;CALDAS;BIA;3;SDL;NT3;100% OPERADOR;354,0867;56,277;89,8499;28,8437;23,587;24,5117;577,1559
2025-03-01;202503;CALI;BIA;3;SDL;NT3;100% OPERADOR;363,931;56,277;98,7144;26,3319;27,6101;24,5117;597,3761
2025-03-01;202503;CARIBE MAR;BIA;3;SDL;NT3;100% OPERADOR;361,1065;56,277;111,3366;28,2538;32,9048;24,5117;614,3904
2025-03-01;202503;CARIBE SOL;BIA;3;SDL;NT3;100% OPERADOR;361,1276;56,277;89,203;25,3745;41,392;24,5117;597,8857
2025-03-01;202503;CARTAGO;BIA;3;SDL;NT3;100% OPERADOR;366,4391;56,277;98,7144;29,0037;26,2138;24,5117;601,1597
2025-03-01;202503;CASANARE;BIA;3;SDL;NT3;100% OPERADOR;349,6053;56,277;77,8559;26,823;31,5517;24,5117;566,6246
2025-03-01;202503;CAUCA;BIA;3;SDL;NT3;100% OPERADOR;352,5124;56,277;98,7144;30,4594;27,3506;24,5117;589,8254
2025-03-01;202503;CUNDINAMARCA;BIA;3;SDL;NT3;100% OPERADOR;365,157;56,277;130,3396;27,321;24,3883;24,5117;627,9946
2025-03-01;202503;HUILA;BIA;3;SDL;NT3;100% OPERADOR;356,421;56,277;130,3396;29,9087;23,8741;24,5117;621,3321
2025-03-01;202503;META;BIA;3;SDL;NT3;100% OPERADOR;358,5523;56,277;77,8559;26,3783;24,3622;24,5117;567,9374
2025-03-01;202503;NARIÑO;BIA;3;SDL;NT3;100% OPERADOR;342,4785;56,277;98,7144;30,218;16,9323;24,5117;569,1319
2025-03-01;202503;NORTE SANTANDER;BIA;3;SDL;NT3;100% OPERADOR;358,149;56,277;89,8499;26,0694;26,9455;24,5117;581,8025
2025-03-01;202503;PEREIRA;BIA;3;SDL;NT3;100% OPERADOR;366,0986;56,277;89,8499;26,0413;24,79;24,5117;587,5685
2025-03-01;202503;QUINDÍO;BIA;3;SDL;NT3;100% OPERADOR;362,5311;56,277;89,8499;27,5943;22,9546;24,5117;583,7185
2025-03-01;202503;SANTANDER;BIA;3;SDL;NT3;100% OPERADOR;359,1324;56,277;89,8499;29,9594;22,6895;24,5117;582,4199
2025-03-01;202503;TOLIMA;BIA;3;SDL;NT3;100% OPERADOR;355,5913;56,277;130,3396;26,3316;32,3192;24,5117;625,3704
2025-03-01;202503;TULUA;BIA;3;SDL;NT3;100% OPERADOR;364,6086;56,277;98,7144;29,0744;22,3398;24,5117;595,5258
2025-03-01;202503;VALLE;BIA;3;SDL;NT3;100% OPERADOR;358,6409;56,277;98,7144;27,3677;25,4936;24,5117;591,0054
2025-03-01;202503;YUMBO;BIA;3;SDL;NT3;100% OPERADOR;363,931;56,277;98,7144;26,3319;27,6101;24,5117;597,3761
2025-04-01;202504;ANTIOQUIA;BIA;1;SDL;NT1;100% OPERADOR;346,0837;62,1955;322,1339;27,5745;72,308;36,0867;866,3823
2025-04-01;202504;BOGOTÁ;BIA;1;SDL;NT1;100% OPERADOR;348,0797;62,1955;302,8913;28,6352;70,1297;36,0867;848,0181
2025-04-01;202504;BOYACÁ;BIA;1;SDL;NT1;100% OPERADOR;328,6892;62,1955;302,8913;29,0395;73,9479;36,0867;832,85
2025-04-01;202504;CALDAS;BIA;1;SDL;NT1;100% OPERADOR;334,2639;62,1955;322,1339;30,6781;65,6397;36,0867;850,9978
2025-04-01;202504;CALI;BIA;1;SDL;NT1;100% OPERADOR;346,5377;62,1955;265,262;27,5039;57,423;36,0867;795,0087
2025-04-01;202504;CARIBE MAR;BIA;1;SDL;NT1;100% OPERADOR;343,0165;62,1955;214,7089;29,2131;143,4091;36,0867;828,6298
2025-04-01;202504;CARIBE SOL;BIA;1;SDL;NT1;100% OPERADOR;343,055;62,1955;133,0225;26,1532;102,7726;36,0867;703,2854
2025-04-01;202504;CARTAGO;BIA;1;SDL;NT1;100% OPERADOR;349,6645;62,1955;265,262;30,1779;80,6211;36,0867;824,0076
2025-04-01;202504;CASANARE;BIA;1;SDL;NT1;100% OPERADOR;328,6767;62,1955;269,6139;27,6714;81,483;36,0867;805,7272
2025-04-01;202504;CAUCA;BIA;1;SDL;NT1;100% OPERADOR;332,3002;62,1955;265,262;31,7054;76,0185;36,0867;803,5683
2025-04-01;202504;CUNDINAMARCA;BIA;1;SDL;NT1;100% OPERADOR;348,0797;62,1955;302,8913;28,6352;70,1297;36,0867;848,0181
2025-04-01;202504;HUILA;BIA;1;SDL;NT1;100% OPERADOR;337,1834;62,1955;302,8913;31,4439;72,1955;36,0867;841,9963
2025-04-01;202504;META;BIA;1;SDL;NT1;100% OPERADOR;339,8315;62,1955;269,6139;26,8653;64,2678;36,0867;798,8607
2025-04-01;202504;NARIÑO;BIA;1;SDL;NT1;100% OPERADOR;319,7922;62,1955;265,262;31,4274;64,2735;36,0867;779,0373
2025-04-01;202504;NORTE SANTANDER;BIA;1;SDL;NT1;100% OPERADOR;339,3287;62,1955;322,1339;26,8631;74,614;36,0867;861,2218
2025-04-01;202504;PEREIRA;BIA;1;SDL;NT1;100% OPERADOR;349,2399;62,1955;322,1339;27,1128;64,7765;36,0867;861,5453
2025-04-01;202504;QUINDÍO;BIA;1;SDL;NT1;100% OPERADOR;344,7921;62,1955;322,1339;28,9574;66,742;36,0867;860,9076
2025-04-01;202504;SANTANDER;BIA;1;SDL;NT1;100% OPERADOR;340,5548;62,1955;322,1339;30,8837;76,0017;36,0867;867,8562
2025-04-01;202504;TOLIMA;BIA;1;SDL;NT1;100% OPERADOR;336,1397;62,1955;302,8913;27,6442;87,7518;36,0867;852,7092
2025-04-01;202504;TULUA;BIA;1;SDL;NT1;100% OPERADOR;347,3823;62,1955;265,262;30,2698;64,3523;36,0867;805,5485
2025-04-01;202504;VALLE;BIA;1;SDL;NT1;100% OPERADOR;339,9469;62,1955;265,262;28,5229;66,5143;36,0867;798,5282
2025-04-01;202504;YUMBO;BIA;1;SDL;NT1;100% OPERADOR;346,5377;62,1955;265,262;27,5039;57,423;36,0867;795,0087
2025-04-01;202504;ANTIOQUIA;BIA;2;SDL;NT2;100% OPERADOR;346,0837;62,1955;207,5394;27,5745;22,1483;36,0867;701,6281
2025-04-01;202504;BOGOTÁ;BIA;2;SDL;NT2;100% OPERADOR;348,0797;62,1955;192,3819;28,6352;23,8951;36,0867;691,2741
2025-04-01;202504;BOYACÁ;BIA;2;SDL;NT2;100% OPERADOR;328,6892;62,1955;192,3819;29,0395;21,3697;36,0867;669,7623
2025-04-01;202504;CALDAS;BIA;2;SDL;NT2;100% OPERADOR;334,2639;62,1955;207,5394;30,6781;29,9995;36,0867;700,7631
2025-04-01;202504;CALI;BIA;2;SDL;NT2;100% OPERADOR;346,5377;62,1955;153,457;27,5039;26,3441;36,0867;652,1249
2025-04-01;202504;CARIBE MAR;BIA;2;SDL;NT2;100% OPERADOR;343,0165;62,1955;139,8606;29,2131;43,1038;36,0867;653,4762
2025-04-01;202504;CARIBE SOL;BIA;2;SDL;NT2;100% OPERADOR;343,055;62,1955;92,1323;26,1532;44,834;36,0867;604,4566
2025-04-01;202504;CARTAGO;BIA;2;SDL;NT2;100% OPERADOR;349,6645;62,1955;153,457;30,1779;28,4422;36,0867;660,0237
2025-04-01;202504;CASANARE;BIA;2;SDL;NT2;100% OPERADOR;328,6767;62,1955;179,4642;27,6714;34,4786;36,0867;668,5731
2025-04-01;202504;CAUCA;BIA;2;SDL;NT2;100% OPERADOR;332,3002;62,1955;153,457;31,7054;30,1976;36,0867;645,9424
2025-04-01;202504;CUNDINAMARCA;BIA;2;SDL;NT2;100% OPERADOR;348,0797;62,1955;192,3819;28,6352;23,8951;36,0867;691,2741
2025-04-01;202504;HUILA;BIA;2;SDL;NT2;100% OPERADOR;337,1834;62,1955;192,3819;31,4439;28,503;36,0867;687,7943
2025-04-01;202504;META;BIA;2;SDL;NT2;100% OPERADOR;339,8315;62,1955;179,4642;26,8653;29,3251;36,0867;673,7682
2025-04-01;202504;NARIÑO;BIA;2;SDL;NT2;100% OPERADOR;319,7922;62,1955;153,457;31,4274;22,1378;36,0867;625,0966
2025-04-01;202504;NORTE SANTANDER;BIA;2;SDL;NT2;100% OPERADOR;339,3287;62,1955;207,5394;26,8631;24,3939;36,0867;696,4073
2025-04-01;202504;PEREIRA;BIA;2;SDL;NT2;100% OPERADOR;349,2399;62,1955;207,5394;27,1128;26,9815;36,0867;709,1558
2025-04-01;202504;QUINDÍO;BIA;2;SDL;NT2;100% OPERADOR;344,7921;62,1955;207,5394;28,9574;28,4528;36,0867;708,0239
2025-04-01;202504;SANTANDER;BIA;2;SDL;NT2;100% OPERADOR;340,5548;62,1955;207,5394;30,8837;28,0314;36,0867;705,2915
2025-04-01;202504;TOLIMA;BIA;2;SDL;NT2;100% OPERADOR;336,1397;62,1955;192,3819;27,6442;39,6409;36,0867;694,0889
2025-04-01;202504;TULUA;BIA;2;SDL;NT2;100% OPERADOR;347,3823;62,1955;153,457;30,2698;27,4164;36,0867;656,8076
2025-04-01;202504;VALLE;BIA;2;SDL;NT2;100% OPERADOR;339,9469;62,1955;153,457;28,5229;28,1673;36,0867;648,3762
2025-04-01;202504;YUMBO;BIA;2;SDL;NT2;100% OPERADOR;346,5377;62,1955;153,457;27,5039;26,3441;36,0867;652,1249
2025-04-01;202504;ANTIOQUIA;BIA;3;SDL;NT3;100% OPERADOR;346,0837;62,1955;91,379;27,5745;19,6911;36,0867;583,0104
2025-04-01;202504;BOGOTÁ;BIA;3;SDL;NT3;100% OPERADOR;348,0797;62,1955;129,1811;28,6352;23,1905;36,0867;627,3687
2025-04-01;202504;BOYACÁ;BIA;3;SDL;NT3;100% OPERADOR;328,6892;62,1955;129,1811;29,0395;18,2528;36,0867;603,4447
2025-04-01;202504;CALDAS;BIA;3;SDL;NT3;100% OPERADOR;334,2639;62,1955;91,379;30,6781;22,308;36,0867;576,9112
2025-04-01;202504;CALI;BIA;3;SDL;NT3;100% OPERADOR;346,5377;62,1955;94,9269;27,5039;24,6077;36,0867;591,8584
2025-04-01;202504;CARIBE MAR;BIA;3;SDL;NT3;100% OPERADOR;343,0165;62,1955;108,9225;29,2131;31,3374;36,0867;610,7717
2025-04-01;202504;CARIBE SOL;BIA;3;SDL;NT3;100% OPERADOR;343,055;62,1955;72,9073;26,1532;40,7365;36,0867;581,134
2025-04-01;202504;CARTAGO;BIA;3;SDL;NT3;100% OPERADOR;349,6645;62,1955;94,9269;30,1779;23,7417;36,0867;596,7932
2025-04-01;202504;CASANARE;BIA;3;SDL;NT3;100% OPERADOR;328,6767;62,1955;79,8218;27,6714;29,9005;36,0867;564,3526
2025-04-01;202504;CAUCA;BIA;3;SDL;NT3;100% OPERADOR;332,3002;62,1955;94,9269;31,7054;25,5321;36,0867;582,7468
2025-04-01;202504;CUNDINAMARCA;BIA;3;SDL;NT3;100% OPERADOR;348,0797;62,1955;129,1811;28,6352;23,1905;36,0867;627,3687
2025-04-01;202504;HUILA;BIA;3;SDL;NT3;100% OPERADOR;337,1834;62,1955;129,1811;31,4439;21,9645;36,0867;618,055
2025-04-01;202504;META;BIA;3;SDL;NT3;100% OPERADOR;339,8315;62,1955;79,8218;26,8653;22,9875;36,0867;567,7883
2025-04-01;202504;NARIÑO;BIA;3;SDL;NT3;100% OPERADOR;319,7922;62,1955;94,9269;31,4274;15,6633;36,0867;560,092
2025-04-01;202504;NORTE SANTANDER;BIA;3;SDL;NT3;100% OPERADOR;339,3287;62,1955;91,379;26,8631;25,0863;36,0867;580,9392
2025-04-01;202504;PEREIRA;BIA;3;SDL;NT3;100% OPERADOR;349,2399;62,1955;91,379;27,1128;23,6164;36,0867;589,6302
2025-04-01;202504;QUINDÍO;BIA;3;SDL;NT3;100% OPERADOR;344,7921;62,1955;91,379;28,9574;21,7365;36,0867;585,1471
2025-04-01;202504;SANTANDER;BIA;3;SDL;NT3;100% OPERADOR;340,5548;62,1955;91,379;30,8837;21,3996;36,0867;582,4992
2025-04-01;202504;TOLIMA;BIA;3;SDL;NT3;100% OPERADOR;336,1397;62,1955;129,1811;27,6442;29,6847;36,0867;620,9319
2025-04-01;202504;TULUA;BIA;3;SDL;NT3;100% OPERADOR;347,3823;62,1955;94,9269;30,2698;21,1293;36,0867;591,9904
2025-04-01;202504;VALLE;BIA;3;SDL;NT3;100% OPERADOR;339,9469;62,1955;94,9269;28,5229;24,0731;36,0867;585,7519
2025-04-01;202504;YUMBO;BIA;3;SDL;NT3;100% OPERADOR;346,5377;62,1955;94,9269;27,5039;24,6077;36,0867;591,8584
2025-05-01;202505;ANTIOQUIA;BIA;1;SDL;NT1;100% OPERADOR;346,675;56,7575;326,9453;27,7716;70,4895;37,6103;866,2493
2025-05-01;202505;BOGOTÁ;BIA;1;SDL;NT1;100% OPERADOR;348,6575;56,7575;299,0111;28,5973;68,3397;37,6103;838,9734
2025-05-01;202505;BOYACÁ;BIA;1;SDL;NT1;100% OPERADOR;329,4196;56,7575;299,0111;28,8981;72,0515;37,6103;823,7481
2025-05-01;202505;CALDAS;BIA;1;SDL;NT1;100% OPERADOR;334,9523;56,7575;326,9453;32,024;63,9708;37,6103;852,2602
2025-05-01;202505;CALI;BIA;1;SDL;NT1;100% OPERADOR;347,1323;56,7575;261,038;26,5326;55,8227;37,6103;784,8934
2025-05-01;202505;CARIBE MAR;BIA;1;SDL;NT1;100% OPERADOR;343,6361;56,7575;204,807;28,2069;140,8677;37,6103;811,8855
2025-05-01;202505;CARIBE SOL;BIA;1;SDL;NT1;100% OPERADOR;343,6795;56,7575;128,9862;24,7807;100,9399;37,6103;692,7542
2025-05-01;202505;CARTAGO;BIA;1;SDL;NT1;100% OPERADOR;350,2299;56,7575;261,038;31,3914;78,605;37,6103;815,632
2025-05-01;202505;CASANARE;BIA;1;SDL;NT1;100% OPERADOR;329,4096;56,7575;262,4731;27,5923;79,8058;37,6103;793,6487
2025-05-01;202505;CAUCA;BIA;1;SDL;NT1;100% OPERADOR;333,0043;56,7575;261,038;30,508;74,2014;37,6103;793,1194
2025-05-01;202505;CUNDINAMARCA;BIA;1;SDL;NT1;100% OPERADOR;348,6575;56,7575;299,0111;28,5973;68,3397;37,6103;838,9734
2025-05-01;202505;HUILA;BIA;1;SDL;NT1;100% OPERADOR;337,8388;56,7575;299,0111;31,2958;70,4101;37,6103;832,9236
2025-05-01;202505;META;BIA;1;SDL;NT1;100% OPERADOR;340,4754;56,7575;262,4731;27,2671;62,5125;37,6103;787,0959
2025-05-01;202505;NARIÑO;BIA;1;SDL;NT1;100% OPERADOR;320,5964;56,7575;261,038;30,2331;62,591;37,6103;768,8262
2025-05-01;202505;NORTE SANTANDER;BIA;1;SDL;NT1;100% OPERADOR;339,9766;56,7575;326,9453;27,2694;72,7719;37,6103;861,3311
2025-05-01;202505;PEREIRA;BIA;1;SDL;NT1;100% OPERADOR;349,8087;56,7575;326,9453;27,2202;63,0836;37,6103;861,4257
2025-05-01;202505;QUINDÍO;BIA;1;SDL;NT1;100% OPERADOR;345,3965;56,7575;326,9453;29,1538;64,9969;37,6103;860,8602
2025-05-01;202505;SANTANDER;BIA;1;SDL;NT1;100% OPERADOR;341,1929;56,7575;326,9453;31,2009;74,1164;37,6103;867,8234
2025-05-01;202505;TOLIMA;BIA;1;SDL;NT1;100% OPERADOR;336,8131;56,7575;299,0111;27,3243;85,736;37,6103;843,2524
2025-05-01;202505;TULUA;BIA;1;SDL;NT1;100% OPERADOR;347,9659;56,7575;261,038;29,0776;62,6379;37,6103;795,0872
2025-05-01;202505;VALLE;BIA;1;SDL;NT1;100% OPERADOR;340,5876;56,7575;261,038;27,8926;64,7525;37,6103;788,6385
2025-05-01;202505;YUMBO;BIA;1;SDL;NT1;100% OPERADOR;347,1323;56,7575;261,038;26,5326;55,8227;37,6103;784,8934
2025-05-01;202505;ANTIOQUIA;BIA;2;SDL;NT2;100% OPERADOR;346,675;56,7575;206,2744;27,7716;21,0965;37,6103;696,1853
2025-05-01;202505;BOGOTÁ;BIA;2;SDL;NT2;100% OPERADOR;348,6575;56,7575;188,3506;28,5973;22,8095;37,6103;682,7828
2025-05-01;202505;BOYACÁ;BIA;2;SDL;NT2;100% OPERADOR;329,4196;56,7575;188,3506;28,8981;20,288;37,6103;661,3241
2025-05-01;202505;CALDAS;BIA;2;SDL;NT2;100% OPERADOR;334,9523;56,7575;206,2744;32,024;28,8801;37,6103;696,4986
2025-05-01;202505;CALI;BIA;2;SDL;NT2;100% OPERADOR;347,1323;56,7575;153,1842;26,5326;25,2185;37,6103;646,4354
2025-05-01;202505;CARIBE MAR;BIA;2;SDL;NT2;100% OPERADOR;343,6361;56,7575;131,7138;28,2069;42,0454;37,6103;639,97
2025-05-01;202505;CARIBE SOL;BIA;2;SDL;NT2;100% OPERADOR;343,6795;56,7575;86,2877;24,7807;43,8456;37,6103;592,9613
2025-05-01;202505;CARTAGO;BIA;2;SDL;NT2;100% OPERADOR;350,2299;56,7575;153,1842;31,3914;27,2278;37,6103;656,4011
2025-05-01;202505;CASANARE;BIA;2;SDL;NT2;100% OPERADOR;329,4096;56,7575;181,0986;27,5923;33,527;37,6103;665,9952
2025-05-01;202505;CAUCA;BIA;2;SDL;NT2;100% OPERADOR;333,0043;56,7575;153,1842;30,508;29,0882;37,6103;640,1525
2025-05-01;202505;CUNDINAMARCA;BIA;2;SDL;NT2;100% OPERADOR;348,6575;56,7575;188,3506;28,5973;22,8095;37,6103;682,7828
2025-05-01;202505;HUILA;BIA;2;SDL;NT2;100% OPERADOR;337,8388;56,7575;188,3506;31,2958;27,3915;37,6103;679,2445
2025-05-01;202505;META;BIA;2;SDL;NT2;100% OPERADOR;340,4754;56,7575;181,0986;27,2671;28,107;37,6103;671,3158
2025-05-01;202505;NARIÑO;BIA;2;SDL;NT2;100% OPERADOR;320,5964;56,7575;153,1842;30,2331;21,1092;37,6103;619,4907
2025-05-01;202505;NORTE SANTANDER;BIA;2;SDL;NT2;100% OPERADOR;339,9766;56,7575;206,2744;27,2694;23,3212;37,6103;691,2095
2025-05-01;202505;PEREIRA;BIA;2;SDL;NT2;100% OPERADOR;349,8087;56,7575;206,2744;27,2202;25,8657;37,6103;703,5369
2025-05-01;202505;QUINDÍO;BIA;2;SDL;NT2;100% OPERADOR;345,3965;56,7575;206,2744;29,1538;27,2945;37,6103;702,4869
2025-05-01;202505;SANTANDER;BIA;2;SDL;NT2;100% OPERADOR;341,1929;56,7575;206,2744;31,2009;26,8842;37,6103;699,9202
2025-05-01;202505;TOLIMA;BIA;2;SDL;NT2;100% OPERADOR;336,8131;56,7575;188,3506;27,3243;38,3104;37,6103;685,1662
2025-05-01;202505;TULUA;BIA;2;SDL;NT2;100% OPERADOR;347,9659;56,7575;153,1842;29,0776;26,2674;37,6103;650,8629
2025-05-01;202505;VALLE;BIA;2;SDL;NT2;100% OPERADOR;340,5876;56,7575;153,1842;27,8926;26,9965;37,6103;643,0287
2025-05-01;202505;YUMBO;BIA;2;SDL;NT2;100% OPERADOR;347,1323;56,7575;153,1842;26,5326;25,2185;37,6103;646,4354
2025-05-01;202505;ANTIOQUIA;BIA;3;SDL;NT3;100% OPERADOR;346,675;56,7575;90,8879;27,7716;18,728;37,6103;578,4303
2025-05-01;202505;BOGOTÁ;BIA;3;SDL;NT3;100% OPERADOR;348,6575;56,7575;127,3489;28,5973;22,1102;37,6103;621,0818
2025-05-01;202505;BOYACÁ;BIA;3;SDL;NT3;100% OPERADOR;329,4196;56,7575;127,3489;28,8981;17,2193;37,6103;597,2537
2025-05-01;202505;CALDAS;BIA;3;SDL;NT3;100% OPERADOR;334,9523;56,7575;90,8879;32,024;21,306;37,6103;573,5379
2025-05-01;202505;CALI;BIA;3;SDL;NT3;100% OPERADOR;347,1323;56,7575;94,3738;26,5326;23,5071;37,6103;585,9136
2025-05-01;202505;CARIBE MAR;BIA;3;SDL;NT3;100% OPERADOR;343,6361;56,7575;99,8176;28,2069;30,4463;37,6103;596,4747
2025-05-01;202505;CARIBE SOL;BIA;3;SDL;NT3;100% OPERADOR;343,6795;56,7575;62,6232;24,7807;39,8044;37,6103;565,2557
2025-05-01;202505;CARTAGO;BIA;3;SDL;NT3;100% OPERADOR;350,2299;56,7575;94,3738;31,3914;22,6099;37,6103;592,9728
2025-05-01;202505;CASANARE;BIA;3;SDL;NT3;100% OPERADOR;329,4096;56,7575;79,7306;27,5923;29,0103;37,6103;560,1107
2025-05-01;202505;CAUCA;BIA;3;SDL;NT3;100% OPERADOR;333,0043;56,7575;94,3738;30,508;24,4939;37,6103;576,7477
2025-05-01;202505;CUNDINAMARCA;BIA;3;SDL;NT3;100% OPERADOR;348,6575;56,7575;127,3489;28,5973;22,1102;37,6103;621,0818
2025-05-01;202505;HUILA;BIA;3;SDL;NT3;100% OPERADOR;337,8388;56,7575;127,3489;31,2958;20,9529;37,6103;611,8042
2025-05-01;202505;META;BIA;3;SDL;NT3;100% OPERADOR;340,4754;56,7575;79,7306;27,2671;21,8703;37,6103;563,7112
2025-05-01;202505;NARIÑO;BIA;3;SDL;NT3;100% OPERADOR;320,5964;56,7575;94,3738;30,2331;14,7331;37,6103;554,3041
2025-05-01;202505;NORTE SANTANDER;BIA;3;SDL;NT3;100% OPERADOR;339,9766;56,7575;90,8879;27,2694;24,0038;37,6103;576,5055
2025-05-01;202505;PEREIRA;BIA;3;SDL;NT3;100% OPERADOR;349,8087;56,7575;90,8879;27,2202;22,5516;37,6103;584,8361
2025-05-01;202505;QUINDÍO;BIA;3;SDL;NT3;100% OPERADOR;345,3965;56,7575;90,8879;29,1538;20,6803;37,6103;580,4861
2025-05-01;202505;SANTANDER;BIA;3;SDL;NT3;100% OPERADOR;341,1929;56,7575;90,8879;31,2009;20,3486;37,6103;577,998
2025-05-01;202505;TOLIMA;BIA;3;SDL;NT3;100% OPERADOR;336,8131;56,7575;127,3489;27,3243;28,4989;37,6103;614,353
2025-05-01;202505;TULUA;BIA;3;SDL;NT3;100% OPERADOR;347,9659;56,7575;94,3738;29,0776;20,0758;37,6103;585,8608
2025-05-01;202505;VALLE;BIA;3;SDL;NT3;100% OPERADOR;340,5876;56,7575;94,3738;27,8926;22,9802;37,6103;580,202
2025-05-01;202505;YUMBO;BIA;3;SDL;NT3;100% OPERADOR;347,1323;56,7575;94,3738;26,5326;23,5071;37,6103;585,9136
2025-06-01;202506;ANTIOQUIA;BIA;1;SDL;NT1;100% OPERADOR;351,5557;54,6881;310,999;27,5739;71,1633;47,0434;863,0235
2025-06-01;202506;BOGOTÁ;BIA;1;SDL;NT1;100% OPERADOR;353,7666;54,6881;299,8483;28,6711;69,0123;47,0434;853,0299
2025-06-01;202506;BOYACÁ;BIA;1;SDL;NT1;100% OPERADOR;331,9533;54,6881;299,8483;28,9861;72,3179;47,0434;834,8372
2025-06-01;202506;CALDAS;BIA;1;SDL;NT1;100% OPERADOR;338,2479;54,6881;310,999;32,7071;64,3535;47,0434;848,0391
2025-06-01;202506;CALI;BIA;1;SDL;NT1;100% OPERADOR;352,0757;54,6881;266,0141;26,5861;56,3731;47,0434;802,7807
2025-06-01;202506;CARIBE MAR;BIA;1;SDL;NT1;100% OPERADOR;348,1077;54,6881;187,6766;28,0791;124,4674;47,0434;790,0624
2025-06-01;202506;CARIBE SOL;BIA;1;SDL;NT1;100% OPERADOR;348,1077;54,6881;115,0226;24,5825;85,1452;47,0434;674,5896
2025-06-01;202506;CARTAGO;BIA;1;SDL;NT1;100% OPERADOR;355,5995;54,6881;266,0141;31,6046;79,3937;47,0434;834,3436
2025-06-01;202506;CASANARE;BIA;1;SDL;NT1;100% OPERADOR;331,9528;54,6881;255,5851;25,6698;80,1381;47,0434;795,0774
2025-06-01;202506;CAUCA;BIA;1;SDL;NT1;100% OPERADOR;336,0353;54,6881;266,0141;31,1442;74,5152;47,0434;809,4405
2025-06-01;202506;CUNDINAMARCA;BIA;1;SDL;NT1;100% OPERADOR;353,7666;54,6881;299,8483;28,6711;69,0123;47,0434;853,0299
2025-06-01;202506;HUILA;BIA;1;SDL;NT1;100% OPERADOR;341,5067;54,6881;299,8483;31,3159;70,8406;47,0434;845,2431
2025-06-01;202506;META;BIA;1;SDL;NT1;100% OPERADOR;344,5208;54,6881;255,5851;27,435;62,948;47,0434;792,2205
2025-06-01;202506;NARIÑO;BIA;1;SDL;NT1;100% OPERADOR;321,9385;54,6881;266,0141;30,2331;62,6423;47,0434;782,5595
2025-06-01;202506;NORTE SANTANDER;BIA;1;SDL;NT1;100% OPERADOR;343,9543;54,6881;310,999;27,4796;73,3161;47,0434;857,4805
2025-06-01;202506;PEREIRA;BIA;1;SDL;NT1;100% OPERADOR;355,1212;54,6881;310,999;27,4849;63,7083;47,0434;859,0449
2025-06-01;202506;QUINDÍO;BIA;1;SDL;NT1;100% OPERADOR;350,1099;54,6881;310,999;28,7909;65,5594;47,0434;857,1907
2025-06-01;202506;SANTANDER;BIA;1;SDL;NT1;100% OPERADOR;345,3357;54,6881;310,999;31,3817;74,687;47,0434;864,135
2025-06-01;202506;TOLIMA;BIA;1;SDL;NT1;100% OPERADOR;340,3613;54,6881;299,8483;27,3849;86,3129;47,0434;855,6391
2025-06-01;202506;TULUA;BIA;1;SDL;NT1;100% OPERADOR;353,0282;54,6881;266,0141;28,9642;63,3065;47,0434;813,0446
2025-06-01;202506;VALLE;BIA;1;SDL;NT1;100% OPERADOR;344,636;54,6881;266,0141;27,8249;65,8823;47,0434;806,0889
2025-06-01;202506;YUMBO;BIA;1;SDL;NT1;100% OPERADOR;352,0757;54,6881;266,0141;26,5861;56,3731;47,0434;802,7807
2025-06-01;202506;ANTIOQUIA;BIA;2;SDL;NT2;100% OPERADOR;351,5557;54,6881;198,8052;27,5739;21,4133;47,0434;701,0797
2025-06-01;202506;BOGOTÁ;BIA;2;SDL;NT2;100% OPERADOR;353,7666;54,6881;187,5697;28,6711;23,1305;47,0434;694,8695
2025-06-01;202506;BOYACÁ;BIA;2;SDL;NT2;100% OPERADOR;331,9533;54,6881;187,5697;28,9861;20,4825;47,0434;670,7232
2025-06-01;202506;CALDAS;BIA;2;SDL;NT2;100% OPERADOR;338,2479;54,6881;198,8052;32,7071;29,1455;47,0434;700,6372
2025-06-01;202506;CALI;BIA;2;SDL;NT2;100% OPERADOR;352,0757;54,6881;154,2833;26,5861;25,545;47,0434;660,2218
2025-06-01;202506;CARIBE MAR;BIA;2;SDL;NT2;100% OPERADOR;348,1077;54,6881;118,0373;28,0791;25,0991;47,0434;621,0548
2025-06-01;202506;CARIBE SOL;BIA;2;SDL;NT2;100% OPERADOR;348,1077;54,6881;74,5235;24,5825;27,7387;47,0434;576,684
2025-06-01;202506;CARTAGO;BIA;2;SDL;NT2;100% OPERADOR;355,5995;54,6881;154,2833;31,6046;27,5904;47,0434;670,8094
2025-06-01;202506;CASANARE;BIA;2;SDL;NT2;100% OPERADOR;331,9528;54,6881;178,7218;25,6698;33,7922;47,0434;671,8681
2025-06-01;202506;CAUCA;BIA;2;SDL;NT2;100% OPERADOR;336,0353;54,6881;154,2833;31,1442;29,2816;47,0434;652,476
2025-06-01;202506;CUNDINAMARCA;BIA;2;SDL;NT2;100% OPERADOR;353,7666;54,6881;187,5697;28,6711;23,1305;47,0434;694,8695
2025-06-01;202506;HUILA;BIA;2;SDL;NT2;100% OPERADOR;341,5067;54,6881;187,5697;31,3159;27,6388;47,0434;689,7627
2025-06-01;202506;META;BIA;2;SDL;NT2;100% OPERADOR;344,5208;54,6881;178,7218;27,435;28,3641;47,0434;680,7733
2025-06-01;202506;NARIÑO;BIA;2;SDL;NT2;100% OPERADOR;321,9385;54,6881;154,2833;30,2331;21,2323;47,0434;629,4187
2025-06-01;202506;NORTE SANTANDER;BIA;2;SDL;NT2;100% OPERADOR;343,9543;54,6881;198,8052;27,4796;23,6162;47,0434;695,5869
2025-06-01;202506;PEREIRA;BIA;2;SDL;NT2;100% OPERADOR;355,1212;54,6881;198,8052;27,4849;26,1851;47,0434;709,328
2025-06-01;202506;QUINDÍO;BIA;2;SDL;NT2;100% OPERADOR;350,1099;54,6881;198,8052;28,7909;27,6009;47,0434;707,0384
2025-06-01;202506;SANTANDER;BIA;2;SDL;NT2;100% OPERADOR;345,3357;54,6881;198,8052;31,3817;27,1987;47,0434;704,4529
2025-06-01;202506;TOLIMA;BIA;2;SDL;NT2;100% OPERADOR;340,3613;54,6881;187,5697;27,3849;38,615;47,0434;695,6626
2025-06-01;202506;TULUA;BIA;2;SDL;NT2;100% OPERADOR;353,0282;54,6881;154,2833;28,9642;26,6591;47,0434;664,6663
2025-06-01;202506;VALLE;BIA;2;SDL;NT2;100% OPERADOR;344,636;54,6881;154,2833;27,8249;27,9316;47,0434;656,4074
2025-06-01;202506;YUMBO;BIA;2;SDL;NT2;100% OPERADOR;352,0757;54,6881;154,2833;26,5861;25,545;47,0434;660,2218
2025-06-01;202506;ANTIOQUIA;BIA;3;SDL;NT3;100% OPERADOR;351,5557;54,6881;88,6491;27,5739;18,9491;47,0434;588,4594
2025-06-01;202506;BOGOTÁ;BIA;3;SDL;NT3;100% OPERADOR;353,7666;54,6881;126,9278;28,6711;22,4097;47,0434;633,5068
2025-06-01;202506;BOYACÁ;BIA;3;SDL;NT3;100% OPERADOR;331,9533;54,6881;126,9278;28,9861;17,4149;47,0434;607,0137
2025-06-01;202506;CALDAS;BIA;3;SDL;NT3;100% OPERADOR;338,2479;54,6881;88,6491;32,7071;21,5459;47,0434;582,8816
2025-06-01;202506;CALI;BIA;3;SDL;NT3;100% OPERADOR;352,0757;54,6881;95,1502;26,5861;23,8324;47,0434;599,376
2025-06-01;202506;CARIBE MAR;BIA;3;SDL;NT3;100% OPERADOR;348,1077;54,6881;86,8195;28,0791;13,4449;47,0434;578,1828
2025-06-01;202506;CARIBE SOL;BIA;3;SDL;NT3;100% OPERADOR;348,1077;54,6881;53,1668;24,5825;23,6731;47,0434;551,2618
2025-06-01;202506;CARTAGO;BIA;3;SDL;NT3;100% OPERADOR;355,5995;54,6881;95,1502;31,6046;22,946;47,0434;607,0319
2025-06-01;202506;CASANARE;BIA;3;SDL;NT3;100% OPERADOR;331,9528;54,6881;78,9687;25,6698;29,2624;47,0434;567,5852
2025-06-01;202506;CAUCA;BIA;3;SDL;NT3;100% OPERADOR;336,0353;54,6881;95,1502;31,1442;24,6763;47,0434;588,7376
2025-06-01;202506;CUNDINAMARCA;BIA;3;SDL;NT3;100% OPERADOR;353,7666;54,6881;126,9278;28,6711;22,4097;47,0434;633,5068
2025-06-01;202506;HUILA;BIA;3;SDL;NT3;100% OPERADOR;341,5067;54,6881;126,9278;31,3159;21,1725;47,0434;622,6545
2025-06-01;202506;META;BIA;3;SDL;NT3;100% OPERADOR;344,5208;54,6881;78,9687;27,435;22,0959;47,0434;574,752
2025-06-01;202506;NARIÑO;BIA;3;SDL;NT3;100% OPERADOR;321,9385;54,6881;95,1502;30,2331;14,869;47,0434;563,9223
2025-06-01;202506;NORTE SANTANDER;BIA;3;SDL;NT3;100% OPERADOR;343,9543;54,6881;88,6491;27,4796;24,2726;47,0434;586,0872
2025-06-01;202506;PEREIRA;BIA;3;SDL;NT3;100% OPERADOR;355,1212;54,6881;88,6491;27,4849;22,8437;47,0434;595,8305
2025-06-01;202506;QUINDÍO;BIA;3;SDL;NT3;100% OPERADOR;350,1099;54,6881;88,6491;28,7909;20,9416;47,0434;590,2231
2025-06-01;202506;SANTANDER;BIA;3;SDL;NT3;100% OPERADOR;345,3357;54,6881;88,6491;31,3817;20,6263;47,0434;587,7244
2025-06-01;202506;TOLIMA;BIA;3;SDL;NT3;100% OPERADOR;340,3613;54,6881;126,9278;27,3849;28,7502;47,0434;625,1559
2025-06-01;202506;TULUA;BIA;3;SDL;NT3;100% OPERADOR;353,0282;54,6881;95,1502;28,9642;20,4202;47,0434;599,2943
2025-06-01;202506;VALLE;BIA;3;SDL;NT3;100% OPERADOR;344,636;54,6881;95,1502;27,8249;23,9021;47,0434;593,2448
2025-06-01;202506;YUMBO;BIA;3;SDL;NT3;100% OPERADOR;352,0757;54,6881;95,1502;26,5861;23,8324;47,0434;599,376
2025-07-01;202507;ANTIOQUIA;BIA;1;SDL;NT1;100% OPERADOR;325,3128;53,8357;308,5816;27,8576;66,7123;26,2408;808,5406
2025-07-01;202507;BOGOTÁ;BIA;1;SDL;NT1;100% OPERADOR;327,4748;53,8357;296,3262;29,4015;64,6955;26,2408;797,9744
2025-07-01;202507;BOYACÁ;BIA;1;SDL;NT1;100% OPERADOR;306,1444;53,8357;296,3262;30,0686;67,3843;26,2408;779,9999
2025-07-01;202507;CALDAS;BIA;1;SDL;NT1;100% OPERADOR;312,2996;53,8357;308,5816;33,4828;60,3644;26,2408;794,8048
2025-07-01;202507;CALI;BIA;1;SDL;NT1;100% OPERADOR;325,8213;53,8357;273,2111;26,6144;52,8778;26,2408;758,601
2025-07-01;202507;CARIBE MAR;BIA;1;SDL;NT1;100% OPERADOR;321,9412;53,8357;200,7297;27,8909;115,4614;26,2408;746,0996
2025-07-01;202507;CARIBE SOL;BIA;1;SDL;NT1;100% OPERADOR;321,9412;53,8357;126,7303;24,3113;79,7011;26,2408;632,7602
2025-07-01;202507;CARTAGO;BIA;1;SDL;NT1;100% OPERADOR;329,2671;53,8357;273,2111;32,6107;74,3564;26,2408;789,5218
2025-07-01;202507;CASANARE;BIA;1;SDL;NT1;100% OPERADOR;306,1439;53,8357;265,8287;26,5057;75,628;26,2408;754,1827
2025-07-01;202507;CAUCA;BIA;1;SDL;NT1;100% OPERADOR;310,1361;53,8357;273,2111;31,624;69,6359;26,2408;764,6835
2025-07-01;202507;CUNDINAMARCA;BIA;1;SDL;NT1;100% OPERADOR;327,4748;53,8357;296,3262;29,4015;64,6955;26,2408;797,9744
2025-07-01;202507;HUILA;BIA;1;SDL;NT1;100% OPERADOR;315,4863;53,8357;296,3262;32,0553;66,7216;26,2408;790,6658
2025-07-01;202507;META;BIA;1;SDL;NT1;100% OPERADOR;318,4337;53,8357;265,8287;28,0926;58,8811;26,2408;751,3125
2025-07-01;202507;NARIÑO;BIA;1;SDL;NT1;100% OPERADOR;296,3513;53,8357;273,2111;30,9948;58,4176;26,2408;739,0512
2025-07-01;202507;NORTE SANTANDER;BIA;1;SDL;NT1;100% OPERADOR;317,8797;53,8357;308,5816;27,9651;68,5831;26,2408;803,0859
2025-07-01;202507;PEREIRA;BIA;1;SDL;NT1;100% OPERADOR;328,7993;53,8357;308,5816;27,8173;59,8699;26,2408;805,1445
2025-07-01;202507;QUINDÍO;BIA;1;SDL;NT1;100% OPERADOR;323,899;53,8357;308,5816;29,0269;61,4704;26,2408;803,0543
2025-07-01;202507;SANTANDER;BIA;1;SDL;NT1;100% OPERADOR;319,2305;53,8357;308,5816;31,5987;69,8683;26,2408;809,3555
2025-07-01;202507;TOLIMA;BIA;1;SDL;NT1;100% OPERADOR;314,3663;53,8357;296,3262;28,1949;80,9021;26,2408;799,8659
2025-07-01;202507;TULUA;BIA;1;SDL;NT1;100% OPERADOR;326,7527;53,8357;273,2111;29,8155;59,2876;26,2408;769,1433
2025-07-01;202507;VALLE;BIA;1;SDL;NT1;100% OPERADOR;318,5464;53,8357;273,2111;28,6643;61,6951;26,2408;762,1933
2025-07-01;202507;YUMBO;BIA;1;SDL;NT1;100% OPERADOR;325,8213;53,8357;273,2111;26,6144;52,8778;26,2408;758,601
2025-07-01;202507;ANTIOQUIA;BIA;2;SDL;NT2;100% OPERADOR;325,3128;53,8357;202,8152;27,8576;20,2689;26,2408;656,3308
2025-07-01;202507;BOGOTÁ;BIA;2;SDL;NT2;100% OPERADOR;327,4748;53,8357;193,1473;29,4015;21,851;26,2408;651,951
2025-07-01;202507;BOYACÁ;BIA;2;SDL;NT2;100% OPERADOR;306,1444;53,8357;193,1473;30,0686;19,1137;26,2408;628,5503
2025-07-01;202507;CALDAS;BIA;2;SDL;NT2;100% OPERADOR;312,2996;53,8357;202,8152;33,4828;27,5513;26,2408;656,2252
2025-07-01;202507;CALI;BIA;2;SDL;NT2;100% OPERADOR;325,8213;53,8357;159,9797;26,6144;24,0978;26,2408;616,5895
2025-07-01;202507;CARIBE MAR;BIA;2;SDL;NT2;100% OPERADOR;321,9412;53,8357;128,8774;27,8909;22,702;26,2408;581,4879
2025-07-01;202507;CARIBE SOL;BIA;2;SDL;NT2;100% OPERADOR;321,9412;53,8357;85,1842;24,3113;26,1145;26,2408;537,6276
2025-07-01;202507;CARTAGO;BIA;2;SDL;NT2;100% OPERADOR;329,2671;53,8357;159,9797;32,6107;25,9744;26,2408;627,9083
2025-07-01;202507;CASANARE;BIA;2;SDL;NT2;100% OPERADOR;306,1439;53,8357;181,1724;26,5057;32,4689;26,2408;626,3674
2025-07-01;202507;CAUCA;BIA;2;SDL;NT2;100% OPERADOR;310,1361;53,8357;159,9797;31,624;27,4916;26,2408;609,3077
2025-07-01;202507;CUNDINAMARCA;BIA;2;SDL;NT2;100% OPERADOR;327,4748;53,8357;193,1473;29,4015;21,851;26,2408;651,951
2025-07-01;202507;HUILA;BIA;2;SDL;NT2;100% OPERADOR;315,4863;53,8357;193,1473;32,0553;26,4416;26,2408;647,2069
2025-07-01;202507;META;BIA;2;SDL;NT2;100% OPERADOR;318,4337;53,8357;181,1724;28,0926;26,6243;26,2408;634,3995
2025-07-01;202507;NARIÑO;BIA;2;SDL;NT2;100% OPERADOR;296,3513;53,8357;159,9797;30,9948;19,9076;26,2408;587,3097
2025-07-01;202507;NORTE SANTANDER;BIA;2;SDL;NT2;100% OPERADOR;317,8797;53,8357;202,8152;27,9651;22,2295;26,2408;650,9659
2025-07-01;202507;PEREIRA;BIA;2;SDL;NT2;100% OPERADOR;328,7993;53,8357;202,8152;27,8173;24,8272;26,2408;664,3355
2025-07-01;202507;QUINDÍO;BIA;2;SDL;NT2;100% OPERADOR;323,899;53,8357;202,8152;29,0269;26,042;26,2408;661,8595
2025-07-01;202507;SANTANDER;BIA;2;SDL;NT2;100% OPERADOR;319,2305;53,8357;202,8152;31,5987;25,5706;26,2408;659,2914
2025-07-01;202507;TOLIMA;BIA;2;SDL;NT2;100% OPERADOR;314,3663;53,8357;193,1473;28,1949;36,3886;26,2408;652,1735
2025-07-01;202507;TULUA;BIA;2;SDL;NT2;100% OPERADOR;326,7527;53,8357;159,9797;29,8155;25,0709;26,2408;621,6952
2025-07-01;202507;VALLE;BIA;2;SDL;NT2;100% OPERADOR;318,5464;53,8357;159,9797;28,6643;26,2979;26,2408;613,5646
2025-07-01;202507;YUMBO;BIA;2;SDL;NT2;100% OPERADOR;325,8213;53,8357;159,9797;26,6144;24,0978;26,2408;616,5895
2025-07-01;202507;ANTIOQUIA;BIA;3;SDL;NT3;100% OPERADOR;325,3128;53,8357;89,8152;27,8576;17,9851;26,2408;541,047
2025-07-01;202507;BOGOTÁ;BIA;3;SDL;NT3;100% OPERADOR;327,4748;53,8357;130,569;29,4015;21,1654;26,2408;588,6871
2025-07-01;202507;BOYACÁ;BIA;3;SDL;NT3;100% OPERADOR;306,1444;53,8357;130,569;30,0686;16,2566;26,2408;563,1149
2025-07-01;202507;CALDAS;BIA;3;SDL;NT3;100% OPERADOR;312,2996;53,8357;89,8152;33,4828;20,4687;26,2408;536,1427
2025-07-01;202507;CALI;BIA;3;SDL;NT3;100% OPERADOR;325,8213;53,8357;98,8313;26,6144;22,4953;26,2408;553,8387
2025-07-01;202507;CARIBE MAR;BIA;3;SDL;NT3;100% OPERADOR;321,9412;53,8357;97,5002;27,8909;11,8198;26,2408;539,2285
2025-07-01;202507;CARIBE SOL;BIA;3;SDL;NT3;100% OPERADOR;321,9412;53,8357;63,9011;24,3113;22,3162;26,2408;512,5461
2025-07-01;202507;CARTAGO;BIA;3;SDL;NT3;100% OPERADOR;329,2671;53,8357;98,8313;32,6107;21,6389;26,2408;562,4245
2025-07-01;202507;CASANARE;BIA;3;SDL;NT3;100% OPERADOR;306,1439;53,8357;80,7835;26,5057;28,244;26,2408;521,7535
2025-07-01;202507;CAUCA;BIA;3;SDL;NT3;100% OPERADOR;310,1361;53,8357;98,8313;31,624;23,208;26,2408;543,8758
2025-07-01;202507;CUNDINAMARCA;BIA;3;SDL;NT3;100% OPERADOR;327,4748;53,8357;130,569;29,4015;21,1654;26,2408;588,6871
2025-07-01;202507;HUILA;BIA;3;SDL;NT3;100% OPERADOR;315,4863;53,8357;130,569;32,0553;20,4129;26,2408;578,5999
2025-07-01;202507;META;BIA;3;SDL;NT3;100% OPERADOR;318,4337;53,8357;80,7835;28,0926;20,7795;26,2408;528,1657
2025-07-01;202507;NARIÑO;BIA;3;SDL;NT3;100% OPERADOR;296,3513;53,8357;98,8313;30,9948;13,9891;26,2408;520,2429
2025-07-01;202507;NORTE SANTANDER;BIA;3;SDL;NT3;100% OPERADOR;317,8797;53,8357;89,8152;27,9651;22,8443;26,2408;538,5806
2025-07-01;202507;PEREIRA;BIA;3;SDL;NT3;100% OPERADOR;328,7993;53,8357;89,8152;27,8173;21,7068;26,2408;548,215
2025-07-01;202507;QUINDÍO;BIA;3;SDL;NT3;100% OPERADOR;323,899;53,8357;89,8152;29,0269;19,8268;26,2408;542,6442
2025-07-01;202507;SANTANDER;BIA;3;SDL;NT3;100% OPERADOR;319,2305;53,8357;89,8152;31,5987;19,4401;26,2408;540,1609
2025-07-01;202507;TOLIMA;BIA;3;SDL;NT3;100% OPERADOR;314,3663;53,8357;130,569;28,1949;27,1789;26,2408;580,3854
2025-07-01;202507;TULUA;BIA;3;SDL;NT3;100% OPERADOR;326,7527;53,8357;98,8313;29,8155;19,246;26,2408;554,7219
2025-07-01;202507;VALLE;BIA;3;SDL;NT3;100% OPERADOR;318,5464;53,8357;98,8313;28,6643;22,5422;26,2408;548,6605
2025-07-01;202507;YUMBO;BIA;3;SDL;NT3;100% OPERADOR;325,8213;53,8357;98,8313;26,6144;22,4953;26,2408;553,8387
2025-08-01;202508;ANTIOQUIA;BIA;1;SDL;NT1;100% OPERADOR;305,6459;56,9345;320,904;25,8319;63,9405;42,6315;815,8884
2025-08-01;202508;BOGOTÁ;BIA;1;SDL;NT1;100% OPERADOR;307,8082;56,9345;290,0067;27,4045;61,9996;42,6315;786,785
2025-08-01;202508;BOYACÁ;BIA;1;SDL;NT1;100% OPERADOR;286,475;56,9345;290,0067;27,9268;64,2694;42,6315;768,2439
2025-08-01;202508;CALDAS;BIA;1;SDL;NT1;100% OPERADOR;292,6311;56,9345;320,904;30,6561;57,8594;42,6315;801,6166
2025-08-01;202508;CALI;BIA;1;SDL;NT1;100% OPERADOR;306,1545;56,9345;270,2031;25,0477;50,7026;42,6315;751,674
2025-08-01;202508;CARIBE MAR;BIA;1;SDL;NT1;100% OPERADOR;302,2738;56,9345;197,6352;26,0638;109,6164;42,6315;735,1552
2025-08-01;202508;CARIBE SOL;BIA;1;SDL;NT1;100% OPERADOR;302,2738;56,9345;123,1455;22,8225;76,1063;42,6315;623,9141
2025-08-01;202508;CARTAGO;BIA;1;SDL;NT1;100% OPERADOR;309,6008;56,9345;270,2031;30,6715;71,2114;42,6315;781,2528
2025-08-01;202508;CASANARE;BIA;1;SDL;NT1;100% OPERADOR;286,4745;56,9345;269,7064;25,1628;72,7962;42,6315;753,7059
2025-08-01;202508;CAUCA;BIA;1;SDL;NT1;100% OPERADOR;290,4672;56,9345;270,2031;30,0181;66,6516;42,6315;756,906
2025-08-01;202508;CUNDINAMARCA;BIA;1;SDL;NT1;100% OPERADOR;307,8082;56,9345;290,0067;27,4045;61,9996;42,6315;786,785
2025-08-01;202508;HUILA;BIA;1;SDL;NT1;100% OPERADOR;295,8182;56,9345;290,0067;29,8684;63,8321;42,6315;779,0913
2025-08-01;202508;META;BIA;1;SDL;NT1;100% OPERADOR;298,7659;56,9345;269,7064;26,756;56,3255;42,6315;751,1198
2025-08-01;202508;NARIÑO;BIA;1;SDL;NT1;100% OPERADOR;276,6806;56,9345;270,2031;29,1697;55,7288;42,6315;731,3482
2025-08-01;202508;NORTE SANTANDER;BIA;1;SDL;NT1;100% OPERADOR;298,2119;56,9345;320,904;25,863;65,6224;42,6315;810,1673
2025-08-01;202508;PEREIRA;BIA;1;SDL;NT1;100% OPERADOR;309,1329;56,9345;320,904;25,8795;57,4684;42,6315;812,9509
2025-08-01;202508;QUINDÍO;BIA;1;SDL;NT1;100% OPERADOR;304,232;56,9345;320,904;27,0282;58,9145;42,6315;810,6448
2025-08-01;202508;SANTANDER;BIA;1;SDL;NT1;100% OPERADOR;299,5629;56,9345;320,904;30,0681;66,8644;42,6315;816,9654
2025-08-01;202508;TOLIMA;BIA;1;SDL;NT1;100% OPERADOR;294,698;56,9345;290,0067;26,1265;77,3929;42,6315;787,7902
2025-08-01;202508;TULUA;BIA;1;SDL;NT1;100% OPERADOR;307,086;56,9345;270,2031;28,4394;56,7881;42,6315;762,0827
2025-08-01;202508;VALLE;BIA;1;SDL;NT1;100% OPERADOR;298,8786;56,9345;270,2031;27,1161;59,0705;42,6315;754,8343
2025-08-01;202508;YUMBO;BIA;1;SDL;NT1;100% OPERADOR;306,1545;56,9345;270,2031;25,0477;50,7026;42,6315;751,674
2025-08-01;202508;ANTIOQUIA;BIA;2;SDL;NT2;100% OPERADOR;305,6459;56,9345;207,0119;25,8319;19,5464;42,6315;657,6021
2025-08-01;202508;BOGOTÁ;BIA;2;SDL;NT2;100% OPERADOR;307,8082;56,9345;190,0531;27,4045;21,0349;42,6315;645,8668
2025-08-01;202508;BOYACÁ;BIA;2;SDL;NT2;100% OPERADOR;286,475;56,9345;190,0531;27,9268;18,2436;42,6315;622,2646
2025-08-01;202508;CALDAS;BIA;2;SDL;NT2;100% OPERADOR;292,6311;56,9345;207,0119;30,6561;26,5459;42,6315;656,4109
2025-08-01;202508;CALI;BIA;2;SDL;NT2;100% OPERADOR;306,1545;56,9345;157,2167;25,0477;23,1905;42,6315;611,1754
2025-08-01;202508;CARIBE MAR;BIA;2;SDL;NT2;100% OPERADOR;302,2738;56,9345;126,2947;26,0638;21,0162;42,6315;575,2146
2025-08-01;202508;CARIBE SOL;BIA;2;SDL;NT2;100% OPERADOR;302,2738;56,9345;81,9545;22,8225;24,9197;42,6315;531,5365
2025-08-01;202508;CARTAGO;BIA;2;SDL;NT2;100% OPERADOR;309,6008;56,9345;157,2167;30,6715;24,9437;42,6315;621,9987
2025-08-01;202508;CASANARE;BIA;2;SDL;NT2;100% OPERADOR;286,4745;56,9345;181,4448;25,1628;31,6432;42,6315;624,2913
2025-08-01;202508;CAUCA;BIA;2;SDL;NT2;100% OPERADOR;290,4672;56,9345;157,2167;30,0181;26,4464;42,6315;603,7144
2025-08-01;202508;CUNDINAMARCA;BIA;2;SDL;NT2;100% OPERADOR;307,8082;56,9345;190,0531;27,4045;21,0349;42,6315;645,8668
2025-08-01;202508;HUILA;BIA;2;SDL;NT2;100% OPERADOR;295,8182;56,9345;190,0531;29,8684;25,3775;42,6315;640,6832
2025-08-01;202508;META;BIA;2;SDL;NT2;100% OPERADOR;298,7659;56,9345;181,4448;26,756;25,5187;42,6315;632,0515
2025-08-01;202508;NARIÑO;BIA;2;SDL;NT2;100% OPERADOR;276,6806;56,9345;157,2167;29,1697;19,0596;42,6315;581,6927
2025-08-01;202508;NORTE SANTANDER;BIA;2;SDL;NT2;100% OPERADOR;298,2119;56,9345;207,0119;25,863;21,3552;42,6315;652,008
2025-08-01;202508;PEREIRA;BIA;2;SDL;NT2;100% OPERADOR;309,1329;56,9345;207,0119;25,8795;23,9579;42,6315;665,5482
2025-08-01;202508;QUINDÍO;BIA;2;SDL;NT2;100% OPERADOR;304,232;56,9345;207,0119;27,0282;25,0555;42,6315;662,8936
2025-08-01;202508;SANTANDER;BIA;2;SDL;NT2;100% OPERADOR;299,5629;56,9345;207,0119;30,0681;24,554;42,6315;660,7629
2025-08-01;202508;TOLIMA;BIA;2;SDL;NT2;100% OPERADOR;294,698;56,9345;190,0531;26,1265;34,9113;42,6315;645,355
2025-08-01;202508;TULUA;BIA;2;SDL;NT2;100% OPERADOR;307,086;56,9345;157,2167;28,4394;24,0758;42,6315;616,384
2025-08-01;202508;VALLE;BIA;2;SDL;NT2;100% OPERADOR;298,8786;56,9345;157,2167;27,1161;25,2651;42,6315;608,0425
2025-08-01;202508;YUMBO;BIA;2;SDL;NT2;100% OPERADOR;306,1545;56,9345;157,2167;25,0477;23,1905;42,6315;611,1754
2025-08-01;202508;ANTIOQUIA;BIA;3;SDL;NT3;100% OPERADOR;305,6459;56,9345;90,4242;25,8319;17,3441;42,6315;538,8121
2025-08-01;202508;BOGOTÁ;BIA;3;SDL;NT3;100% OPERADOR;307,8082;56,9345;126,8183;27,4045;20,3735;42,6315;581,9705
2025-08-01;202508;BOYACÁ;BIA;3;SDL;NT3;100% OPERADOR;286,475;56,9345;126,8183;27,9268;15,5186;42,6315;556,3047
2025-08-01;202508;CALDAS;BIA;3;SDL;NT3;100% OPERADOR;292,6311;56,9345;90,4242;30,6561;19,7869;42,6315;533,0642
2025-08-01;202508;CALI;BIA;3;SDL;NT3;100% OPERADOR;306,1545;56,9345;97,6253;25,0477;21,6547;42,6315;550,0482
2025-08-01;202508;CARIBE MAR;BIA;3;SDL;NT3;100% OPERADOR;302,2738;56,9345;94,798;26,0638;10,6248;42,6315;533,3264
2025-08-01;202508;CARIBE SOL;BIA;3;SDL;NT3;100% OPERADOR;302,2738;56,9345;60,8491;22,8225;21,2924;42,6315;506,8038
2025-08-01;202508;CARTAGO;BIA;3;SDL;NT3;100% OPERADOR;309,6008;56,9345;97,6253;30,6715;20,8039;42,6315;558,2675
2025-08-01;202508;CASANARE;BIA;3;SDL;NT3;100% OPERADOR;286,4745;56,9345;78,7548;25,1628;27,6083;42,6315;517,5664
2025-08-01;202508;CAUCA;BIA;3;SDL;NT3;100% OPERADOR;290,4672;56,9345;97,6253;30,0181;22,3666;42,6315;540,0432
2025-08-01;202508;CUNDINAMARCA;BIA;3;SDL;NT3;100% OPERADOR;307,8082;56,9345;126,8183;27,4045;20,3735;42,6315;581,9705
2025-08-01;202508;HUILA;BIA;3;SDL;NT3;100% OPERADOR;295,8182;56,9345;126,8183;29,8684;19,6218;42,6315;571,6926
2025-08-01;202508;META;BIA;3;SDL;NT3;100% OPERADOR;298,7659;56,9345;78,7548;26,756;19,9353;42,6315;523,778
2025-08-01;202508;NARIÑO;BIA;3;SDL;NT3;100% OPERADOR;276,6806;56,9345;97,6253;29,1697;13,4233;42,6315;516,4649
2025-08-01;202508;NORTE SANTANDER;BIA;3;SDL;NT3;100% OPERADOR;298,2119;56,9345;90,4242;25,863;21,9297;42,6315;535,9947
2025-08-01;202508;PEREIRA;BIA;3;SDL;NT3;100% OPERADOR;309,1329;56,9345;90,4242;25,8795;20,9738;42,6315;545,9764
2025-08-01;202508;QUINDÍO;BIA;3;SDL;NT3;100% OPERADOR;304,232;56,9345;90,4242;27,0282;19,1154;42,6315;540,3658
2025-08-01;202508;SANTANDER;BIA;3;SDL;NT3;100% OPERADOR;299,5629;56,9345;90,4242;30,0681;18,6978;42,6315;538,3189
2025-08-01;202508;TOLIMA;BIA;3;SDL;NT3;100% OPERADOR;294,698;56,9345;126,8183;26,1265;26,1242;42,6315;573,3331
2025-08-01;202508;TULUA;BIA;3;SDL;NT3;100% OPERADOR;307,086;56,9345;97,6253;28,4394;18,5068;42,6315;551,2236
2025-08-01;202508;VALLE;BIA;3;SDL;NT3;100% OPERADOR;298,8786;56,9345;97,6253;27,1161;21,684;42,6315;544,87
2025-08-01;202508;YUMBO;BIA;3;SDL;NT3;100% OPERADOR;306,1545;56,9345;97,6253;25,0477;21,6547;42,6315;550,0482
2025-09-01;202509;ANTIOQUIA;BIA;1;SDL;NT1;100% OPERADOR;325,8258;51,661;325,3299;26,0709;67,3855;30,4987;826,7718
2025-09-01;202509;BOGOTÁ;BIA;1;SDL;NT1;100% OPERADOR;328,0129;51,661;305,194;27,1999;65,3702;30,4987;807,9366
2025-09-01;202509;BOYACÁ;BIA;1;SDL;NT1;100% OPERADOR;306,4355;51,661;305,194;28,0287;67,9724;30,4987;789,7903
2025-09-01;202509;CALDAS;BIA;1;SDL;NT1;100% OPERADOR;312,662;51,661;325,3299;30,8111;60,9936;30,4987;811,9564
2025-09-01;202509;CALI;BIA;1;SDL;NT1;100% OPERADOR;326,3402;51,661;261,9693;24,8549;53,5928;30,4987;748,9169
2025-09-01;202509;CARIBE MAR;BIA;1;SDL;NT1;100% OPERADOR;322,4152;51,661;198,8512;25,8256;115,7478;30,4987;744,9994
2025-09-01;202509;CARIBE SOL;BIA;1;SDL;NT1;100% OPERADOR;322,4152;51,661;124,214;22,5594;80,052;30,4987;631,4002
2025-09-01;202509;CARTAGO;BIA;1;SDL;NT1;100% OPERADOR;329,8259;51,661;261,9693;30,3713;75,033;30,4987;779,3591
2025-09-01;202509;CASANARE;BIA;1;SDL;NT1;100% OPERADOR;306,435;51,661;269,4004;25,6899;64,3902;30,4987;748,0752
2025-09-01;202509;CAUCA;BIA;1;SDL;NT1;100% OPERADOR;310,4734;51,661;261,9693;29,7099;70,1129;30,4987;754,4251
2025-09-01;202509;CUNDINAMARCA;BIA;1;SDL;NT1;100% OPERADOR;328,0129;51,661;305,194;27,1999;65,3702;30,4987;807,9366
2025-09-01;202509;HUILA;BIA;1;SDL;NT1;100% OPERADOR;315,8856;51,661;305,194;29,648;68,0224;30,4987;800,9096
2025-09-01;202509;META;BIA;1;SDL;NT1;100% OPERADOR;318,8671;51,661;269,4004;26,9605;59,4232;30,4987;756,8108
2025-09-01;202509;NARIÑO;BIA;1;SDL;NT1;100% OPERADOR;296,5291;51,661;261,9693;29,0464;58,9742;30,4987;728,6785
2025-09-01;202509;NORTE SANTANDER;BIA;1;SDL;NT1;100% OPERADOR;318,3067;51,661;325,3299;25,9706;69,2633;30,4987;821,0301
2025-09-01;202509;PEREIRA;BIA;1;SDL;NT1;100% OPERADOR;329,3527;51,661;325,3299;26,1919;60,5371;30,4987;823,5713
2025-09-01;202509;QUINDÍO;BIA;1;SDL;NT1;100% OPERADOR;324,3957;51,661;325,3299;27,3515;62,1433;30,4987;821,38
2025-09-01;202509;SANTANDER;BIA;1;SDL;NT1;100% OPERADOR;319,6731;51,661;325,3299;30,3892;70,5406;30,4987;828,0926
2025-09-01;202509;TOLIMA;BIA;1;SDL;NT1;100% OPERADOR;314,7526;51,661;305,194;26,0281;81,3937;30,4987;809,5281
2025-09-01;202509;TULUA;BIA;1;SDL;NT1;100% OPERADOR;327,2824;51,661;261,9693;27,6295;59,9918;30,4987;759,0326
2025-09-01;202509;VALLE;BIA;1;SDL;NT1;100% OPERADOR;318,9811;51,661;261,9693;26,4953;62,3228;30,4987;751,928
2025-09-01;202509;YUMBO;BIA;1;SDL;NT1;100% OPERADOR;326,3402;51,661;261,9693;24,8549;53,5928;30,4987;748,9169
2025-09-01;202509;ANTIOQUIA;BIA;2;SDL;NT2;100% OPERADOR;325,8258;51,661;204,3716;26,0709;20,9817;30,4987;659,4096
2025-09-01;202509;BOGOTÁ;BIA;2;SDL;NT2;100% OPERADOR;328,0129;51,661;194,2388;27,1999;22,5594;30,4987;654,1705
2025-09-01;202509;BOYACÁ;BIA;2;SDL;NT2;100% OPERADOR;306,4355;51,661;194,2388;28,0287;19,7829;30,4987;630,6455
2025-09-01;202509;CALDAS;BIA;2;SDL;NT2;100% OPERADOR;312,662;51,661;204,3716;30,8111;28,2274;30,4987;658,2317
2025-09-01;202509;CALI;BIA;2;SDL;NT2;100% OPERADOR;326,3402;51,661;157,1169;24,8549;24,837;30,4987;615,3087
2025-09-01;202509;CARIBE MAR;BIA;2;SDL;NT2;100% OPERADOR;322,4152;51,661;127,3089;25,8256;23,1162;30,4987;580,8255
2025-09-01;202509;CARIBE SOL;BIA;2;SDL;NT2;100% OPERADOR;322,4152;51,661;82,9414;22,5594;26,551;30,4987;536,6266
2025-09-01;202509;CARTAGO;BIA;2;SDL;NT2;100% OPERADOR;329,8259;51,661;157,1169;30,3713;26,683;30,4987;626,1568
2025-09-01;202509;CASANARE;BIA;2;SDL;NT2;100% OPERADOR;306,435;51,661;186,148;25,6899;21,3041;30,4987;621,7367
2025-09-01;202509;CAUCA;BIA;2;SDL;NT2;100% OPERADOR;310,4734;51,661;157,1169;29,7099;28,034;30,4987;607,4939
2025-09-01;202509;CUNDINAMARCA;BIA;2;SDL;NT2;100% OPERADOR;328,0129;51,661;194,2388;27,1999;22,5594;30,4987;654,1705
2025-09-01;202509;HUILA;BIA;2;SDL;NT2;100% OPERADOR;315,8856;51,661;194,2388;29,648;27,7937;30,4987;649,7257
2025-09-01;202509;META;BIA;2;SDL;NT2;100% OPERADOR;318,8671;51,661;186,148;26,9605;27,2039;30,4987;641,3391
2025-09-01;202509;NARIÑO;BIA;2;SDL;NT2;100% OPERADOR;296,5291;51,661;157,1169;29,0464;20,5486;30,4987;585,4006
2025-09-01;202509;NORTE SANTANDER;BIA;2;SDL;NT2;100% OPERADOR;318,3067;51,661;204,3716;25,9706;22,9613;30,4987;653,7698
2025-09-01;202509;PEREIRA;BIA;2;SDL;NT2;100% OPERADOR;329,3527;51,661;204,3716;26,1919;25,5202;30,4987;667,596
2025-09-01;202509;QUINDÍO;BIA;2;SDL;NT2;100% OPERADOR;324,3957;51,661;204,3716;27,3515;26,7473;30,4987;665,0257
2025-09-01;202509;SANTANDER;BIA;2;SDL;NT2;100% OPERADOR;319,6731;51,661;204,3716;30,3892;26,29;30,4987;662,8836
2025-09-01;202509;TOLIMA;BIA;2;SDL;NT2;100% OPERADOR;314,7526;51,661;194,2388;26,0281;36,9178;30,4987;654,097
2025-09-01;202509;TULUA;BIA;2;SDL;NT2;100% OPERADOR;327,2824;51,661;157,1169;27,6295;25,8023;30,4987;619,9908
2025-09-01;202509;VALLE;BIA;2;SDL;NT2;100% OPERADOR;318,9811;51,661;157,1169;26,4953;26,9677;30,4987;611,7206
2025-09-01;202509;YUMBO;BIA;2;SDL;NT2;100% OPERADOR;326,3402;51,661;157,1169;24,8549;24,837;30,4987;615,3087
2025-09-01;202509;ANTIOQUIA;BIA;3;SDL;NT3;100% OPERADOR;325,8258;51,661;91,1079;26,0709;18,6453;30,4987;543,8096
2025-09-01;202509;BOGOTÁ;BIA;3;SDL;NT3;100% OPERADOR;328,0129;51,661;130,1634;27,1999;21,8718;30,4987;589,4076
2025-09-01;202509;BOYACÁ;BIA;3;SDL;NT3;100% OPERADOR;306,4355;51,661;130,1634;28,0287;16,9284;30,4987;563,7156
2025-09-01;202509;CALDAS;BIA;3;SDL;NT3;100% OPERADOR;312,662;51,661;91,1079;30,8111;21,1561;30,4987;537,8967
2025-09-01;202509;CALI;BIA;3;SDL;NT3;100% OPERADOR;326,3402;51,661;95,7968;24,8549;23,2263;30,4987;552,3778
2025-09-01;202509;CARIBE MAR;BIA;3;SDL;NT3;100% OPERADOR;322,4152;51,661;95,6977;25,8256;12,2435;30,4987;538,3416
2025-09-01;202509;CARIBE SOL;BIA;3;SDL;NT3;100% OPERADOR;322,4152;51,661;61,6408;22,5594;22,7594;30,4987;511,5345
2025-09-01;202509;CARTAGO;BIA;3;SDL;NT3;100% OPERADOR;329,8259;51,661;95,7968;30,3713;22,3616;30,4987;560,5152
2025-09-01;202509;CASANARE;BIA;3;SDL;NT3;100% OPERADOR;306,435;51,661;91,2144;25,6899;17,0759;30,4987;522,5749
2025-09-01;202509;CAUCA;BIA;3;SDL;NT3;100% OPERADOR;310,4734;51,661;95,7968;29,7099;23,772;30,4987;541,9117
2025-09-01;202509;CUNDINAMARCA;BIA;3;SDL;NT3;100% OPERADOR;328,0129;51,661;130,1634;27,1999;21,8718;30,4987;589,4076
2025-09-01;202509;HUILA;BIA;3;SDL;NT3;100% OPERADOR;315,8856;51,661;130,1634;29,648;21,7737;30,4987;579,6303
2025-09-01;202509;META;BIA;3;SDL;NT3;100% OPERADOR;318,8671;51,661;91,2144;26,9605;21,3703;30,4987;540,5719
2025-09-01;202509;NARIÑO;BIA;3;SDL;NT3;100% OPERADOR;296,5291;51,661;95,7968;29,0464;14,6423;30,4987;518,1741
2025-09-01;202509;NORTE SANTANDER;BIA;3;SDL;NT3;100% OPERADOR;318,3067;51,661;91,1079;25,9706;23,539;30,4987;541,0839
2025-09-01;202509;PEREIRA;BIA;3;SDL;NT3;100% OPERADOR;329,3527;51,661;91,1079;26,1919;22,4024;30,4987;551,2146
2025-09-01;202509;QUINDÍO;BIA;3;SDL;NT3;100% OPERADOR;324,3957;51,661;91,1079;27,3515;20,5387;30,4987;545,5534
2025-09-01;202509;SANTANDER;BIA;3;SDL;NT3;100% OPERADOR;319,6731;51,661;91,1079;30,3892;20,1605;30,4987;543,4904
2025-09-01;202509;TOLIMA;BIA;3;SDL;NT3;100% OPERADOR;314,7526;51,661;130,1634;26,0281;27,7326;30,4987;580,8364
2025-09-01;202509;TULUA;BIA;3;SDL;NT3;100% OPERADOR;327,2824;51,661;95,7968;27,6295;19,9828;30,4987;552,8512
2025-09-01;202509;VALLE;BIA;3;SDL;NT3;100% OPERADOR;318,9811;51,661;95,7968;26,4953;23,2252;30,4987;546,6579
2025-09-01;202509;YUMBO;BIA;3;SDL;NT3;100% OPERADOR;326,3402;51,661;95,7968;24,8549;23,2263;30,4987;552,3778
2025-10-01;202510;ANTIOQUIA;BIA;1;SDL;NT1;100% OPERADOR;336,9451;52,9668;314,638;26,4935;69,347;24,7334;825,1238
2025-10-01;202510;BOGOTÁ;BIA;1;SDL;NT1;100% OPERADOR;339,1595;52,9668;307,9335;28,096;67,3141;24,7334;820,2033
2025-10-01;202510;BOYACÁ;BIA;1;SDL;NT1;100% OPERADOR;317,2028;52,9668;307,9335;28,8609;70,171;24,7334;801,8684
2025-10-01;202510;CALDAS;BIA;1;SDL;NT1;100% OPERADOR;323,6164;52,9668;314,638;31,515;62,7826;24,7334;810,2522
2025-10-01;202510;CALI;BIA;1;SDL;NT1;100% OPERADOR;337,466;52,9668;266,8794;25,044;55,1622;24,7334;762,2518
2025-10-01;202510;CARIBE MAR;BIA;1;SDL;NT1;100% OPERADOR;333,4917;52,9668;200,7607;26,4408;120,0746;24,7334;758,4679
2025-10-01;202510;CARIBE SOL;BIA;1;SDL;NT1;100% OPERADOR;333,3891;52,9668;126,3061;22,7609;82,6881;24,7334;642,8443
2025-10-01;202510;CARTAGO;BIA;1;SDL;NT1;100% OPERADOR;340,9953;52,9668;266,8794;30,5138;77,2933;24,7334;793,382
2025-10-01;202510;CASANARE;BIA;1;SDL;NT1;100% OPERADOR;317,3115;52,9668;275,1953;25,406;66,3705;24,7334;761,9834
2025-10-01;202510;CAUCA;BIA;1;SDL;NT1;100% OPERADOR;321,4004;52,9668;266,8794;29,7339;72,1012;24,7334;767,8151
2025-10-01;202510;CUNDINAMARCA;BIA;1;SDL;NT1;100% OPERADOR;339,1595;52,9668;307,9335;28,096;67,3141;24,7334;820,2033
2025-10-01;202510;HUILA;BIA;1;SDL;NT1;100% OPERADOR;326,8804;52,9668;307,9335;31,2433;70,3399;24,7334;814,0973
2025-10-01;202510;META;BIA;1;SDL;NT1;100% OPERADOR;329,8992;52,9668;275,1953;27,6277;61,1498;24,7334;771,5721
2025-10-01;202510;NARIÑO;BIA;1;SDL;NT1;100% OPERADOR;307,2815;52,9668;266,8794;29,0594;60,8519;24,7334;741,7724
2025-10-01;202510;NORTE SANTANDER;BIA;1;SDL;NT1;100% OPERADOR;329,3318;52,9668;314,638;26,4247;71,4086;24,7334;819,5033
2025-10-01;202510;PEREIRA;BIA;1;SDL;NT1;100% OPERADOR;340,5162;52,9668;314,638;26,5906;62,1952;24,7334;821,6402
2025-10-01;202510;QUINDÍO;BIA;1;SDL;NT1;100% OPERADOR;335,497;52,9668;314,638;27,7324;63,9565;24,7334;819,5241
2025-10-01;202510;SANTANDER;BIA;1;SDL;NT1;100% OPERADOR;330,7154;52,9668;314,638;31,8241;72,7135;24,7334;827,5912
2025-10-01;202510;TOLIMA;BIA;1;SDL;NT1;100% OPERADOR;325,7332;52,9668;307,9335;26,5745;83,822;24,7334;821,7634
2025-10-01;202510;TULUA;BIA;1;SDL;NT1;100% OPERADOR;338,4199;52,9668;266,8794;27,0904;61,7869;24,7334;771,8768
2025-10-01;202510;VALLE;BIA;1;SDL;NT1;100% OPERADOR;330,0146;52,9668;266,8794;26,7293;64,167;24,7334;765,4905
2025-10-01;202510;YUMBO;BIA;1;SDL;NT1;100% OPERADOR;337,466;52,9668;266,8794;25,044;55,1622;24,7334;762,2518
2025-10-01;202510;ANTIOQUIA;BIA;2;SDL;NT2;100% OPERADOR;336,9451;52,9668;200,7845;26,4935;21,4176;24,7334;663,3409
2025-10-01;202510;BOGOTÁ;BIA;2;SDL;NT2;100% OPERADOR;339,1595;52,9668;193,0449;28,096;23,0993;24,7334;661,1
2025-10-01;202510;BOYACÁ;BIA;2;SDL;NT2;100% OPERADOR;317,2028;52,9668;193,0449;28,8609;20,3575;24,7334;637,1664
2025-10-01;202510;CALDAS;BIA;2;SDL;NT2;100% OPERADOR;323,6164;52,9668;200,7845;31,515;28,9143;24,7334;662,5303
2025-10-01;202510;CALI;BIA;2;SDL;NT2;100% OPERADOR;337,466;52,9668;160,2666;25,044;25,4611;24,7334;625,9379
2025-10-01;202510;CARIBE MAR;BIA;2;SDL;NT2;100% OPERADOR;333,4917;52,9668;128,8696;26,4408;24,347;24,7334;590,8494
2025-10-01;202510;CARIBE SOL;BIA;2;SDL;NT2;100% OPERADOR;333,3891;52,9668;85,0093;22,7609;27,4159;24,7334;546,2753
2025-10-01;202510;CARTAGO;BIA;2;SDL;NT2;100% OPERADOR;340,9953;52,9668;160,2666;30,5138;27,3639;24,7334;636,8397
2025-10-01;202510;CASANARE;BIA;2;SDL;NT2;100% OPERADOR;317,3115;52,9668;191,56;25,406;21,8189;24,7334;633,7966
2025-10-01;202510;CAUCA;BIA;2;SDL;NT2;100% OPERADOR;321,4004;52,9668;160,2666;29,7339;28,6027;24,7334;617,7038
2025-10-01;202510;CUNDINAMARCA;BIA;2;SDL;NT2;100% OPERADOR;339,1595;52,9668;193,0449;28,096;23,0993;24,7334;661,1
2025-10-01;202510;HUILA;BIA;2;SDL;NT2;100% OPERADOR;326,8804;52,9668;193,0449;31,2433;28,7659;24,7334;657,6348
2025-10-01;202510;META;BIA;2;SDL;NT2;100% OPERADOR;329,8992;52,9668;191,56;27,6277;27,8583;24,7334;654,6454
2025-10-01;202510;NARIÑO;BIA;2;SDL;NT2;100% OPERADOR;307,2815;52,9668;160,2666;29,0594;21,0963;24,7334;595,404
2025-10-01;202510;NORTE SANTANDER;BIA;2;SDL;NT2;100% OPERADOR;329,3318;52,9668;200,7845;26,4247;23,5636;24,7334;657,8048
2025-10-01;202510;PEREIRA;BIA;2;SDL;NT2;100% OPERADOR;340,5162;52,9668;200,7845;26,5906;26,0335;24,7334;671,6249
2025-10-01;202510;QUINDÍO;BIA;2;SDL;NT2;100% OPERADOR;335,497;52,9668;200,7845;27,7324;27,3938;24,7334;669,1079
2025-10-01;202510;SANTANDER;BIA;2;SDL;NT2;100% OPERADOR;330,7154;52,9668;200,7845;31,8241;26,9923;24,7334;668,0164
2025-10-01;202510;TOLIMA;BIA;2;SDL;NT2;100% OPERADOR;325,7332;52,9668;193,0449;26,5745;37,8219;24,7334;660,8747
2025-10-01;202510;TULUA;BIA;2;SDL;NT2;100% OPERADOR;338,4199;52,9668;160,2666;27,0904;26,4758;24,7334;629,9529
2025-10-01;202510;VALLE;BIA;2;SDL;NT2;100% OPERADOR;330,0146;52,9668;160,2666;26,7293;27,6366;24,7334;622,3473
2025-10-01;202510;YUMBO;BIA;2;SDL;NT2;100% OPERADOR;337,466;52,9668;160,2666;25,044;25,4611;24,7334;625,9379
2025-10-01;202510;ANTIOQUIA;BIA;3;SDL;NT3;100% OPERADOR;336,9451;52,9668;90,6993;26,4935;19,0306;24,7334;550,8687
2025-10-01;202510;BOGOTÁ;BIA;3;SDL;NT3;100% OPERADOR;339,1595;52,9668;131,0834;28,096;22,3876;24,7334;598,4267
2025-10-01;202510;BOYACÁ;BIA;3;SDL;NT3;100% OPERADOR;317,2028;52,9668;131,0834;28,8609;17,4045;24,7334;572,2518
2025-10-01;202510;CALDAS;BIA;3;SDL;NT3;100% OPERADOR;323,6164;52,9668;90,6993;31,515;21,6052;24,7334;545,1361
2025-10-01;202510;CALI;BIA;3;SDL;NT3;100% OPERADOR;337,466;52,9668;95,9796;25,044;23,7908;24,7334;559,9806
2025-10-01;202510;CARIBE MAR;BIA;3;SDL;NT3;100% OPERADOR;333,4917;52,9668;97,1229;26,4408;13,0912;24,7334;547,8468
2025-10-01;202510;CARIBE SOL;BIA;3;SDL;NT3;100% OPERADOR;333,3891;52,9668;63,7808;22,7609;23,4996;24,7334;521,1305
2025-10-01;202510;CARTAGO;BIA;3;SDL;NT3;100% OPERADOR;340,9953;52,9668;95,9796;30,5138;22,9041;24,7334;568,093
2025-10-01;202510;CASANARE;BIA;3;SDL;NT3;100% OPERADOR;317,3115;52,9668;94,5885;25,406;17,4398;24,7334;532,446
2025-10-01;202510;CAUCA;BIA;3;SDL;NT3;100% OPERADOR;321,4004;52,9668;95,9796;29,7339;24,2051;24,7334;549,0192
2025-10-01;202510;CUNDINAMARCA;BIA;3;SDL;NT3;100% OPERADOR;339,1595;52,9668;131,0834;28,096;22,3876;24,7334;598,4267
2025-10-01;202510;HUILA;BIA;3;SDL;NT3;100% OPERADOR;326,8804;52,9668;131,0834;31,2433;22,5447;24,7334;589,452
2025-10-01;202510;META;BIA;3;SDL;NT3;100% OPERADOR;329,8992;52,9668;94,5885;27,6277;21,8268;24,7334;551,6424
2025-10-01;202510;NARIÑO;BIA;3;SDL;NT3;100% OPERADOR;307,2815;52,9668;95,9796;29,0594;14,9845;24,7334;525,0052
2025-10-01;202510;NORTE SANTANDER;BIA;3;SDL;NT3;100% OPERADOR;329,3318;52,9668;90,6993;26,4247;24,1613;24,7334;548,3173
2025-10-01;202510;PEREIRA;BIA;3;SDL;NT3;100% OPERADOR;340,5162;52,9668;90,6993;26,5906;22,8139;24,7334;558,3201
2025-10-01;202510;QUINDÍO;BIA;3;SDL;NT3;100% OPERADOR;335,497;52,9668;90,6993;27,7324;20,9806;24,7334;552,6095
2025-10-01;202510;SANTANDER;BIA;3;SDL;NT3;100% OPERADOR;330,7154;52,9668;90,6993;31,8241;20,6568;24,7334;551,5957
2025-10-01;202510;TOLIMA;BIA;3;SDL;NT3;100% OPERADOR;325,7332;52,9668;131,0834;26,5745;28,333;24,7334;589,4243
2025-10-01;202510;TULUA;BIA;3;SDL;NT3;100% OPERADOR;338,4199;52,9668;95,9796;27,0904;20,4655;24,7334;559,6556
2025-10-01;202510;VALLE;BIA;3;SDL;NT3;100% OPERADOR;330,0146;52,9668;95,9796;26,7293;23,7769;24,7334;554,2006
2025-10-01;202510;YUMBO;BIA;3;SDL;NT3;100% OPERADOR;337,466;52,9668;95,9796;25,044;23,7908;24,7334;559,9806
2025-11-01;202511;ANTIOQUIA;BIA;1;SDL;NT1;100% OPERADOR;339,5435;53,2977;307,3709;26,3362;69,8359;27,4818;823,8659
2025-11-01;202511;BOGOTÁ;BIA;1;SDL;NT1;100% OPERADOR;341,7598;53,2977;294,8419;28,2195;67,7854;27,4818;813,3861
2025-11-01;202511;BOYACÁ;BIA;1;SDL;NT1;100% OPERADOR;319,8938;53,2977;294,8419;28,8703;70,7415;27,4818;795,127
2025-11-01;202511;CALDAS;BIA;1;SDL;NT1;100% OPERADOR;326,2036;53,2977;307,3709;29,8698;63,2513;27,4818;807,4751
2025-11-01;202511;CALI;BIA;1;SDL;NT1;100% OPERADOR;340,0648;53,2977;270,162;25,2283;55,5716;27,4818;771,8061
2025-11-01;202511;CARIBE MAR;BIA;1;SDL;NT1;100% OPERADOR;336,0872;53,2977;200,4465;26,5909;121,1977;27,4818;765,1018
2025-11-01;202511;CARIBE SOL;BIA;1;SDL;NT1;100% OPERADOR;336,0872;53,2977;131,4665;23,145;83,4477;27,4818;654,9259
2025-11-01;202511;CARTAGO;BIA;1;SDL;NT1;100% OPERADOR;343,5971;53,2977;270,162;30,732;77,8547;27,4818;803,1252
2025-11-01;202511;CASANARE;BIA;1;SDL;NT1;100% OPERADOR;319,8933;53,2977;271,5355;25,5603;66,9444;27,4818;764,7131
2025-11-01;202511;CAUCA;BIA;1;SDL;NT1;100% OPERADOR;323,9857;53,2977;270,162;29,9064;72,6318;27,4818;777,4654
2025-11-01;202511;CUNDINAMARCA;BIA;1;SDL;NT1;100% OPERADOR;341,7598;53,2977;294,8419;28,2195;67,7854;27,4818;813,3861
2025-11-01;202511;HUILA;BIA;1;SDL;NT1;100% OPERADOR;329,4703;53,2977;294,8419;31,3994;71,5776;27,4818;808,0687
2025-11-01;202511;META;BIA;1;SDL;NT1;100% OPERADOR;332,4917;53,2977;271,5355;27,1959;61,5079;27,4818;773,5105
2025-11-01;202511;NARIÑO;BIA;1;SDL;NT1;100% OPERADOR;309,8549;53,2977;270,162;29,3999;61,3336;27,4818;751,5298
2025-11-01;202511;NORTE SANTANDER;BIA;1;SDL;NT1;100% OPERADOR;331,9238;53,2977;307,3709;26,1063;71,9409;27,4818;818,1214
2025-11-01;202511;PEREIRA;BIA;1;SDL;NT1;100% OPERADOR;343,1176;53,2977;307,3709;26,3828;62,6085;27,4818;820,2593
2025-11-01;202511;QUINDÍO;BIA;1;SDL;NT1;100% OPERADOR;338,0942;53,2977;307,3709;27,558;64,4246;27,4818;818,2272
2025-11-01;202511;SANTANDER;BIA;1;SDL;NT1;100% OPERADOR;333,3085;53,2977;307,3709;31,6519;73,2512;27,4818;826,362
2025-11-01;202511;TOLIMA;BIA;1;SDL;NT1;100% OPERADOR;328,3222;53,2977;294,8419;26,8053;84,4317;27,4818;815,1806
2025-11-01;202511;TULUA;BIA;1;SDL;NT1;100% OPERADOR;341,0196;53,2977;270,162;25,8307;62,2303;27,4818;780,022
2025-11-01;202511;VALLE;BIA;1;SDL;NT1;100% OPERADOR;332,6072;53,2977;270,162;26,9231;64,6591;27,4818;775,1307
2025-11-01;202511;YUMBO;BIA;1;SDL;NT1;100% OPERADOR;340,0648;53,2977;270,162;25,2283;55,5716;27,4818;771,8061
2025-11-01;202511;ANTIOQUIA;BIA;2;SDL;NT2;100% OPERADOR;339,5435;53,2977;202,2693;26,3362;21,5354;27,4818;670,4639
2025-11-01;202511;BOGOTÁ;BIA;2;SDL;NT2;100% OPERADOR;341,7598;53,2977;187,5271;28,2195;23,2307;27,4818;661,5166
2025-11-01;202511;BOYACÁ;BIA;2;SDL;NT2;100% OPERADOR;319,8938;53,2977;187,5271;28,8703;20,5094;27,4818;637,5801
2025-11-01;202511;CALDAS;BIA;2;SDL;NT2;100% OPERADOR;326,2036;53,2977;202,2693;29,8698;29,1128;27,4818;668,235
2025-11-01;202511;CALI;BIA;2;SDL;NT2;100% OPERADOR;340,0648;53,2977;160,4765;25,2283;25,6409;27,4818;632,1899
2025-11-01;202511;CARIBE MAR;BIA;2;SDL;NT2;100% OPERADOR;336,0872;53,2977;129,0083;26,5909;24,6964;27,4818;597,1623
2025-11-01;202511;CARIBE SOL;BIA;2;SDL;NT2;100% OPERADOR;336,0872;53,2977;87,7217;23,145;27,7147;27,4818;555,448
2025-11-01;202511;CARTAGO;BIA;2;SDL;NT2;100% OPERADOR;343,5971;53,2977;160,4765;30,732;27,5425;27,4818;643,1276
2025-11-01;202511;CASANARE;BIA;2;SDL;NT2;100% OPERADOR;319,8933;53,2977;185,0551;25,5603;22,0318;27,4818;633,3201
2025-11-01;202511;CAUCA;BIA;2;SDL;NT2;100% OPERADOR;323,9857;53,2977;160,4765;29,9064;28,7861;27,4818;623,9342
2025-11-01;202511;CUNDINAMARCA;BIA;2;SDL;NT2;100% OPERADOR;341,7598;53,2977;187,5271;28,2195;23,2307;27,4818;661,5166
2025-11-01;202511;HUILA;BIA;2;SDL;NT2;100% OPERADOR;329,4703;53,2977;187,5271;31,3994;29,6749;27,4818;658,8511
2025-11-01;202511;META;BIA;2;SDL;NT2;100% OPERADOR;332,4917;53,2977;185,0551;27,1959;27,9553;27,4818;653,4775
2025-11-01;202511;NARIÑO;BIA;2;SDL;NT2;100% OPERADOR;309,8549;53,2977;160,4765;29,3999;21,2485;27,4818;601,7593
2025-11-01;202511;NORTE SANTANDER;BIA;2;SDL;NT2;100% OPERADOR;331,9238;53,2977;202,2693;26,1063;23,7192;27,4818;664,7982
2025-11-01;202511;PEREIRA;BIA;2;SDL;NT2;100% OPERADOR;343,1176;53,2977;202,2693;26,3828;26,1695;27,4818;678,7187
2025-11-01;202511;QUINDÍO;BIA;2;SDL;NT2;100% OPERADOR;338,0942;53,2977;202,2693;27,558;27,5784;27,4818;676,2794
2025-11-01;202511;SANTANDER;BIA;2;SDL;NT2;100% OPERADOR;333,3085;53,2977;202,2693;31,6519;27,1708;27,4818;675,18
2025-11-01;202511;TOLIMA;BIA;2;SDL;NT2;100% OPERADOR;328,3222;53,2977;187,5271;26,8053;38,0277;27,4818;661,4617
2025-11-01;202511;TULUA;BIA;2;SDL;NT2;100% OPERADOR;341,0196;53,2977;160,4765;25,8307;26,6471;27,4818;634,7534
2025-11-01;202511;VALLE;BIA;2;SDL;NT2;100% OPERADOR;332,6072;53,2977;160,4765;26,9231;27,8456;27,4818;628,6318
2025-11-01;202511;YUMBO;BIA;2;SDL;NT2;100% OPERADOR;340,0648;53,2977;160,4765;25,2283;25,6409;27,4818;632,1899
2025-11-01;202511;ANTIOQUIA;BIA;3;SDL;NT3;100% OPERADOR;339,5435;53,2977;90,1649;26,3362;19,1466;27,4818;555,9706
2025-11-01;202511;BOGOTÁ;BIA;3;SDL;NT3;100% OPERADOR;341,7598;53,2977;127,3415;28,2195;22,5286;27,4818;600,6289
2025-11-01;202511;BOYACÁ;BIA;3;SDL;NT3;100% OPERADOR;319,8938;53,2977;127,3415;28,8703;17,5255;27,4818;574,4106
2025-11-01;202511;CALDAS;BIA;3;SDL;NT3;100% OPERADOR;326,2036;53,2977;90,1649;29,8698;21,7456;27,4818;548,7634
2025-11-01;202511;CALI;BIA;3;SDL;NT3;100% OPERADOR;340,0648;53,2977;95,3809;25,2283;23,9515;27,4818;565,4049
2025-11-01;202511;CARIBE MAR;BIA;3;SDL;NT3;100% OPERADOR;336,0872;53,2977;97,6214;26,5909;13,3688;27,4818;554,4478
2025-11-01;202511;CARIBE SOL;BIA;3;SDL;NT3;100% OPERADOR;336,0872;53,2977;65,5896;23,145;23,7892;27,4818;529,3905
2025-11-01;202511;CARTAGO;BIA;3;SDL;NT3;100% OPERADOR;343,5971;53,2977;95,3809;30,732;23,0509;27,4818;573,5403
2025-11-01;202511;CASANARE;BIA;3;SDL;NT3;100% OPERADOR;319,8933;53,2977;93,3224;25,5603;17,6102;27,4818;537,1658
2025-11-01;202511;CAUCA;BIA;3;SDL;NT3;100% OPERADOR;323,9857;53,2977;95,3809;29,9064;24,3631;27,4818;554,4156
2025-11-01;202511;CUNDINAMARCA;BIA;3;SDL;NT3;100% OPERADOR;341,7598;53,2977;127,3415;28,2195;22,5286;27,4818;600,6289
2025-11-01;202511;HUILA;BIA;3;SDL;NT3;100% OPERADOR;329,4703;53,2977;127,3415;31,3994;23,4046;27,4818;592,3952
2025-11-01;202511;META;BIA;3;SDL;NT3;100% OPERADOR;332,4917;53,2977;93,3224;27,1959;21,881;27,4818;555,6705
2025-11-01;202511;NARIÑO;BIA;3;SDL;NT3;100% OPERADOR;309,8549;53,2977;95,3809;29,3999;15,0852;27,4818;530,5003
2025-11-01;202511;NORTE SANTANDER;BIA;3;SDL;NT3;100% OPERADOR;331,9238;53,2977;90,1649;26,1063;24,3267;27,4818;553,3012
2025-11-01;202511;PEREIRA;BIA;3;SDL;NT3;100% OPERADOR;343,1176;53,2977;90,1649;26,3828;22,9253;27,4818;563,37
2025-11-01;202511;QUINDÍO;BIA;3;SDL;NT3;100% OPERADOR;338,0942;53,2977;90,1649;27,558;21,1155;27,4818;557,7121
2025-11-01;202511;SANTANDER;BIA;3;SDL;NT3;100% OPERADOR;333,3085;53,2977;90,1649;31,6519;20,7824;27,4818;556,6871
2025-11-01;202511;TOLIMA;BIA;3;SDL;NT3;100% OPERADOR;328,3222;53,2977;127,3415;26,8053;28,473;27,4818;591,7215
2025-11-01;202511;TULUA;BIA;3;SDL;NT3;100% OPERADOR;341,0196;53,2977;95,3809;25,8307;20,5906;27,4818;563,6012
2025-11-01;202511;VALLE;BIA;3;SDL;NT3;100% OPERADOR;332,6072;53,2977;95,3809;26,9231;23,9726;27,4818;559,6632
2025-11-01;202511;YUMBO;BIA;3;SDL;NT3;100% OPERADOR;340,0648;53,2977;95,3809;25,2283;23,9515;27,4818;565,4049
2025-12-01;202512;ANTIOQUIA;BIA;1;SDL;NT1;100% OPERADOR;346,8579;54,1358;315,5655;26,4168;72,1482;18,699;833,8233
2025-12-01;202512;BOGOTÁ;BIA;1;SDL;NT1;100% OPERADOR;348,9985;54,1358;289,6581;28,624;70,0338;18,699;810,1492
2025-12-01;202512;BOYACÁ;BIA;1;SDL;NT1;100% OPERADOR;327,8794;54,1358;289,6581;29,0051;73,3691;18,699;792,7464
2025-12-01;202512;CALDAS;BIA;1;SDL;NT1;100% OPERADOR;333,9737;54,1358;315,5655;29,9513;65,4431;18,699;817,7684
2025-12-01;202512;CALI;BIA;1;SDL;NT1;100% OPERADOR;347,3614;54,1358;263,9275;25,5747;57,5614;18,699;767,2599
2025-12-01;202512;CARIBE MAR;BIA;1;SDL;NT1;100% OPERADOR;343,5197;54,1358;197,5917;27,0054;126,3428;18,699;767,2943
2025-12-01;202512;CARIBE SOL;BIA;1;SDL;NT1;100% OPERADOR;343,5197;54,1358;130,1519;23,3824;85,9628;18,699;655,8514
2025-12-01;202512;CARTAGO;BIA;1;SDL;NT1;100% OPERADOR;350,7731;54,1358;263,9275;31,4996;80,3733;18,699;799,4082
2025-12-01;202512;CASANARE;BIA;1;SDL;NT1;100% OPERADOR;327,879;54,1358;263,2456;25,7736;62,0733;18,699;751,8062
2025-12-01;202512;CAUCA;BIA;1;SDL;NT1;100% OPERADOR;331,8316;54,1358;263,9275;30,6258;74,997;18,699;774,2167
2025-12-01;202512;CUNDINAMARCA;BIA;1;SDL;NT1;100% OPERADOR;348,9985;54,1358;289,6581;28,624;70,0338;18,699;810,1492
2025-12-01;202512;HUILA;BIA;1;SDL;NT1;100% OPERADOR;337,1288;54,1358;289,6581;31,3011;73,9022;18,699;804,8251
2025-12-01;202512;META;BIA;1;SDL;NT1;100% OPERADOR;340,047;54,1358;263,2456;27,2616;63,665;18,699;767,0539
2025-12-01;202512;NARIÑO;BIA;1;SDL;NT1;100% OPERADOR;318,1834;54,1358;263,9275;29,7797;63,7099;18,699;748,4353
2025-12-01;202512;NORTE SANTANDER;BIA;1;SDL;NT1;100% OPERADOR;339,4985;54,1358;315,5655;26,6432;74,4122;18,699;828,9542
2025-12-01;202512;PEREIRA;BIA;1;SDL;NT1;100% OPERADOR;350,3099;54,1358;315,5655;26,6216;64,6515;18,699;829,9833
2025-12-01;202512;QUINDÍO;BIA;1;SDL;NT1;100% OPERADOR;345,4582;54,1358;315,5655;27,7641;66,6132;18,699;828,2357
2025-12-01;202512;SANTANDER;BIA;1;SDL;NT1;100% OPERADOR;340,8624;54,1358;315,5655;30,9833;75,7706;18,699;836,0166
2025-12-01;202512;TOLIMA;BIA;1;SDL;NT1;100% OPERADOR;336,0199;54,1358;289,6581;26,8567;87,3505;18,699;812,72
2025-12-01;202512;TULUA;BIA;1;SDL;NT1;100% OPERADOR;348,2836;54,1358;263,9275;26,6236;64,4134;18,699;776,0829
2025-12-01;202512;VALLE;BIA;1;SDL;NT1;100% OPERADOR;340,1585;54,1358;263,9275;27,5441;66,9411;18,699;771,4061
2025-12-01;202512;YUMBO;BIA;1;SDL;NT1;100% OPERADOR;347,3614;54,1358;263,9275;25,5747;57,5614;18,699;767,2599
2025-12-01;202512;ANTIOQUIA;BIA;2;SDL;NT2;100% OPERADOR;346,8579;54,1358;204,6976;26,4168;22,6644;18,699;673,4715
2025-12-01;202512;BOGOTÁ;BIA;2;SDL;NT2;100% OPERADOR;348,9985;54,1358;189,5688;28,624;24,4036;18,699;664,4297
2025-12-01;202512;BOYACÁ;BIA;2;SDL;NT2;100% OPERADOR;327,8794;54,1358;189,5688;29,0051;21,7597;18,699;641,0477
2025-12-01;202512;CALDAS;BIA;2;SDL;NT2;100% OPERADOR;333,9737;54,1358;204,6976;29,9513;30,4025;18,699;671,8599
2025-12-01;202512;CALI;BIA;2;SDL;NT2;100% OPERADOR;347,3614;54,1358;154,0312;25,5747;26,901;18,699;626,7031
2025-12-01;202512;CARIBE MAR;BIA;2;SDL;NT2;100% OPERADOR;343,5197;54,1358;127,278;27,0054;27,4551;18,699;598,0929
2025-12-01;202512;CARIBE SOL;BIA;2;SDL;NT2;100% OPERADOR;343,5197;54,1358;87,2241;23,3824;28,8636;18,699;555,8245
2025-12-01;202512;CARTAGO;BIA;2;SDL;NT2;100% OPERADOR;350,7731;54,1358;154,0312;31,4996;28,8555;18,699;637,9941
2025-12-01;202512;CASANARE;BIA;2;SDL;NT2;100% OPERADOR;327,879;54,1358;180,3395;25,7736;15,9299;18,699;622,7567
2025-12-01;202512;CAUCA;BIA;2;SDL;NT2;100% OPERADOR;331,8316;54,1358;154,0312;30,6258;29,9778;18,699;619,3012
2025-12-01;202512;CUNDINAMARCA;BIA;2;SDL;NT2;100% OPERADOR;348,9985;54,1358;189,5688;28,624;24,4036;18,699;664,4297
2025-12-01;202512;HUILA;BIA;2;SDL;NT2;100% OPERADOR;337,1288;54,1358;189,5688;31,3011;30,9116;18,699;661,7452
2025-12-01;202512;META;BIA;2;SDL;NT2;100% OPERADOR;340,047;54,1358;180,3395;27,2616;29,2567;18,699;649,7396
2025-12-01;202512;NARIÑO;BIA;2;SDL;NT2;100% OPERADOR;318,1834;54,1358;154,0312;29,7797;22,4624;18,699;597,2915
2025-12-01;202512;NORTE SANTANDER;BIA;2;SDL;NT2;100% OPERADOR;339,4985;54,1358;204,6976;26,6432;24,9559;18,699;668,6299
2025-12-01;202512;PEREIRA;BIA;2;SDL;NT2;100% OPERADOR;350,3099;54,1358;204,6976;26,6216;27,3391;18,699;681,803
2025-12-01;202512;QUINDÍO;BIA;2;SDL;NT2;100% OPERADOR;345,4582;54,1358;204,6976;27,7641;28,8569;18,699;679,6115
2025-12-01;202512;SANTANDER;BIA;2;SDL;NT2;100% OPERADOR;340,8624;54,1358;204,6976;30,9833;28,515;18,699;677,893
2025-12-01;202512;TOLIMA;BIA;2;SDL;NT2;100% OPERADOR;336,0199;54,1358;189,5688;26,8567;39,6877;18,699;664,9679
2025-12-01;202512;TULUA;BIA;2;SDL;NT2;100% OPERADOR;348,2836;54,1358;154,0312;26,6236;27,966;18,699;629,7391
2025-12-01;202512;VALLE;BIA;2;SDL;NT2;100% OPERADOR;340,1585;54,1358;154,0312;27,5441;29,1916;18,699;623,7602
2025-12-01;202512;YUMBO;BIA;2;SDL;NT2;100% OPERADOR;347,3614;54,1358;154,0312;25,5747;26,901;18,699;626,7031
2025-12-01;202512;ANTIOQUIA;BIA;3;SDL;NT3;100% OPERADOR;346,8579;54,1358;90,749;26,4168;20,1671;18,699;557,0256
2025-12-01;202512;BOGOTÁ;BIA;3;SDL;NT3;100% OPERADOR;348,9985;54,1358;124,9582;28,624;23,6981;18,699;599,1136
2025-12-01;202512;BOYACÁ;BIA;3;SDL;NT3;100% OPERADOR;327,8794;54,1358;124,9582;29,0051;18,6999;18,699;573,3774
2025-12-01;202512;CALDAS;BIA;3;SDL;NT3;100% OPERADOR;333,9737;54,1358;90,749;29,9513;22,8419;18,699;550,3507
2025-12-01;202512;CALI;BIA;3;SDL;NT3;100% OPERADOR;347,3614;54,1358;95,0773;25,5747;25,1722;18,699;566,0204
2025-12-01;202512;CARIBE MAR;BIA;3;SDL;NT3;100% OPERADOR;343,5197;54,1358;96,4922;27,0054;15,8746;18,699;555,7266
2025-12-01;202512;CARIBE SOL;BIA;3;SDL;NT3;100% OPERADOR;343,5197;54,1358;65,5584;23,3824;24,8533;18,699;530,1485
2025-12-01;202512;CARTAGO;BIA;3;SDL;NT3;100% OPERADOR;350,7731;54,1358;95,0773;31,4996;24,2683;18,699;574,4529
2025-12-01;202512;CASANARE;BIA;3;SDL;NT3;100% OPERADOR;327,879;54,1358;93,6994;25,7736;11,3828;18,699;531,5696
2025-12-01;202512;CAUCA;BIA;3;SDL;NT3;100% OPERADOR;331,8316;54,1358;95,0773;30,6258;25,4479;18,699;555,8174
2025-12-01;202512;CUNDINAMARCA;BIA;3;SDL;NT3;100% OPERADOR;348,9985;54,1358;124,9582;28,624;23,6981;18,699;599,1136
2025-12-01;202512;HUILA;BIA;3;SDL;NT3;100% OPERADOR;337,1288;54,1358;124,9582;31,3011;24,4798;18,699;590,7027
2025-12-01;202512;META;BIA;3;SDL;NT3;100% OPERADOR;340,047;54,1358;93,6994;27,2616;23,0291;18,699;556,8719
2025-12-01;202512;NARIÑO;BIA;3;SDL;NT3;100% OPERADOR;318,1834;54,1358;95,0773;29,7797;16,1216;18,699;531,9968
2025-12-01;202512;NORTE SANTANDER;BIA;3;SDL;NT3;100% OPERADOR;339,4985;54,1358;90,749;26,6432;25,5644;18,699;555,2899
2025-12-01;202512;PEREIRA;BIA;3;SDL;NT3;100% OPERADOR;350,3099;54,1358;90,749;26,6216;24,0176;18,699;564,5329
2025-12-01;202512;QUINDÍO;BIA;3;SDL;NT3;100% OPERADOR;345,4582;54,1358;90,749;27,7641;22,2355;18,699;559,0415
2025-12-01;202512;SANTANDER;BIA;3;SDL;NT3;100% OPERADOR;340,8624;54,1358;90,749;30,9833;21,961;18,699;557,3905
2025-12-01;202512;TOLIMA;BIA;3;SDL;NT3;100% OPERADOR;336,0199;54,1358;124,9582;26,8567;29,8886;18,699;590,5582
2025-12-01;202512;TULUA;BIA;3;SDL;NT3;100% OPERADOR;348,2836;54,1358;95,0773;26,6236;21,7633;18,699;564,5826
2025-12-01;202512;VALLE;BIA;3;SDL;NT3;100% OPERADOR;340,1585;54,1358;95,0773;27,5441;25,2336;18,699;560,8483
2025-12-01;202512;YUMBO;BIA;3;SDL;NT3;100% OPERADOR;347,3614;54,1358;95,0773;25,5747;25,1722;18,699;566,0204
2026-01-01;202601;ANTIOQUIA;BIA;1;SDL;NT1;100% OPERADOR;335,224;52,9743;317,1201;26,8885;70,3688;17,7206;820,2964
2026-01-01;202601;BOGOTÁ;BIA;1;SDL;NT1;100% OPERADOR;336,8835;52,9743;292,59;28,701;68,1915;17,7206;797,0609
2026-01-01;202601;BOYACÁ;BIA;1;SDL;NT1;100% OPERADOR;320,511;52,9743;292,59;28,6966;72,159;17,7206;784,6515
2026-01-01;202601;CALDAS;BIA;1;SDL;NT1;100% OPERADOR;325,2356;52,9743;317,1201;31,2074;64,2748;17,7206;808,5328
2026-01-01;202601;CALI;BIA;1;SDL;NT1;100% OPERADOR;335,6144;52,9743;258,0001;25,6855;56,2135;17,7206;746,2084
2026-01-01;202601;CARIBE MAR;BIA;1;SDL;NT1;100% OPERADOR;332,6361;52,9743;196,0492;27,248;121,9967;17,7206;748,6249
2026-01-01;202601;CARIBE SOL;BIA;1;SDL;NT1;100% OPERADOR;332,6361;52,9743;129,0008;23,8594;83,2493;17,7206;639,4405
2026-01-01;202601;CARTAGO;BIA;1;SDL;NT1;100% OPERADOR;338,2592;52,9743;258,0001;31,0856;78,1534;17,7206;776,1933
2026-01-01;202601;CASANARE;BIA;1;SDL;NT1;100% OPERADOR;320,5107;52,9743;264,6805;25,6401;61,6348;17,7206;743,1609
2026-01-01;202601;CAUCA;BIA;1;SDL;NT1;100% OPERADOR;323,5749;52,9743;258,0001;30,7992;73,6335;17,7206;756,7026
2026-01-01;202601;CUNDINAMARCA;BIA;1;SDL;NT1;100% OPERADOR;336,8835;52,9743;292,59;28,701;68,1915;17,7206;797,0609
2026-01-01;202601;HUILA;BIA;1;SDL;NT1;100% OPERADOR;327,6816;52,9743;292,59;31,421;72,4198;17,7206;794,8073
2026-01-01;202601;META;BIA;1;SDL;NT1;100% OPERADOR;329,9439;52,9743;264,6805;27,2223;62,2785;17,7206;754,82
2026-01-01;202601;NARIÑO;BIA;1;SDL;NT1;100% OPERADOR;312,9942;52,9743;258,0001;29,9336;63,062;17,7206;734,6848
2026-01-01;202601;NORTE SANTANDER;BIA;1;SDL;NT1;100% OPERADOR;329,5187;52,9743;317,1201;27,1099;72,7799;17,7206;817,2236
2026-01-01;202601;PEREIRA;BIA;1;SDL;NT1;100% OPERADOR;337,9002;52,9743;317,1201;27,6019;63,0387;17,7206;816,3559
2026-01-01;202601;QUINDÍO;BIA;1;SDL;NT1;100% OPERADOR;334,1389;52,9743;317,1201;28,768;65,0542;17,7206;815,7761
2026-01-01;202601;SANTANDER;BIA;1;SDL;NT1;100% OPERADOR;330,5287;52,9743;317,1201;31,5022;74,0581;17,7206;823,904
2026-01-01;202601;TOLIMA;BIA;1;SDL;NT1;100% OPERADOR;326,8219;52,9743;292,59;26,9113;85,558;17,7206;802,5761
2026-01-01;202601;TULUA;BIA;1;SDL;NT1;100% OPERADOR;336,3293;52,9743;258,0001;26,5816;62,8217;17,7206;754,4276
2026-01-01;202601;VALLE;BIA;1;SDL;NT1;100% OPERADOR;330,0303;52,9743;258,0001;27,6122;64,897;17,7206;751,2346
2026-01-01;202601;YUMBO;BIA;1;SDL;NT1;100% OPERADOR;335,6144;52,9743;258,0001;25,6855;56,2135;17,7206;746,2084
2026-01-01;202601;ANTIOQUIA;BIA;2;SDL;NT2;100% OPERADOR;335,224;52,9743;198,4778;26,8885;22,4293;17,7206;653,7145
2026-01-01;202601;BOGOTÁ;BIA;2;SDL;NT2;100% OPERADOR;336,8835;52,9743;191,7479;28,701;24,0366;17,7206;652,0641
2026-01-01;202601;BOYACÁ;BIA;2;SDL;NT2;100% OPERADOR;320,511;52,9743;191,7479;28,6966;21,6653;17,7206;633,3158
2026-01-01;202601;CALDAS;BIA;2;SDL;NT2;100% OPERADOR;325,2356;52,9743;198,4778;31,2074;30,1026;17,7206;655,7183
2026-01-01;202601;CALI;BIA;2;SDL;NT2;100% OPERADOR;335,6144;52,9743;152,3954;25,6855;26,5183;17,7206;610,9084
2026-01-01;202601;CARIBE MAR;BIA;2;SDL;NT2;100% OPERADOR;332,6361;52,9743;126,2263;27,248;26,161;17,7206;582,9663
2026-01-01;202601;CARIBE SOL;BIA;2;SDL;NT2;100% OPERADOR;332,6361;52,9743;86,362;23,8594;27,9114;17,7206;541,4638
2026-01-01;202601;CARTAGO;BIA;2;SDL;NT2;100% OPERADOR;338,2592;52,9743;152,3954;31,0856;28,3435;17,7206;620,7786
2026-01-01;202601;CASANARE;BIA;2;SDL;NT2;100% OPERADOR;320,5107;52,9743;183,731;25,6401;16,4865;17,7206;617,0632
2026-01-01;202601;CAUCA;BIA;2;SDL;NT2;100% OPERADOR;323,5749;52,9743;152,3954;30,7992;29,6814;17,7206;607,1458
2026-01-01;202601;CUNDINAMARCA;BIA;2;SDL;NT2;100% OPERADOR;336,8835;52,9743;191,7479;28,701;24,0366;17,7206;652,0641
2026-01-01;202601;HUILA;BIA;2;SDL;NT2;100% OPERADOR;327,6816;52,9743;191,7479;31,421;30,5646;17,7206;652,1101
2026-01-01;202601;META;BIA;2;SDL;NT2;100% OPERADOR;329,9439;52,9743;183,731;27,2223;28,8295;17,7206;640,4217
2026-01-01;202601;NARIÑO;BIA;2;SDL;NT2;100% OPERADOR;312,9942;52,9743;152,3954;29,9336;22,4862;17,7206;588,5043
2026-01-01;202601;NORTE SANTANDER;BIA;2;SDL;NT2;100% OPERADOR;329,5187;52,9743;198,4778;27,1099;24,6896;17,7206;650,4908
2026-01-01;202601;PEREIRA;BIA;2;SDL;NT2;100% OPERADOR;337,9002;52,9743;198,4778;27,6019;26,9532;17,7206;661,628
2026-01-01;202601;QUINDÍO;BIA;2;SDL;NT2;100% OPERADOR;334,1389;52,9743;198,4778;28,768;28,4515;17,7206;660,531
2026-01-01;202601;SANTANDER;BIA;2;SDL;NT2;100% OPERADOR;330,5287;52,9743;198,4778;31,5022;28,1446;17,7206;659,3482
2026-01-01;202601;TOLIMA;BIA;2;SDL;NT2;100% OPERADOR;326,8219;52,9743;191,7479;26,9113;39,0736;17,7206;655,2496
2026-01-01;202601;TULUA;BIA;2;SDL;NT2;100% OPERADOR;336,3293;52,9743;152,3954;26,5816;27,5376;17,7206;613,5387
2026-01-01;202601;VALLE;BIA;2;SDL;NT2;100% OPERADOR;330,0303;52,9743;152,3954;27,6122;28,2045;17,7206;608,9373
2026-01-01;202601;YUMBO;BIA;2;SDL;NT2;100% OPERADOR;335,6144;52,9743;152,3954;25,6855;26,5183;17,7206;610,9084
2026-01-01;202601;ANTIOQUIA;BIA;3;SDL;NT3;100% OPERADOR;335,224;52,9743;88,9777;26,8885;19,8935;17,7206;541,6787
2026-01-01;202601;BOGOTÁ;BIA;3;SDL;NT3;100% OPERADOR;336,8835;52,9743;126,601;28,701;23,3594;17,7206;586,2398
2026-01-01;202601;BOYACÁ;BIA;3;SDL;NT3;100% OPERADOR;320,511;52,9743;126,601;28,6966;18,6798;17,7206;565,1834
2026-01-01;202601;CALDAS;BIA;3;SDL;NT3;100% OPERADOR;325,2356;52,9743;88,9777;31,2074;22,7295;17,7206;538,8451
2026-01-01;202601;CALI;BIA;3;SDL;NT3;100% OPERADOR;335,6144;52,9743;94,5266;25,6855;24,8495;17,7206;551,3709
2026-01-01;202601;CARIBE MAR;BIA;3;SDL;NT3;100% OPERADOR;332,6361;52,9743;95,5895;27,248;14,9285;17,7206;541,097
2026-01-01;202601;CARIBE SOL;BIA;3;SDL;NT3;100% OPERADOR;332,6361;52,9743;64,86;23,8594;24,029;17,7206;516,0794
2026-01-01;202601;CARTAGO;BIA;3;SDL;NT3;100% OPERADOR;338,2592;52,9743;94,5266;31,0856;23,9228;17,7206;558,4892
2026-01-01;202601;CASANARE;BIA;3;SDL;NT3;100% OPERADOR;320,5107;52,9743;93,3381;25,6401;12,0282;17,7206;522,212
2026-01-01;202601;CAUCA;BIA;3;SDL;NT3;100% OPERADOR;323,5749;52,9743;94,5266;30,7992;25,2671;17,7206;544,8627
2026-01-01;202601;CUNDINAMARCA;BIA;3;SDL;NT3;100% OPERADOR;336,8835;52,9743;126,601;28,701;23,3594;17,7206;586,2398
2026-01-01;202601;HUILA;BIA;3;SDL;NT3;100% OPERADOR;327,6816;52,9743;126,601;31,421;24,3025;17,7206;580,701
2026-01-01;202601;META;BIA;3;SDL;NT3;100% OPERADOR;329,9439;52,9743;93,3381;27,2223;22,7773;17,7206;543,9765
2026-01-01;202601;NARIÑO;BIA;3;SDL;NT3;100% OPERADOR;312,9942;52,9743;94,5266;29,9336;16,246;17,7206;524,3954
2026-01-01;202601;NORTE SANTANDER;BIA;3;SDL;NT3;100% OPERADOR;329,5187;52,9743;88,9777;27,1099;25,2449;17,7206;541,5461
2026-01-01;202601;PEREIRA;BIA;3;SDL;NT3;100% OPERADOR;337,9002;52,9743;88,9777;27,6019;23,7408;17,7206;548,9156
2026-01-01;202601;QUINDÍO;BIA;3;SDL;NT3;100% OPERADOR;334,1389;52,9743;88,9777;28,768;22,0322;17,7206;544,6117
2026-01-01;202601;SANTANDER;BIA;3;SDL;NT3;100% OPERADOR;330,5287;52,9743;88,9777;31,5022;21,7728;17,7206;543,4764
2026-01-01;202601;TOLIMA;BIA;3;SDL;NT3;100% OPERADOR;326,8219;52,9743;126,601;26,9113;29,5303;17,7206;580,5594
2026-01-01;202601;TULUA;BIA;3;SDL;NT3;100% OPERADOR;336,3293;52,9743;94,5266;26,5816;21,5328;17,7206;549,6651
2026-01-01;202601;VALLE;BIA;3;SDL;NT3;100% OPERADOR;330,0303;52,9743;94,5266;27,6122;24,3674;17,7206;547,2315
2026-01-01;202601;YUMBO;BIA;3;SDL;NT3;100% OPERADOR;335,6144;52,9743;94,5266;25,6855;24,8495;17,7206;551,3709
2026-02-01;202602;ANTIOQUIA;BIA;1;SDL;NT1;100% OPERADOR;318,2895;50,6152;307,0274;28,6297;67,6391;18,3743;790,5751
2026-02-01;202602;BOGOTÁ;BIA;1;SDL;NT1;100% OPERADOR;318,9503;50,6152;289,8856;31,0674;65,3781;18,3743;774,2709
2026-02-01;202602;BOYACÁ;BIA;1;SDL;NT1;100% OPERADOR;312,4307;50,6152;289,8856;31,213;70,3516;18,3743;772,8703
2026-02-01;202602;CALDAS;BIA;1;SDL;NT1;100% OPERADOR;314,312;50,6152;307,0274;30,912;62,3886;18,3743;783,6295
2026-02-01;202602;CALI;BIA;1;SDL;NT1;100% OPERADOR;318,4449;50,6152;264,4753;27,2255;53,7234;18,3743;732,8586
2026-02-01;202602;CARIBE MAR;BIA;1;SDL;NT1;100% OPERADOR;317,259;50,6152;196,0492;28,6412;117,7239;18,3743;728,6628
2026-02-01;202602;CARIBE SOL;BIA;1;SDL;NT1;100% OPERADOR;317,259;50,6152;129,0008;25,4465;80,1001;18,3743;620,7959
2026-02-01;202602;CARTAGO;BIA;1;SDL;NT1;100% OPERADOR;319,4982;50,6152;264,4753;32,4828;74,6874;18,3743;760,1331
2026-02-01;202602;CASANARE;BIA;1;SDL;NT1;100% OPERADOR;312,4305;50,6152;273,1527;27,4068;59,9648;18,3743;741,9442
2026-02-01;202602;CAUCA;BIA;1;SDL;NT1;100% OPERADOR;313,6507;50,6152;264,4753;32,0886;71,6145;18,3743;750,8186
2026-02-01;202602;CUNDINAMARCA;BIA;1;SDL;NT1;100% OPERADOR;318,9503;50,6152;289,8856;31,0674;65,3781;18,3743;774,2709
2026-02-01;202602;HUILA;BIA;1;SDL;NT1;100% OPERADOR;315,286;50,6152;289,8856;33,7321;70,0615;18,3743;777,9546
2026-02-01;202602;META;BIA;1;SDL;NT1;100% OPERADOR;316,1869;50,6152;273,1527;28,8665;60,2567;18,3743;747,4522
2026-02-01;202602;NARIÑO;BIA;1;SDL;NT1;100% OPERADOR;309,4374;50,6152;264,4753;31,5698;62,2598;18,3743;736,7318
2026-02-01;202602;NORTE SANTANDER;BIA;1;SDL;NT1;100% OPERADOR;316,0176;50,6152;307,0274;28,8856;70,0471;18,3743;790,9671
2026-02-01;202602;PEREIRA;BIA;1;SDL;NT1;100% OPERADOR;319,3552;50,6152;307,0274;28,6941;60,5181;18,3743;784,5842
2026-02-01;202602;QUINDÍO;BIA;1;SDL;NT1;100% OPERADOR;317,8574;50,6152;307,0274;29,7117;62,3329;18,3743;785,9188
2026-02-01;202602;SANTANDER;BIA;1;SDL;NT1;100% OPERADOR;316,4296;50,6152;307,0274;33,236;71,1964;18,3743;796,8788
2026-02-01;202602;TOLIMA;BIA;1;SDL;NT1;100% OPERADOR;314,9437;50,6152;289,8856;28,7366;82,7279;18,3743;785,2833
2026-02-01;202602;TULUA;BIA;1;SDL;NT1;100% OPERADOR;318,7296;50,6152;264,4753;28,0935;59,8933;18,3743;740,1811
2026-02-01;202602;VALLE;BIA;1;SDL;NT1;100% OPERADOR;316,2213;50,6152;264,4753;29,4709;62,8691;18,3743;742,0261
2026-02-01;202602;YUMBO;BIA;1;SDL;NT1;100% OPERADOR;318,4449;50,6152;264,4753;27,2255;53,7234;18,3743;732,8586
2026-02-01;202602;ANTIOQUIA;BIA;2;SDL;NT2;100% OPERADOR;318,2895;50,6152;196,9665;28,6297;21,6079;18,3743;634,4831
2026-02-01;202602;BOGOTÁ;BIA;2;SDL;NT2;100% OPERADOR;318,9503;50,6152;185,2724;31,0674;23,4201;18,3743;627,6997
2026-02-01;202602;BOYACÁ;BIA;2;SDL;NT2;100% OPERADOR;312,4307;50,6152;185,2724;31,213;21,1903;18,3743;619,0958
2026-02-01;202602;CALDAS;BIA;2;SDL;NT2;100% OPERADOR;314,312;50,6152;196,9665;30,912;29,3656;18,3743;640,5456
2026-02-01;202602;CALI;BIA;2;SDL;NT2;100% OPERADOR;318,4449;50,6152;159,6149;27,2255;25,8466;18,3743;600,1214
2026-02-01;202602;CARIBE MAR;BIA;2;SDL;NT2;100% OPERADOR;317,259;50,6152;126,2263;28,6412;26,0471;18,3743;567,163
2026-02-01;202602;CARIBE SOL;BIA;2;SDL;NT2;100% OPERADOR;317,259;50,6152;86,362;25,4465;27,1717;18,3743;525,2286
2026-02-01;202602;CARTAGO;BIA;2;SDL;NT2;100% OPERADOR;319,4982;50,6152;159,6149;32,4828;27,0804;18,3743;607,6657
2026-02-01;202602;CASANARE;BIA;2;SDL;NT2;100% OPERADOR;312,4305;50,6152;190,0393;27,4068;16,3629;18,3743;615,229
2026-02-01;202602;CAUCA;BIA;2;SDL;NT2;100% OPERADOR;313,6507;50,6152;159,6149;32,0886;29,0284;18,3743;603,3721
2026-02-01;202602;CUNDINAMARCA;BIA;2;SDL;NT2;100% OPERADOR;318,9503;50,6152;185,2724;31,0674;23,4201;18,3743;627,6997
2026-02-01;202602;HUILA;BIA;2;SDL;NT2;100% OPERADOR;315,286;50,6152;185,2724;33,7321;29,7663;18,3743;633,0462
2026-02-01;202602;META;BIA;2;SDL;NT2;100% OPERADOR;316,1869;50,6152;190,0393;28,8665;27,7714;18,3743;631,8535
2026-02-01;202602;NARIÑO;BIA;2;SDL;NT2;100% OPERADOR;309,4374;50,6152;159,6149;31,5698;22,6292;18,3743;592,2408
2026-02-01;202602;NORTE SANTANDER;BIA;2;SDL;NT2;100% OPERADOR;316,0176;50,6152;196,9665;28,8856;23,8795;18,3743;634,7387
2026-02-01;202602;PEREIRA;BIA;2;SDL;NT2;100% OPERADOR;319,3552;50,6152;196,9665;28,6941;25,9144;18,3743;639,9196
2026-02-01;202602;QUINDÍO;BIA;2;SDL;NT2;100% OPERADOR;317,8574;50,6152;196,9665;29,7117;27,809;18,3743;641,3341
2026-02-01;202602;SANTANDER;BIA;2;SDL;NT2;100% OPERADOR;316,4296;50,6152;196,9665;33,236;27,185;18,3743;642,8066
2026-02-01;202602;TOLIMA;BIA;2;SDL;NT2;100% OPERADOR;314,9437;50,6152;185,2724;28,7366;38,2584;18,3743;636,2006
2026-02-01;202602;TULUA;BIA;2;SDL;NT2;100% OPERADOR;318,7296;50,6152;159,6149;28,0935;26,3689;18,3743;601,7963
2026-02-01;202602;VALLE;BIA;2;SDL;NT2;100% OPERADOR;316,2213;50,6152;159,6149;29,4709;27,6382;18,3743;601,9348
2026-02-01;202602;YUMBO;BIA;2;SDL;NT2;100% OPERADOR;318,4449;50,6152;159,6149;27,2255;25,8466;18,3743;600,1214
2026-02-01;202602;ANTIOQUIA;BIA;3;SDL;NT3;100% OPERADOR;318,2895;50,6152;88,9525;28,6297;19,2705;18,3743;524,1316
2026-02-01;202602;BOGOTÁ;BIA;3;SDL;NT3;100% OPERADOR;318,9503;50,6152;124,385;31,0674;22,4305;18,3743;565,8227
2026-02-01;202602;BOYACÁ;BIA;3;SDL;NT3;100% OPERADOR;312,4307;50,6152;124,385;31,213;18,6484;18,3743;555,6665
2026-02-01;202602;CALDAS;BIA;3;SDL;NT3;100% OPERADOR;314,312;50,6152;88,9525;30,912;22,5991;18,3743;525,7651
2026-02-01;202602;CALI;BIA;3;SDL;NT3;100% OPERADOR;318,4449;50,6152;97,3352;27,2255;24,2581;18,3743;536,2531
2026-02-01;202602;CARIBE MAR;BIA;3;SDL;NT3;100% OPERADOR;317,259;50,6152;96,317;28,6412;15,2987;18,3743;526,5053
2026-02-01;202602;CARIBE SOL;BIA;3;SDL;NT3;100% OPERADOR;317,259;50,6152;65,3161;25,4465;23,4591;18,3743;500,4701
2026-02-01;202602;CARTAGO;BIA;3;SDL;NT3;100% OPERADOR;319,4982;50,6152;97,3352;32,4828;22,8921;18,3743;541,1976
2026-02-01;202602;CASANARE;BIA;3;SDL;NT3;100% OPERADOR;312,4305;50,6152;91,8152;27,4068;11,6645;18,3743;512,3064
2026-02-01;202602;CAUCA;BIA;3;SDL;NT3;100% OPERADOR;313,6507;50,6152;97,3352;32,0886;24,7495;18,3743;536,8134
2026-02-01;202602;CUNDINAMARCA;BIA;3;SDL;NT3;100% OPERADOR;318,9503;50,6152;124,385;31,0674;22,4305;18,3743;565,8227
2026-02-01;202602;HUILA;BIA;3;SDL;NT3;100% OPERADOR;315,286;50,6152;124,385;33,7321;23,7384;18,3743;566,1309
2026-02-01;202602;META;BIA;3;SDL;NT3;100% OPERADOR;316,1869;50,6152;91,8152;28,8665;22,3247;18,3743;528,1828
2026-02-01;202602;NARIÑO;BIA;3;SDL;NT3;100% OPERADOR;309,4374;50,6152;97,3352;31,5698;16,4748;18,3743;523,8066
2026-02-01;202602;NORTE SANTANDER;BIA;3;SDL;NT3;100% OPERADOR;316,0176;50,6152;88,9525;28,8856;24,4414;18,3743;527,2866
2026-02-01;202602;PEREIRA;BIA;3;SDL;NT3;100% OPERADOR;319,3552;50,6152;88,9525;28,6941;22,8697;18,3743;528,8609
2026-02-01;202602;QUINDÍO;BIA;3;SDL;NT3;100% OPERADOR;317,8574;50,6152;88,9525;29,7117;21,6846;18,3743;527,1957
2026-02-01;202602;SANTANDER;BIA;3;SDL;NT3;100% OPERADOR;316,4296;50,6152;88,9525;33,236;21,4373;18,3743;529,0449
2026-02-01;202602;TOLIMA;BIA;3;SDL;NT3;100% OPERADOR;314,9437;50,6152;124,385;28,7366;29,0506;18,3743;566,1054
2026-02-01;202602;TULUA;BIA;3;SDL;NT3;100% OPERADOR;318,7296;50,6152;97,3352;28,0935;20,6642;18,3743;533,8119
2026-02-01;202602;VALLE;BIA;3;SDL;NT3;100% OPERADOR;316,2213;50,6152;97,3352;29,4709;23,9544;18,3743;535,9712
2026-02-01;202602;YUMBO;BIA;3;SDL;NT3;100% OPERADOR;318,4449;50,6152;97,3352;27,2255;24,2581;18,3743;536,2531
2026-03-01;202603;ANTIOQUIA;BIA;1;SDL;NT1;100% OPERADOR;273,8242;57,632;300,5045;25,6512;62,0646;29,4522;749,1287
2026-03-01;202603;BOGOTÁ;BIA;1;SDL;NT1;100% OPERADOR;274,4944;57,632;297,9523;27,3959;59,8837;29,4522;746,8105
2026-03-01;202603;BOYACÁ;BIA;1;SDL;NT1;100% OPERADOR;267,8814;57,632;297,9523;28,2797;64,2648;29,4522;745,4624
2026-03-01;202603;CALDAS;BIA;1;SDL;NT1;100% OPERADOR;269,7897;57,632;300,5045;28,6068;57,8309;29,4522;743,8162
2026-03-01;202603;CALI;BIA;1;SDL;NT1;100% OPERADOR;273,9818;57,632;273,5245;24,7675;49,8632;29,4522;709,2212
2026-03-01;202603;CARIBE MAR;BIA;1;SDL;NT1;100% OPERADOR;272,7789;57,632;204,8857;25,983;104,6351;29,4522;695,3669
2026-03-01;202603;CARIBE SOL;BIA;1;SDL;NT1;100% OPERADOR;272,7789;57,632;136,9402;22,8193;71,9461;29,4522;591,5687
2026-03-01;202603;CARTAGO;BIA;1;SDL;NT1;100% OPERADOR;275,0501;57,632;273,5245;30,4345;68,2864;29,4522;734,3798
2026-03-01;202603;CASANARE;BIA;1;SDL;NT1;100% OPERADOR;267,8813;57,632;271,0361;25,2876;54,6493;29,4522;705,9385
2026-03-01;202603;CAUCA;BIA;1;SDL;NT1;100% OPERADOR;269,119;57,632;273,5245;29,672;66,4461;29,4522;725,8458
2026-03-01;202603;CUNDINAMARCA;BIA;1;SDL;NT1;100% OPERADOR;274,4944;57,632;297,9523;27,3959;59,8837;29,4522;746,8105
2026-03-01;202603;HUILA;BIA;1;SDL;NT1;100% OPERADOR;270,7777;57,632;297,9523;30,6413;64,4805;29,4522;750,9361
2026-03-01;202603;META;BIA;1;SDL;NT1;100% OPERADOR;271,6914;57,632;271,0361;26,6705;55,1638;29,4522;711,6461
2026-03-01;202603;NARIÑO;BIA;1;SDL;NT1;100% OPERADOR;264,8453;57,632;273,5245;29,4998;57,1853;29,4522;712,1392
2026-03-01;202603;NORTE SANTANDER;BIA;1;SDL;NT1;100% OPERADOR;271,5197;57,632;300,5045;26,0492;64,3881;29,4522;749,5458
2026-03-01;202603;PEREIRA;BIA;1;SDL;NT1;100% OPERADOR;274,9051;57,632;300,5045;25,812;55,8738;29,4522;744,1796
2026-03-01;202603;QUINDÍO;BIA;1;SDL;NT1;100% OPERADOR;273,3859;57,632;300,5045;26,8649;57,6815;29,4522;745,521
2026-03-01;202603;SANTANDER;BIA;1;SDL;NT1;100% OPERADOR;271,9385;57,632;300,5045;30,4744;65,4417;29,4522;755,4433
2026-03-01;202603;TOLIMA;BIA;1;SDL;NT1;100% OPERADOR;270,4304;57,632;297,9523;26,2182;76,1096;29,4522;757,7947
2026-03-01;202603;TULUA;BIA;1;SDL;NT1;100% OPERADOR;274,2706;57,632;273,5245;25,604;55,2912;29,4522;715,7745
2026-03-01;202603;VALLE;BIA;1;SDL;NT1;100% OPERADOR;271,7264;57,632;273,5245;26,9508;57,6085;29,4522;716,8945
2026-03-01;202603;YUMBO;BIA;1;SDL;NT1;100% OPERADOR;273,9818;57,632;273,5245;24,7675;49,8632;29,4522;709,2212
2026-03-01;202603;ANTIOQUIA;BIA;2;SDL;NT2;100% OPERADOR;273,8242;57,632;200,5713;25,6512;20,9743;29,4522;608,1051
2026-03-01;202603;BOGOTÁ;BIA;2;SDL;NT2;100% OPERADOR;274,4944;57,632;184,8592;27,3959;22,129;29,4522;595,9628
2026-03-01;202603;BOYACÁ;BIA;2;SDL;NT2;100% OPERADOR;267,8814;57,632;184,8592;28,2797;20,0866;29,4522;588,1911
2026-03-01;202603;CALDAS;BIA;2;SDL;NT2;100% OPERADOR;269,7897;57,632;200,5713;28,6068;28,1319;29,4522;614,1839
2026-03-01;202603;CALI;BIA;2;SDL;NT2;100% OPERADOR;273,9818;57,632;162,025;24,7675;24,4244;29,4522;572,283
2026-03-01;202603;CARIBE MAR;BIA;2;SDL;NT2;100% OPERADOR;272,7789;57,632;133,3746;25,983;22,3938;29,4522;541,6145
2026-03-01;202603;CARIBE SOL;BIA;2;SDL;NT2;100% OPERADOR;272,7789;57,632;94,2846;22,8193;24,4631;29,4522;501,4301
2026-03-01;202603;CARTAGO;BIA;2;SDL;NT2;100% OPERADOR;275,0501;57,632;162,025;30,4345;25,7675;29,4522;580,3614
2026-03-01;202603;CASANARE;BIA;2;SDL;NT2;100% OPERADOR;267,8813;57,632;186,5485;25,2876;15,1448;29,4522;581,9464
2026-03-01;202603;CAUCA;BIA;2;SDL;NT2;100% OPERADOR;269,119;57,632;162,025;29,672;28,1572;29,4522;576,0573
2026-03-01;202603;CUNDINAMARCA;BIA;2;SDL;NT2;100% OPERADOR;274,4944;57,632;184,8592;27,3959;22,129;29,4522;595,9628
2026-03-01;202603;HUILA;BIA;2;SDL;NT2;100% OPERADOR;270,7777;57,632;184,8592;30,6413;28,2293;29,4522;601,5918
2026-03-01;202603;META;BIA;2;SDL;NT2;100% OPERADOR;271,6914;57,632;186,5485;26,6705;26,2843;29,4522;598,2791
2026-03-01;202603;NARIÑO;BIA;2;SDL;NT2;100% OPERADOR;264,8453;57,632;162,025;29,4998;21,289;29,4522;564,7432
2026-03-01;202603;NORTE SANTANDER;BIA;2;SDL;NT2;100% OPERADOR;271,5197;57,632;200,5713;26,0492;22,8421;29,4522;608,0666
2026-03-01;202603;PEREIRA;BIA;2;SDL;NT2;100% OPERADOR;274,9051;57,632;200,5713;25,812;25,0564;29,4522;613,429
2026-03-01;202603;QUINDÍO;BIA;2;SDL;NT2;100% OPERADOR;273,3859;57,632;200,5713;26,8649;26,2619;29,4522;614,1682
2026-03-01;202603;SANTANDER;BIA;2;SDL;NT2;100% OPERADOR;271,9385;57,632;200,5713;30,4744;25,8324;29,4522;615,9008
2026-03-01;202603;TOLIMA;BIA;2;SDL;NT2;100% OPERADOR;270,4304;57,632;184,8592;26,2182;35,7661;29,4522;604,3582
2026-03-01;202603;TULUA;BIA;2;SDL;NT2;100% OPERADOR;274,2706;57,632;162,025;25,604;25,0937;29,4522;574,0775
2026-03-01;202603;VALLE;BIA;2;SDL;NT2;100% OPERADOR;271,7264;57,632;162,025;26,9508;25,9397;29,4522;573,7262
2026-03-01;202603;YUMBO;BIA;2;SDL;NT2;100% OPERADOR;273,9818;57,632;162,025;24,7675;24,4244;29,4522;572,283
2026-03-01;202603;ANTIOQUIA;BIA;3;SDL;NT3;100% OPERADOR;273,8242;57,632;92,1965;25,6512;18,6142;29,4522;497,3702
2026-03-01;202603;BOGOTÁ;BIA;3;SDL;NT3;100% OPERADOR;274,4944;57,632;125,1526;27,3959;21,5687;29,4522;535,6958
2026-03-01;202603;BOYACÁ;BIA;3;SDL;NT3;100% OPERADOR;267,8814;57,632;125,1526;28,2797;17,5023;29,4522;525,9002
2026-03-01;202603;CALDAS;BIA;3;SDL;NT3;100% OPERADOR;269,7897;57,632;92,1965;28,6068;21,7247;29,4522;499,4019
2026-03-01;202603;CALI;BIA;3;SDL;NT3;100% OPERADOR;273,9818;57,632;101,2607;24,7675;22,9915;29,4522;510,0858
2026-03-01;202603;CARIBE MAR;BIA;3;SDL;NT3;100% OPERADOR;272,7789;57,632;102,4101;25,983;12,7531;29,4522;501,0093
2026-03-01;202603;CARIBE SOL;BIA;3;SDL;NT3;100% OPERADOR;272,7789;57,632;71,8053;22,8193;21,1093;29,4522;475,5971
2026-03-01;202603;CARTAGO;BIA;3;SDL;NT3;100% OPERADOR;275,0501;57,632;101,2607;30,4345;21,9974;29,4522;515,8269
2026-03-01;202603;CASANARE;BIA;3;SDL;NT3;100% OPERADOR;267,8813;57,632;95,7899;25,2876;11,2388;29,4522;487,2819
2026-03-01;202603;CAUCA;BIA;3;SDL;NT3;100% OPERADOR;269,119;57,632;101,2607;29,672;24,3139;29,4522;511,4497
2026-03-01;202603;CUNDINAMARCA;BIA;3;SDL;NT3;100% OPERADOR;274,4944;57,632;125,1526;27,3959;21,5687;29,4522;535,6958
2026-03-01;202603;HUILA;BIA;3;SDL;NT3;100% OPERADOR;270,7777;57,632;125,1526;30,6413;22,8062;29,4522;536,462
2026-03-01;202603;META;BIA;3;SDL;NT3;100% OPERADOR;271,6914;57,632;95,7899;26,6705;21,0513;29,4522;502,2875
2026-03-01;202603;NARIÑO;BIA;3;SDL;NT3;100% OPERADOR;264,8453;57,632;101,2607;29,4998;15,7681;29,4522;498,4581
2026-03-01;202603;NORTE SANTANDER;BIA;3;SDL;NT3;100% OPERADOR;271,5197;57,632;92,1965;26,0492;23,2434;29,4522;500,093
2026-03-01;202603;PEREIRA;BIA;3;SDL;NT3;100% OPERADOR;274,9051;57,632;92,1965;25,812;22,3132;29,4522;502,311
2026-03-01;202603;QUINDÍO;BIA;3;SDL;NT3;100% OPERADOR;273,3859;57,632;92,1965;26,8649;20,752;29,4522;500,2835
2026-03-01;202603;SANTANDER;BIA;3;SDL;NT3;100% OPERADOR;271,9385;57,632;92,1965;30,4744;20,3456;29,4522;502,0392
2026-03-01;202603;TOLIMA;BIA;3;SDL;NT3;100% OPERADOR;270,4304;57,632;125,1526;26,2182;27,5018;29,4522;536,3873
2026-03-01;202603;TULUA;BIA;3;SDL;NT3;100% OPERADOR;274,2706;57,632;101,2607;25,604;19,9549;29,4522;508,1744
2026-03-01;202603;VALLE;BIA;3;SDL;NT3;100% OPERADOR;271,7264;57,632;101,2607;26,9508;22,6339;29,4522;509,656
2026-03-01;202603;YUMBO;BIA;3;SDL;NT3;100% OPERADOR;273,9818;57,632;101,2607;24,7675;22,9915;29,4522;510,0858
2026-04-01;202604;ANTIOQUIA;BIA;1;SDL;NT1;100% OPERADOR;309,0125;55,9536;315,7034;26,5381;64,5814;23,6148;795,4038
2026-04-01;202604;BOGOTÁ;BIA;1;SDL;NT1;100% OPERADOR;309,7393;55,9536;288,0311;28,0817;62,3642;23,6148;767,7846
2026-04-01;202604;BOYACÁ;BIA;1;SDL;NT1;100% OPERADOR;302,4554;55,9536;288,0311;28,84;67,0104;23,6148;765,9052
2026-04-01;202604;CALDAS;BIA;1;SDL;NT1;100% OPERADOR;304,6382;55,9536;315,7034;28,6043;59,8845;23,6148;788,3989
2026-04-01;202604;CALI;BIA;1;SDL;NT1;100% OPERADOR;309,1835;55,9536;277,5855;26,355;51,3819;23,6148;744,0743
2026-04-01;202604;CARIBE MAR;BIA;1;SDL;NT1;100% OPERADOR;307,8792;55,9536;177,4803;26,1936;63,6244;23,6148;654,7457
2026-04-01;202604;CARIBE SOL;BIA;1;SDL;NT1;100% OPERADOR;307,7654;55,9536;127,3434;23,2418;75,9587;23,6148;613,8777
2026-04-01;202604;CARTAGO;BIA;1;SDL;NT1;100% OPERADOR;310,3417;55,9536;277,5855;31,6481;64,1912;23,6148;763,3349
2026-04-01;202604;CASANARE;BIA;1;SDL;NT1;100% OPERADOR;302,569;55,9536;272,4521;25,3559;57,0739;23,6148;737,0193
2026-04-01;202604;CAUCA;BIA;1;SDL;NT1;100% OPERADOR;303,911;55,9536;277,5855;30,1688;66,8998;23,6148;758,1334
2026-04-01;202604;CUNDINAMARCA;BIA;1;SDL;NT1;100% OPERADOR;309,7393;55,9536;288,0311;28,0817;62,3642;23,6148;767,7846
2026-04-01;202604;HUILA;BIA;1;SDL;NT1;100% OPERADOR;305,7094;55,9536;288,0311;31,5209;67,007;23,6148;771,8367
2026-04-01;202604;META;BIA;1;SDL;NT1;100% OPERADOR;306,7002;55,9536;272,4521;26,7794;62,2499;23,6148;747,7499
2026-04-01;202604;NARIÑO;BIA;1;SDL;NT1;100% OPERADOR;299,2773;55,9536;277,5855;30,2499;59,5632;23,6148;746,2443
2026-04-01;202604;NORTE SANTANDER;BIA;1;SDL;NT1;100% OPERADOR;306,5139;55,9536;315,7034;25,7339;64,6333;23,6148;792,1529
2026-04-01;202604;PEREIRA;BIA;1;SDL;NT1;100% OPERADOR;310,1845;55,9536;315,7034;25,791;57,6896;23,6148;788,9369
2026-04-01;202604;QUINDÍO;BIA;1;SDL;NT1;100% OPERADOR;308,5373;55,9536;315,7034;26,7323;59,8284;23,6148;790,3698
2026-04-01;202604;SANTANDER;BIA;1;SDL;NT1;100% OPERADOR;306,968;55,9536;315,7034;30,2098;68,4372;23,6148;800,8869
2026-04-01;202604;TOLIMA;BIA;1;SDL;NT1;100% OPERADOR;305,3329;55,9536;288,0311;26,5713;77,1157;23,6148;776,6194
2026-04-01;202604;TULUA;BIA;1;SDL;NT1;100% OPERADOR;309,4965;55,9536;277,5855;26,2082;57,391;23,6148;750,2496
2026-04-01;202604;VALLE;BIA;1;SDL;NT1;100% OPERADOR;306,738;55,9536;277,5855;27,0859;59,8413;23,6148;750,8191
2026-04-01;202604;YUMBO;BIA;1;SDL;NT1;100% OPERADOR;309,1835;55,9536;277,5855;26,355;51,3819;23,6148;744,0743
2026-04-01;202604;ANTIOQUIA;BIA;2;SDL;NT2;100% OPERADOR;309,0125;55,9536;206,071;26,5381;19,862;23,6148;641,0519
2026-04-01;202604;BOGOTÁ;BIA;2;SDL;NT2;100% OPERADOR;309,7393;55,9536;186,4289;28,0817;21,2702;23,6148;625,0884
2026-04-01;202604;BOYACÁ;BIA;2;SDL;NT2;100% OPERADOR;302,4554;55,9536;186,4289;28,84;19,274;23,6148;616,5667
2026-04-01;202604;CALDAS;BIA;2;SDL;NT2;100% OPERADOR;304,6382;55,9536;206,071;28,6043;27,5555;23,6148;646,4374
2026-04-01;202604;CALI;BIA;2;SDL;NT2;100% OPERADOR;309,1835;55,9536;165,3711;26,355;23,6943;23,6148;604,1722
2026-04-01;202604;CARIBE MAR;BIA;2;SDL;NT2;100% OPERADOR;307,8792;55,9536;123,1534;26,1936;12,5088;23,6148;549,3033
2026-04-01;202604;CARIBE SOL;BIA;2;SDL;NT2;100% OPERADOR;307,7654;55,9536;85,9238;23,2418;24,2639;23,6148;520,7632
2026-04-01;202604;CARTAGO;BIA;2;SDL;NT2;100% OPERADOR;310,3417;55,9536;165,3711;31,6481;23,1802;23,6148;610,1094
2026-04-01;202604;CASANARE;BIA;2;SDL;NT2;100% OPERADOR;302,569;55,9536;185,5445;25,3559;14,0675;23,6148;607,1054
2026-04-01;202604;CAUCA;BIA;2;SDL;NT2;100% OPERADOR;303,911;55,9536;165,3711;30,1688;26,8862;23,6148;605,9054
2026-04-01;202604;CUNDINAMARCA;BIA;2;SDL;NT2;100% OPERADOR;309,7393;55,9536;186,4289;28,0817;21,2702;23,6148;625,0884
2026-04-01;202604;HUILA;BIA;2;SDL;NT2;100% OPERADOR;305,7094;55,9536;186,4289;31,5209;27,5502;23,6148;630,7777
2026-04-01;202604;META;BIA;2;SDL;NT2;100% OPERADOR;306,7002;55,9536;185,5445;26,7794;26,5325;23,6148;625,1249
2026-04-01;202604;NARIÑO;BIA;2;SDL;NT2;100% OPERADOR;299,2773;55,9536;165,3711;30,2499;20,4777;23,6148;594,9443
2026-04-01;202604;NORTE SANTANDER;BIA;2;SDL;NT2;100% OPERADOR;306,5139;55,9536;206,071;25,7339;21,6921;23,6148;639,5792
2026-04-01;202604;PEREIRA;BIA;2;SDL;NT2;100% OPERADOR;310,1845;55,9536;206,071;25,791;24,1503;23,6148;645,7651
2026-04-01;202604;QUINDÍO;BIA;2;SDL;NT2;100% OPERADOR;308,5373;55,9536;206,071;26,7323;25,6337;23,6148;646,5426
2026-04-01;202604;SANTANDER;BIA;2;SDL;NT2;100% OPERADOR;306,968;55,9536;206,071;30,2098;25,3296;23,6148;648,1468
2026-04-01;202604;TOLIMA;BIA;2;SDL;NT2;100% OPERADOR;305,3329;55,9536;186,4289;26,5713;35,3721;23,6148;633,2736
2026-04-01;202604;TULUA;BIA;2;SDL;NT2;100% OPERADOR;309,4965;55,9536;165,3711;26,2082;24,5278;23,6148;605,172
2026-04-01;202604;VALLE;BIA;2;SDL;NT2;100% OPERADOR;306,738;55,9536;165,3711;27,0859;25,3778;23,6148;604,1411
2026-04-01;202604;YUMBO;BIA;2;SDL;NT2;100% OPERADOR;309,1835;55,9536;165,3711;26,355;23,6943;23,6148;604,1722
2026-04-01;202604;ANTIOQUIA;BIA;3;SDL;NT3;100% OPERADOR;309,0125;55,9536;90,6662;26,5381;17,5368;23,6148;523,322
2026-04-01;202604;BOGOTÁ;BIA;3;SDL;NT3;100% OPERADOR;309,7393;55,9536;117,2929;28,0817;20,6568;23,6148;555,3391
2026-04-01;202604;BOYACÁ;BIA;3;SDL;NT3;100% OPERADOR;302,4554;55,9536;117,2929;28,84;16,4553;23,6148;544,612
2026-04-01;202604;CALDAS;BIA;3;SDL;NT3;100% OPERADOR;304,6382;55,9536;90,6662;28,6043;20,5776;23,6148;524,0547
2026-04-01;202604;CALI;BIA;3;SDL;NT3;100% OPERADOR;309,1835;55,9536;96,6989;26,355;22,1325;23,6148;533,9382
2026-04-01;202604;CARIBE MAR;BIA;3;SDL;NT3;100% OPERADOR;307,8792;55,9536;92,7612;26,1936;9,7267;23,6148;516,1289
2026-04-01;202604;CARIBE SOL;BIA;3;SDL;NT3;100% OPERADOR;307,7654;55,9536;63,4522;23,2418;20,7533;23,6148;494,7811
2026-04-01;202604;CARTAGO;BIA;3;SDL;NT3;100% OPERADOR;310,3417;55,9536;96,6989;31,6481;19,4347;23,6148;537,6918
2026-04-01;202604;CASANARE;BIA;3;SDL;NT3;100% OPERADOR;302,569;55,9536;89,7601;25,3559;9,8133;23,6148;507,0667
2026-04-01;202604;CAUCA;BIA;3;SDL;NT3;100% OPERADOR;303,911;55,9536;96,6989;30,1688;22,8524;23,6148;533,1995
2026-04-01;202604;CUNDINAMARCA;BIA;3;SDL;NT3;100% OPERADOR;309,7393;55,9536;117,2929;28,0817;20,6568;23,6148;555,3391
2026-04-01;202604;HUILA;BIA;3;SDL;NT3;100% OPERADOR;305,7094;55,9536;117,2929;31,5209;21,6445;23,6148;555,736
2026-04-01;202604;META;BIA;3;SDL;NT3;100% OPERADOR;306,7002;55,9536;89,7601;26,7794;20,813;23,6148;523,621
2026-04-01;202604;NARIÑO;BIA;3;SDL;NT3;100% OPERADOR;299,2773;55,9536;96,6989;30,2499;14,4634;23,6148;520,2579
2026-04-01;202604;NORTE SANTANDER;BIA;3;SDL;NT3;100% OPERADOR;306,5139;55,9536;90,6662;25,7339;22,2347;23,6148;524,717
2026-04-01;202604;PEREIRA;BIA;3;SDL;NT3;100% OPERADOR;310,1845;55,9536;90,6662;25,791;21,1636;23,6148;527,3737
2026-04-01;202604;QUINDÍO;BIA;3;SDL;NT3;100% OPERADOR;308,5373;55,9536;90,6662;26,7323;19,6345;23,6148;525,1387
2026-04-01;202604;SANTANDER;BIA;3;SDL;NT3;100% OPERADOR;306,968;55,9536;90,6662;30,2098;19,3392;23,6148;526,7517
2026-04-01;202604;TOLIMA;BIA;3;SDL;NT3;100% OPERADOR;305,3329;55,9536;117,2929;26,5713;26,6307;23,6148;555,3962
2026-04-01;202604;TULUA;BIA;3;SDL;NT3;100% OPERADOR;309,4965;55,9536;96,6989;26,2082;18,933;23,6148;530,9051
2026-04-01;202604;VALLE;BIA;3;SDL;NT3;100% OPERADOR;306,738;55,9536;96,6989;27,0859;21,8101;23,6148;531,9013
2026-04-01;202604;YUMBO;BIA;3;SDL;NT3;100% OPERADOR;309,1835;55,9536;96,6989;26,355;22,1325;23,6148;533,9382
2026-05-01;202605;ANTIOQUIA;BIA;1;SDL;NT1;100% OPERADOR;329,0022;38,4612;321,2576;27,9525;65,5609;31,1886;813,4229
2026-05-01;202605;BOGOTÁ;BIA;1;SDL;NT1;100% OPERADOR;329,531;38,4612;287,1205;28,0409;63,2752;31,1886;777,6173
2026-05-01;202605;BOYACÁ;BIA;1;SDL;NT1;100% OPERADOR;324,4284;38,4612;287,1205;29,0394;68,3627;31,1886;778,6007
2026-05-01;202605;CALDAS;BIA;1;SDL;NT1;100% OPERADOR;325,819;38,4612;321,2576;28,8884;61,0113;31,1886;806,6261
2026-05-01;202605;CALI;BIA;1;SDL;NT1;100% OPERADOR;329,1266;38,4612;281,6015;27,6156;52,2432;31,1886;760,2366
2026-05-01;202605;CARIBE MAR;BIA;1;SDL;NT1;100% OPERADOR;328,1774;38,4612;208,1514;24,1922;104,0995;31,1886;734,2703
2026-05-01;202605;CARIBE SOL;BIA;1;SDL;NT1;100% OPERADOR;328,2925;38,4612;126,9513;23,0287;77,1803;31,1886;625,1026
2026-05-01;202605;CARTAGO;BIA;1;SDL;NT1;100% OPERADOR;329,9694;38,4612;281,6015;31,0677;65,0995;31,1886;777,3878
2026-05-01;202605;CASANARE;BIA;1;SDL;NT1;100% OPERADOR;324,3132;38,4612;278,9271;25,55;64,3372;31,1886;762,7773
2026-05-01;202605;CAUCA;BIA;1;SDL;NT1;100% OPERADOR;325,2897;38,4612;281,6015;30,4795;68,1601;31,1886;775,1805
2026-05-01;202605;CUNDINAMARCA;BIA;1;SDL;NT1;100% OPERADOR;329,531;38,4612;287,1205;28,0409;63,2752;31,1886;777,6173
2026-05-01;202605;HUILA;BIA;1;SDL;NT1;100% OPERADOR;326,5985;38,4612;287,1205;31,1755;68,0966;31,1886;782,6408
2026-05-01;202605;META;BIA;1;SDL;NT1;100% OPERADOR;327,3194;38,4612;278,9271;26,9738;63,2722;31,1886;766,1422
2026-05-01;202605;NARIÑO;BIA;1;SDL;NT1;100% OPERADOR;321,9178;38,4612;281,6015;30,5368;60,9334;31,1886;764,6392
2026-05-01;202605;NORTE SANTANDER;BIA;1;SDL;NT1;100% OPERADOR;327,1839;38,4612;321,2576;26,4367;65,7129;31,1886;810,2408
2026-05-01;202605;PEREIRA;BIA;1;SDL;NT1;100% OPERADOR;329,855;38,4612;321,2576;26,3312;58,556;31,1886;805,6496
2026-05-01;202605;QUINDÍO;BIA;1;SDL;NT1;100% OPERADOR;328,6563;38,4612;321,2576;27,3498;60,8004;31,1886;807,7139
2026-05-01;202605;SANTANDER;BIA;1;SDL;NT1;100% OPERADOR;327,5144;38,4612;321,2576;30,7331;69,5427;31,1886;818,6975
2026-05-01;202605;TOLIMA;BIA;1;SDL;NT1;100% OPERADOR;326,3245;38,4612;287,1205;26,421;78,3672;31,1886;787,8829
2026-05-01;202605;TULUA;BIA;1;SDL;NT1;100% OPERADOR;329,3544;38,4612;281,6015;26,072;58,2964;31,1886;764,974
2026-05-01;202605;VALLE;BIA;1;SDL;NT1;100% OPERADOR;327,347;38,4612;281,6015;27,175;60,8558;31,1886;766,629
2026-05-01;202605;YUMBO;BIA;1;SDL;NT1;100% OPERADOR;329,1266;38,4612;281,6015;27,6156;52,2432;31,1886;760,2366
2026-05-01;202605;ANTIOQUIA;BIA;2;SDL;NT2;100% OPERADOR;329,0022;38,4612;204,7514;27,9525;20,4313;31,1886;651,7871
2026-05-01;202605;BOGOTÁ;BIA;2;SDL;NT2;100% OPERADOR;329,531;38,4612;191,3385;28,0409;21,8272;31,1886;640,3873
2026-05-01;202605;BOYACÁ;BIA;2;SDL;NT2;100% OPERADOR;324,4284;38,4612;191,3385;29,0394;19,9143;31,1886;634,3704
2026-05-01;202605;CALDAS;BIA;2;SDL;NT2;100% OPERADOR;325,819;38,4612;204,7514;28,8884;28,2747;31,1886;657,3832
2026-05-01;202605;CALI;BIA;2;SDL;NT2;100% OPERADOR;329,1266;38,4612;168,4248;27,6156;24,3058;31,1886;619,1225
2026-05-01;202605;CARIBE MAR;BIA;2;SDL;NT2;100% OPERADOR;328,1774;38,4612;130,014;24,1922;21,8595;31,1886;573,8928
2026-05-01;202605;CARIBE SOL;BIA;2;SDL;NT2;100% OPERADOR;328,2925;38,4612;85,9169;23,0287;24,9255;31,1886;531,8134
2026-05-01;202605;CARTAGO;BIA;2;SDL;NT2;100% OPERADOR;329,9694;38,4612;168,4248;31,0677;23,754;31,1886;622,8657
2026-05-01;202605;CASANARE;BIA;2;SDL;NT2;100% OPERADOR;324,3132;38,4612;195,9422;25,55;20,7188;31,1886;636,174
2026-05-01;202605;CAUCA;BIA;2;SDL;NT2;100% OPERADOR;325,2897;38,4612;168,4248;30,4795;27,6212;31,1886;621,4649
2026-05-01;202605;CUNDINAMARCA;BIA;2;SDL;NT2;100% OPERADOR;329,531;38,4612;191,3385;28,0409;21,8272;31,1886;640,3873
2026-05-01;202605;HUILA;BIA;2;SDL;NT2;100% OPERADOR;326,5985;38,4612;191,3385;31,1755;28,1756;31,1886;646,9379
2026-05-01;202605;META;BIA;2;SDL;NT2;100% OPERADOR;327,3194;38,4612;195,9422;26,9738;27,1615;31,1886;647,0467
2026-05-01;202605;NARIÑO;BIA;2;SDL;NT2;100% OPERADOR;321,9178;38,4612;168,4248;30,5368;21,1869;31,1886;611,716
2026-05-01;202605;NORTE SANTANDER;BIA;2;SDL;NT2;100% OPERADOR;327,1839;38,4612;204,7514;26,4367;22,2941;31,1886;650,3159
2026-05-01;202605;PEREIRA;BIA;2;SDL;NT2;100% OPERADOR;329,855;38,4612;204,7514;26,3312;24,7401;31,1886;655,3274
2026-05-01;202605;QUINDÍO;BIA;2;SDL;NT2;100% OPERADOR;328,6563;38,4612;204,7514;27,3498;26,2794;31,1886;656,6866
2026-05-01;202605;SANTANDER;BIA;2;SDL;NT2;100% OPERADOR;327,5144;38,4612;204,7514;30,7331;25,9696;31,1886;658,6182
2026-05-01;202605;TOLIMA;BIA;2;SDL;NT2;100% OPERADOR;326,3245;38,4612;191,3385;26,421;36,1684;31,1886;649,9021
2026-05-01;202605;TULUA;BIA;2;SDL;NT2;100% OPERADOR;329,3544;38,4612;168,4248;26,072;25,1441;31,1886;618,645
2026-05-01;202605;VALLE;BIA;2;SDL;NT2;100% OPERADOR;327,347;38,4612;168,4248;27,175;26,0173;31,1886;618,6138
2026-05-01;202605;YUMBO;BIA;2;SDL;NT2;100% OPERADOR;329,1266;38,4612;168,4248;27,6156;24,3058;31,1886;619,1225
2026-05-01;202605;ANTIOQUIA;BIA;3;SDL;NT3;100% OPERADOR;329,0022;38,4612;90,4191;27,9525;18,09;31,1886;535,1136
2026-05-01;202605;BOGOTÁ;BIA;3;SDL;NT3;100% OPERADOR;329,531;38,4612;121,6682;28,0409;21,2101;31,1886;570,0999
2026-05-01;202605;BOYACÁ;BIA;3;SDL;NT3;100% OPERADOR;324,4284;38,4612;121,6682;29,0394;17,0562;31,1886;561,8419
2026-05-01;202605;CALDAS;BIA;3;SDL;NT3;100% OPERADOR;325,819;38,4612;90,4191;28,8884;21,2097;31,1886;535,9859
2026-05-01;202605;CALI;BIA;3;SDL;NT3;100% OPERADOR;329,1266;38,4612;99,0485;27,6156;22,7273;31,1886;548,1677
2026-05-01;202605;CARIBE MAR;BIA;3;SDL;NT3;100% OPERADOR;328,1774;38,4612;95,2613;24,1922;12,4903;31,1886;529,771
2026-05-01;202605;CARIBE SOL;BIA;3;SDL;NT3;100% OPERADOR;328,2925;38,4612;63,6892;23,0287;21,377;31,1886;506,0372
2026-05-01;202605;CARTAGO;BIA;3;SDL;NT3;100% OPERADOR;329,9694;38,4612;99,0485;31,0677;19,9814;31,1886;549,7167
2026-05-01;202605;CASANARE;BIA;3;SDL;NT3;100% OPERADOR;324,3132;38,4612;93,708;25,55;16,4094;31,1886;529,6303
2026-05-01;202605;CAUCA;BIA;3;SDL;NT3;100% OPERADOR;325,2897;38,4612;99,0485;30,4795;23,555;31,1886;548,0225
2026-05-01;202605;CUNDINAMARCA;BIA;3;SDL;NT3;100% OPERADOR;329,531;38,4612;121,6682;28,0409;21,2101;31,1886;570,0999
2026-05-01;202605;HUILA;BIA;3;SDL;NT3;100% OPERADOR;326,5985;38,4612;121,6682;31,1755;22,2012;31,1886;571,2932
2026-05-01;202605;META;BIA;3;SDL;NT3;100% OPERADOR;327,3194;38,4612;93,708;26,9738;21,3715;31,1886;539,0224
2026-05-01;202605;NARIÑO;BIA;3;SDL;NT3;100% OPERADOR;321,9178;38,4612;99,0485;30,5368;15,0722;31,1886;536,225
2026-05-01;202605;NORTE SANTANDER;BIA;3;SDL;NT3;100% OPERADOR;327,1839;38,4612;90,4191;26,4367;22,8484;31,1886;536,5379
2026-05-01;202605;PEREIRA;BIA;3;SDL;NT3;100% OPERADOR;329,855;38,4612;90,4191;26,3312;21,7291;31,1886;537,9841
2026-05-01;202605;QUINDÍO;BIA;3;SDL;NT3;100% OPERADOR;328,6563;38,4612;90,4191;27,3498;20,2237;31,1886;536,2987
2026-05-01;202605;SANTANDER;BIA;3;SDL;NT3;100% OPERADOR;327,5144;38,4612;90,4191;30,7331;19,9148;31,1886;538,2311
2026-05-01;202605;TOLIMA;BIA;3;SDL;NT3;100% OPERADOR;326,3245;38,4612;121,6682;26,421;27,3236;31,1886;571,387
2026-05-01;202605;TULUA;BIA;3;SDL;NT3;100% OPERADOR;329,3544;38,4612;99,0485;26,072;19,5007;31,1886;543,6254
2026-05-01;202605;VALLE;BIA;3;SDL;NT3;100% OPERADOR;327,347;38,4612;99,0485;27,175;22,4033;31,1886;545,6235
2026-05-01;202605;YUMBO;BIA;3;SDL;NT3;100% OPERADOR;329,1266;38,4612;99,0485;27,6156;22,7273;31,1886;548,1677
