Fecha;Ciclo;Operador_Red;Comercializador;Nivel_Tension;Tipo_Red;Comb_NT;Dueno_Red;G;T;D;Cv;PR;R;CU
2025-01-01;202501;AFINIA - CARIBE MAR;NEU;1;SDL;NT1;100% OPERADOR;423,76;56,03;213,88;37,3;181,17;4,33;916,47
2025-01-01;202501;AIR-E - CARIBE SOL;NEU;1;SDL;NT1;100% OPERADOR;423,76;56,03;174,68;33,14;117,18;4,33;809,13
2025-01-01;202501;CEDENAR - NARIÑO;NEU;1;SDL;NT1;100% OPERADOR;426,44;56,03;257,74;31,81;80,08;4,33;856,44
2025-01-01;202501;CELSIA - TOLIMA;NEU;1;SDL;NT1;100% OPERADOR;424,55;56,03;280,91;27,72;110,78;4,33;904,32
2025-01-01;202501;CELSIA - VALLE DEL CAUCA;NEU;1;SDL;NT1;100% OPERADOR;424,11;56,03;257,74;30,34;78,44;4,33;850,99
2025-01-01;202501;CENS - CÚCUTA;NEU;1;SDL;NT1;100% OPERADOR;424,18;56,03;292,11;26,54;91,56;4,33;894,75
2025-01-01;202501;CEO - CAUCA;NEU;1;SDL;NT1;100% OPERADOR;424,99;56,03;257,74;33,63;93,37;4,33;870,1
2025-01-01;202501;CETSA - TULUA;NEU;1;SDL;NT1;100% OPERADOR;423,25;56,03;257,74;28,18;74,37;4,33;843,91
2025-01-01;202501;CHEC - CALDAS;NEU;1;SDL;NT1;100% OPERADOR;424,77;56,03;292,11;28,35;77,8;4,33;883,4
2025-01-01;202501;CODENSA - BOGOTÁ/CUNDINAMARCA;NEU;1;SDL;NT1;100% OPERADOR;423,18;56,03;280,91;27,78;80,7;4,33;872,93
2025-01-01;202501;DISPAC - CHOCO;NEU;1;SDL;NT1;100% OPERADOR;425,77;56,03;0,0;25,6;75,32;4,33;587,05
2025-01-01;202501;EBSA - BOYACÁ;NEU;1;SDL;NT1;100% OPERADOR;425,41;56,03;280,91;29,27;91,0;4,33;886,95
2025-01-01;202501;EDEQ - QUINDÍO;NEU;1;SDL;NT1;100% OPERADOR;423,55;56,03;292,11;28,41;77,36;4,33;881,79
2025-01-01;202501;EEBAJOPUTUM - BAJO PUTUMAYO;NEU;1;SDL;NT1;100% OPERADOR;427,06;56,03;249,01;26,54;60,17;4,33;823,14
2025-01-01;202501;EEP - CARTAGO;NEU;1;SDL;NT1;100% OPERADOR;422,99;56,03;257,74;29,55;103,0;4,33;873,64
2025-01-01;202501;EEP - RISARALDA;NEU;1;SDL;NT1;100% OPERADOR;423,04;56,03;292,11;28,27;73,85;4,33;877,62
2025-01-01;202501;ELECTRIFICADORA - HUILA;NEU;1;SDL;NT1;100% OPERADOR;424,43;56,03;280,91;31,19;97,45;4,33;894,34
2025-01-01;202501;EMCALI - CALI;NEU;1;SDL;NT1;100% OPERADOR;423,35;56,03;257,74;25,83;76,07;4,33;843,36
2025-01-01;202501;EMSA - META;NEU;1;SDL;NT1;100% OPERADOR;424,12;56,03;249,01;26,02;75,64;4,33;835,15
2025-01-01;202501;ENERCA - CASANARE;NEU;1;SDL;NT1;100% OPERADOR;422,91;56,03;249,01;79,06;98,56;4,33;909,9
2025-01-01;202501;EPM - ANTIOQUIA;NEU;1;SDL;NT1;100% OPERADOR;423,4;56,03;292,11;27,05;83,58;4,33;886,5
2025-01-01;202501;ESSA - SANTANDER;NEU;1;SDL;NT1;100% OPERADOR;423,77;56,03;292,11;28,93;89,44;4,33;894,61
2025-01-01;202501;AFINIA - CARIBE MAR;NEU;2;SDL;NT2;100% OPERADOR;423,76;56,03;136,13;37,3;51,69;4,33;709,24
2025-01-01;202501;AIR-E - CARIBE SOL;NEU;2;SDL;NT2;100% OPERADOR;423,76;56,03;116,27;33,14;48,79;4,33;682,33
2025-01-01;202501;CEDENAR - NARIÑO;NEU;2;SDL;NT2;100% OPERADOR;426,44;56,03;153,33;31,81;26,94;4,33;698,89
2025-01-01;202501;CELSIA - TOLIMA;NEU;2;SDL;NT2;100% OPERADOR;424,55;56,03;168,8;27,72;47,66;4,33;729,1
2025-01-01;202501;CELSIA - VALLE DEL CAUCA;NEU;2;SDL;NT2;100% OPERADOR;424,11;56,03;153,33;30,34;32,74;4,33;700,88
2025-01-01;202501;CENS - CÚCUTA;NEU;2;SDL;NT2;100% OPERADOR;424,18;56,03;186,89;26,54;28,66;4,33;726,64
2025-01-01;202501;CEO - CAUCA;NEU;2;SDL;NT2;100% OPERADOR;424,99;56,03;153,33;33,63;35,4;4,33;707,72
2025-01-01;202501;CETSA - TULUA;NEU;2;SDL;NT2;100% OPERADOR;423,25;56,03;153,33;28,18;31,23;4,33;696,36
2025-01-01;202501;CHEC - CALDAS;NEU;2;SDL;NT2;100% OPERADOR;424,77;56,03;186,89;28,35;34,66;4,33;735,04
2025-01-01;202501;CODENSA - BOGOTÁ/CUNDINAMARCA;NEU;2;SDL;NT2;100% OPERADOR;423,18;56,03;168,8;27,78;26,82;4,33;706,94
2025-01-01;202501;DISPAC - CHOCO;NEU;2;SDL;NT2;100% OPERADOR;425,77;56,03;0,0;25,6;33,06;4,33;544,79
2025-01-01;202501;EBSA - BOYACÁ;NEU;2;SDL;NT2;100% OPERADOR;425,41;56,03;168,8;29,27;25,89;4,33;709,74
2025-01-01;202501;EDEQ - QUINDÍO;NEU;2;SDL;NT2;100% OPERADOR;423,55;56,03;186,89;28,41;32,33;4,33;731,54
2025-01-01;202501;EEBAJOPUTUM - BAJO PUTUMAYO;NEU;2;SDL;NT2;100% OPERADOR;427,06;56,03;171,41;26,54;23,29;4,33;708,66
2025-01-01;202501;EEP - CARTAGO;NEU;2;SDL;NT2;100% OPERADOR;422,99;56,03;153,33;29,55;34,6;4,33;700,83
2025-01-01;202501;EEP - RISARALDA;NEU;2;SDL;NT2;100% OPERADOR;423,04;56,03;186,89;28,27;29,93;4,33;728,48
2025-01-01;202501;ELECTRIFICADORA - HUILA;NEU;2;SDL;NT2;100% OPERADOR;424,43;56,03;168,8;31,19;35,47;4,33;720,26
2025-01-01;202501;EMCALI - CALI;NEU;2;SDL;NT2;100% OPERADOR;423,35;56,03;153,33;25,83;32,64;4,33;695,51
2025-01-01;202501;EMSA - META;NEU;2;SDL;NT2;100% OPERADOR;424,12;56,03;171,41;26,02;33,99;4,33;715,9
2025-01-01;202501;ENERCA - CASANARE;NEU;2;SDL;NT2;100% OPERADOR;422,91;56,03;171,41;79,06;38,75;4,33;772,49
2025-01-01;202501;EPM - ANTIOQUIA;NEU;2;SDL;NT2;100% OPERADOR;423,4;56,03;186,89;27,05;24,79;4,33;722,49
2025-01-01;202501;ESSA - SANTANDER;NEU;2;SDL;NT2;100% OPERADOR;423,77;56,03;186,89;28,93;32,4;4,33;732,36
2025-01-01;202501;AFINIA - CARIBE MAR;NEU;3;SDL;NT3;100% OPERADOR;423,76;56,03;105,43;37,3;36,2;4,33;663,05
2025-01-01;202501;AIR-E - CARIBE SOL;NEU;3;SDL;NT3;100% OPERADOR;423,76;56,03;83,69;33,14;43,97;4,33;644,92
2025-01-01;202501;CEDENAR - NARIÑO;NEU;3;SDL;NT3;100% OPERADOR;426,44;56,03;91,72;31,81;18,78;4,33;629,11
2025-01-01;202501;CELSIA - TOLIMA;NEU;3;SDL;NT3;100% OPERADOR;424,55;56,03;113,66;27,72;35,38;4,33;661,67
2025-01-01;202501;CELSIA - VALLE DEL CAUCA;NEU;3;SDL;NT3;100% OPERADOR;424,11;56,03;91,72;30,34;27,83;4,33;634,36
2025-01-01;202501;CENS - CÚCUTA;NEU;3;SDL;NT3;100% OPERADOR;424,18;56,03;88,27;26,54;29,58;4,33;628,92
2025-01-01;202501;CEO - CAUCA;NEU;3;SDL;NT3;100% OPERADOR;424,99;56,03;91,72;33,63;29,61;4,33;640,31
2025-01-01;202501;CETSA - TULUA;NEU;3;SDL;NT3;100% OPERADOR;423,25;56,03;91,72;28,18;23,88;4,33;627,4
2025-01-01;202501;CHEC - CALDAS;NEU;3;SDL;NT3;100% OPERADOR;424,77;56,03;88,27;28,35;25,35;4,33;627,1
2025-01-01;202501;CODENSA - BOGOTÁ/CUNDINAMARCA;NEU;3;SDL;NT3;100% OPERADOR;423,18;56,03;113,66;27,78;26,06;4,33;651,04
2025-01-01;202501;DISPAC - CHOCO;NEU;3;SDL;NT3;100% OPERADOR;425,77;56,03;0,0;25,6;21,8;4,33;533,54
2025-01-01;202501;EBSA - BOYACÁ;NEU;3;SDL;NT3;100% OPERADOR;425,41;56,03;113,66;29,27;22,08;4,33;650,78
2025-01-01;202501;EDEQ - QUINDÍO;NEU;3;SDL;NT3;100% OPERADOR;423,55;56,03;88,27;28,41;24,43;4,33;625,01
2025-01-01;202501;EEBAJOPUTUM - BAJO PUTUMAYO;NEU;3;SDL;NT3;100% OPERADOR;427,06;56,03;73,77;26,54;19,76;4,33;607,49
2025-01-01;202501;EEP - CARTAGO;NEU;3;SDL;NT3;100% OPERADOR;422,99;56,03;91,72;29,55;28,1;4,33;632,71
2025-01-01;202501;EEP - RISARALDA;NEU;3;SDL;NT3;100% OPERADOR;423,04;56,03;88,27;28,27;26,01;4,33;625,95
2025-01-01;202501;ELECTRIFICADORA - HUILA;NEU;3;SDL;NT3;100% OPERADOR;424,43;56,03;113,66;31,19;26,1;4,33;655,75
2025-01-01;202501;EMCALI - CALI;NEU;3;SDL;NT3;100% OPERADOR;423,35;56,03;91,72;25,83;29,74;4,33;631,0
2025-01-01;202501;EMSA - META;NEU;3;SDL;NT3;100% OPERADOR;424,12;56,03;73,77;26,02;26,44;4,33;610,71
2025-01-01;202501;ENERCA - CASANARE;NEU;3;SDL;NT3;100% OPERADOR;422,91;56,03;73,77;79,06;33,12;4,33;669,23
2025-01-01;202501;EPM - ANTIOQUIA;NEU;3;SDL;NT3;100% OPERADOR;423,4;56,03;88,27;27,05;21,83;4,33;620,91
2025-01-01;202501;ESSA - SANTANDER;NEU;3;SDL;NT3;100% OPERADOR;423,77;56,03;88,27;28,93;24,52;4,33;625,85
2025-02-01;202502;AFINIA - CARIBE MAR;NEU;1;SDL;NT1;100% OPERADOR;421,86;49,85;216,31;39,51;178,16;11,97;917,66
2025-02-01;202502;AIR-E - CARIBE SOL;NEU;1;SDL;NT1;100% OPERADOR;421,86;49,85;176,36;34,99;115,61;11,97;810,64
2025-02-01;202502;CEDENAR - NARIÑO;NEU;1;SDL;NT1;100% OPERADOR;405,34;49,85;269,92;33,06;75,04;11,97;845,18
2025-02-01;202502;CELSIA - TOLIMA;NEU;1;SDL;NT1;100% OPERADOR;416,98;49,85;272,98;29,52;107,13;11,97;888,43
2025-02-01;202502;CELSIA - VALLE DEL CAUCA;NEU;1;SDL;NT1;100% OPERADOR;419,68;49,85;269,92;30,54;76,06;11,97;858,01
2025-02-01;202502;CENS - CÚCUTA;NEU;1;SDL;NT1;100% OPERADOR;419,25;49,85;293,51;29,78;88,9;11,97;893,25
2025-02-01;202502;CEO - CAUCA;NEU;1;SDL;NT1;100% OPERADOR;414,25;49,85;269,92;35,8;89,71;11,97;871,5
2025-02-01;202502;CETSA - TULUA;NEU;1;SDL;NT1;100% OPERADOR;424,98;49,85;269,92;27,39;73,03;11,97;857,14
2025-02-01;202502;CHEC - CALDAS;NEU;1;SDL;NT1;100% OPERADOR;415,64;49,85;293,51;29,74;74,89;11,97;875,6
2025-02-01;202502;CODENSA - BOGOTÁ/CUNDINAMARCA;NEU;1;SDL;NT1;100% OPERADOR;425,45;49,85;272,98;29,58;79,47;11,97;869,3
2025-02-01;202502;DISPAC - CHOCO;NEU;1;SDL;NT1;100% OPERADOR;409,45;49,85;0,0;27,51;71,64;11,97;570,41
2025-02-01;202502;EBSA - BOYACÁ;NEU;1;SDL;NT1;100% OPERADOR;411,67;49,85;272,98;31,11;86,59;11,97;864,17
2025-02-01;202502;EDEQ - QUINDÍO;NEU;1;SDL;NT1;100% OPERADOR;423,14;49,85;293,51;30,13;75,71;11,97;884,3
2025-02-01;202502;EEBAJOPUTUM - BAJO PUTUMAYO;NEU;1;SDL;NT1;100% OPERADOR;401,56;49,85;253,23;27,87;55,72;11,97;800,21
2025-02-01;202502;EEP - CARTAGO;NEU;1;SDL;NT1;100% OPERADOR;426,61;49,85;269,92;31,61;101,76;11,97;891,72
2025-02-01;202502;EEP - RISARALDA;NEU;1;SDL;NT1;100% OPERADOR;426,3;49,85;293,51;29,94;72,81;11,97;884,38
2025-02-01;202502;ELECTRIFICADORA - HUILA;NEU;1;SDL;NT1;100% OPERADOR;417,7;49,85;272,98;33,15;93,91;11,97;879,56
2025-02-01;202502;EMCALI - CALI;NEU;1;SDL;NT1;100% OPERADOR;424,38;49,85;269,92;27,36;74,64;11,97;858,12
2025-02-01;202502;EMSA - META;NEU;1;SDL;NT1;100% OPERADOR;419,61;49,85;253,23;27,7;73,37;11,97;835,73
2025-02-01;202502;ENERCA - CASANARE;NEU;1;SDL;NT1;100% OPERADOR;427,08;49,85;253,23;85,28;97,56;11,97;924,98
2025-02-01;202502;EPM - ANTIOQUIA;NEU;1;SDL;NT1;100% OPERADOR;424,05;49,85;293,51;28,66;82,02;11,97;890,06
2025-02-01;202502;ESSA - SANTANDER;NEU;1;SDL;NT1;100% OPERADOR;421,79;49,85;293,51;32,22;87,31;11,97;896,63
2025-02-01;202502;AFINIA - CARIBE MAR;NEU;2;SDL;NT2;100% OPERADOR;421,86;49,85;137,76;39,51;50,89;11,97;711,85
2025-02-01;202502;AIR-E - CARIBE SOL;NEU;2;SDL;NT2;100% OPERADOR;421,86;49,85;117,7;34,99;48,39;11,97;684,77
2025-02-01;202502;CEDENAR - NARIÑO;NEU;2;SDL;NT2;100% OPERADOR;405,34;49,85;162,58;33,06;24,99;11,97;687,79
2025-02-01;202502;CELSIA - TOLIMA;NEU;2;SDL;NT2;100% OPERADOR;416,98;49,85;172,8;29,52;45,87;11,97;726,99
2025-02-01;202502;CELSIA - VALLE DEL CAUCA;NEU;2;SDL;NT2;100% OPERADOR;419,68;49,85;162,58;30,54;31,43;11,97;706,05
2025-02-01;202502;CENS - CÚCUTA;NEU;2;SDL;NT2;100% OPERADOR;419,25;49,85;187,98;29,78;27,54;11,97;726,36
2025-02-01;202502;CEO - CAUCA;NEU;2;SDL;NT2;100% OPERADOR;414,25;49,85;162,58;35,8;33,87;11,97;708,31
2025-02-01;202502;CETSA - TULUA;NEU;2;SDL;NT2;100% OPERADOR;424,98;49,85;162,58;27,39;30,36;11,97;707,12
2025-02-01;202502;CHEC - CALDAS;NEU;2;SDL;NT2;100% OPERADOR;415,64;49,85;187,98;29,74;33,18;11,97;728,36
2025-02-01;202502;CODENSA - BOGOTÁ/CUNDINAMARCA;NEU;2;SDL;NT2;100% OPERADOR;425,45;49,85;172,8;29,58;26,09;11,97;715,73
2025-02-01;202502;DISPAC - CHOCO;NEU;2;SDL;NT2;100% OPERADOR;409,45;49,85;0,0;27,51;31,42;11,97;530,19
2025-02-01;202502;EBSA - BOYACÁ;NEU;2;SDL;NT2;100% OPERADOR;411,67;49,85;172,8;31,11;24,27;11,97;701,66
2025-02-01;202502;EDEQ - QUINDÍO;NEU;2;SDL;NT2;100% OPERADOR;423,14;49,85;187,98;30,13;31,36;11,97;734,42
2025-02-01;202502;EEBAJOPUTUM - BAJO PUTUMAYO;NEU;2;SDL;NT2;100% OPERADOR;401,56;49,85;175,54;27,87;21,32;11,97;688,11
2025-02-01;202502;EEP - CARTAGO;NEU;2;SDL;NT2;100% OPERADOR;426,61;49,85;162,58;31,61;33,82;11,97;716,44
2025-02-01;202502;EEP - RISARALDA;NEU;2;SDL;NT2;100% OPERADOR;426,3;49,85;187,98;29,94;29,21;11,97;735,26
2025-02-01;202502;ELECTRIFICADORA - HUILA;NEU;2;SDL;NT2;100% OPERADOR;417,7;49,85;172,8;33,15;33,69;11,97;719,16
2025-02-01;202502;EMCALI - CALI;NEU;2;SDL;NT2;100% OPERADOR;424,38;49,85;162,58;27,36;31,73;11,97;707,88
2025-02-01;202502;EMSA - META;NEU;2;SDL;NT2;100% OPERADOR;419,61;49,85;175,54;27,7;32,7;11,97;717,37
2025-02-01;202502;ENERCA - CASANARE;NEU;2;SDL;NT2;100% OPERADOR;427,08;49,85;175,54;85,28;38,09;11,97;787,81
2025-02-01;202502;EPM - ANTIOQUIA;NEU;2;SDL;NT2;100% OPERADOR;424,05;49,85;187,98;28,66;24,0;11,97;726,51
2025-02-01;202502;ESSA - SANTANDER;NEU;2;SDL;NT2;100% OPERADOR;421,79;49,85;187,98;32,22;31,32;11,97;735,12
2025-02-01;202502;AFINIA - CARIBE MAR;NEU;3;SDL;NT3;100% OPERADOR;421,86;49,85;106,86;39,51;35,69;11,97;665,74
2025-02-01;202502;AIR-E - CARIBE SOL;NEU;3;SDL;NT3;100% OPERADOR;421,86;49,85;84,89;34,99;43,64;11,97;647,2
2025-02-01;202502;CEDENAR - NARIÑO;NEU;3;SDL;NT3;100% OPERADOR;405,34;49,85;95,13;33,06;17,3;11,97;612,65
2025-02-01;202502;CELSIA - TOLIMA;NEU;3;SDL;NT3;100% OPERADOR;416,98;49,85;117,31;29,52;33,93;11,97;659,56
2025-02-01;202502;CELSIA - VALLE DEL CAUCA;NEU;3;SDL;NT3;100% OPERADOR;419,68;49,85;95,13;30,54;26,65;11,97;633,81
2025-02-01;202502;CENS - CÚCUTA;NEU;3;SDL;NT3;100% OPERADOR;419,25;49,85;87,66;29,78;28,42;11,97;626,92
2025-02-01;202502;CEO - CAUCA;NEU;3;SDL;NT3;100% OPERADOR;414,25;49,85;95,13;35,8;28,29;11,97;635,28
2025-02-01;202502;CETSA - TULUA;NEU;3;SDL;NT3;100% OPERADOR;424,98;49,85;95,13;27,39;23,09;11,97;632,4
2025-02-01;202502;CHEC - CALDAS;NEU;3;SDL;NT3;100% OPERADOR;415,64;49,85;87,66;29,74;24,17;11,97;619,03
2025-02-01;202502;CODENSA - BOGOTÁ/CUNDINAMARCA;NEU;3;SDL;NT3;100% OPERADOR;425,45;49,85;117,31;29,58;25,32;11,97;659,48
2025-02-01;202502;DISPAC - CHOCO;NEU;3;SDL;NT3;100% OPERADOR;409,45;49,85;0,0;27,51;20,7;11,97;519,48
2025-02-01;202502;EBSA - BOYACÁ;NEU;3;SDL;NT3;100% OPERADOR;411,67;49,85;117,31;31,11;20,6;11,97;642,5
2025-02-01;202502;EDEQ - QUINDÍO;NEU;3;SDL;NT3;100% OPERADOR;423,14;49,85;87,66;30,13;23,58;11,97;626,31
2025-02-01;202502;EEBAJOPUTUM - BAJO PUTUMAYO;NEU;3;SDL;NT3;100% OPERADOR;401,56;49,85;74,81;27,87;18,02;11,97;584,08
2025-02-01;202502;EEP - CARTAGO;NEU;3;SDL;NT3;100% OPERADOR;426,61;49,85;95,13;31,61;27,36;11,97;642,53
2025-02-01;202502;EEP - RISARALDA;NEU;3;SDL;NT3;100% OPERADOR;426,3;49,85;87,66;29,94;25,33;11,97;631,05
2025-02-01;202502;ELECTRIFICADORA - HUILA;NEU;3;SDL;NT3;100% OPERADOR;417,7;49,85;117,31;33,15;24,59;11,97;654,56
2025-02-01;202502;EMCALI - CALI;NEU;3;SDL;NT3;100% OPERADOR;424,38;49,85;95,13;27,36;28,87;11,97;637,56
2025-02-01;202502;EMSA - META;NEU;3;SDL;NT3;100% OPERADOR;419,61;49,85;74,81;27,7;25,32;11,97;609,26
2025-02-01;202502;ENERCA - CASANARE;NEU;3;SDL;NT3;100% OPERADOR;427,08;49,85;74,81;85,28;32,49;11,97;681,48
2025-02-01;202502;EPM - ANTIOQUIA;NEU;3;SDL;NT3;100% OPERADOR;424,05;49,85;87,66;28,66;21,19;11,97;623,38
2025-02-01;202502;ESSA - SANTANDER;NEU;3;SDL;NT3;100% OPERADOR;421,79;49,85;87,66;32,22;23,58;11,97;627,06
2025-03-01;202503;AFINIA - CARIBE MAR;NEU;1;SDL;NT1;100% OPERADOR;388,74;56,28;222,01;40,01;169,68;23,26;899,97
2025-03-01;202503;AIR-E - CARIBE SOL;NEU;1;SDL;NT1;100% OPERADOR;388,74;56,28;180,82;35,76;111,08;23,26;795,92
2025-03-01;202503;CEDENAR - NARIÑO;NEU;1;SDL;NT1;100% OPERADOR;351,99;56,28;276,93;33,29;69,34;23,26;811,08
2025-03-01;202503;CELSIA - TOLIMA;NEU;1;SDL;NT1;100% OPERADOR;377,88;56,28;293,26;29,48;101,73;23,26;881,89
2025-03-01;202503;CELSIA - VALLE DEL CAUCA;NEU;1;SDL;NT1;100% OPERADOR;383,89;56,28;276,93;31,5;73,37;23,26;845,22
2025-03-01;202503;CENS - CÚCUTA;NEU;1;SDL;NT1;100% OPERADOR;382,93;56,28;303,55;30,03;85,44;23,26;881,48
2025-03-01;202503;CEO - CAUCA;NEU;1;SDL;NT1;100% OPERADOR;371,8;56,28;276,93;36,02;85,3;23,26;849,57
2025-03-01;202503;CETSA - TULUA;NEU;1;SDL;NT1;100% OPERADOR;395,68;56,28;276,93;29,4;71,63;23,26;853,17
2025-03-01;202503;CHEC - CALDAS;NEU;1;SDL;NT1;100% OPERADOR;374,91;56,28;303,55;29,86;71,69;23,26;859,55
2025-03-01;202503;CODENSA - BOGOTÁ/CUNDINAMARCA;NEU;1;SDL;NT1;100% OPERADOR;396,72;56,28;293,26;30,05;77,9;23,26;877,47
2025-03-01;202503;DISPAC - CHOCO;NEU;1;SDL;NT1;100% OPERADOR;361,16;56,28;0,0;27,41;67,79;23,26;535,89
2025-03-01;202503;EBSA - BOYACÁ;NEU;1;SDL;NT1;100% OPERADOR;366,06;56,28;293,26;30,76;81,17;23,26;850,79
2025-03-01;202503;EDEQ - QUINDÍO;NEU;1;SDL;NT1;100% OPERADOR;391,58;56,28;303,55;30,63;73,88;23,26;879,17
2025-03-01;202503;EEBAJOPUTUM - BAJO PUTUMAYO;NEU;1;SDL;NT1;100% OPERADOR;343,57;56,28;265,83;27,78;51,24;23,26;767,95
2025-03-01;202503;EEP - CARTAGO;NEU;1;SDL;NT1;100% OPERADOR;399,29;56,28;276,93;32,75;99,56;23,26;888,07
2025-03-01;202503;EEP - RISARALDA;NEU;1;SDL;NT1;100% OPERADOR;398,62;56,28;303,55;30,82;71,81;23,26;884,33
2025-03-01;202503;ELECTRIFICADORA - HUILA;NEU;1;SDL;NT1;100% OPERADOR;379,49;56,28;293,26;33,08;89,97;23,26;875,33
2025-03-01;202503;EMCALI - CALI;NEU;1;SDL;NT1;100% OPERADOR;394,34;56,28;276,93;29,0;73,08;23,26;852,88
2025-03-01;202503;EMSA - META;NEU;1;SDL;NT1;100% OPERADOR;383,72;56,28;265,83;27,99;70,88;23,26;827,96
2025-03-01;202503;ENERCA - CASANARE;NEU;1;SDL;NT1;100% OPERADOR;400,35;56,28;265,83;86,29;96,17;23,26;928,17
2025-03-01;202503;EPM - ANTIOQUIA;NEU;1;SDL;NT1;100% OPERADOR;393,61;56,28;303,55;29,21;80,1;23,26;886,0
2025-03-01;202503;ESSA - SANTANDER;NEU;1;SDL;NT1;100% OPERADOR;388,57;56,28;303,55;34,25;84,53;23,26;890,44
2025-03-01;202503;AFINIA - CARIBE MAR;NEU;2;SDL;NT2;100% OPERADOR;388,74;56,28;142,38;40,01;49,17;23,26;699,83
2025-03-01;202503;AIR-E - CARIBE SOL;NEU;2;SDL;NT2;100% OPERADOR;388,74;56,28;122,0;35,76;47,44;23,26;673,47
2025-03-01;202503;CEDENAR - NARIÑO;NEU;2;SDL;NT2;100% OPERADOR;351,99;56,28;165,54;33,29;24,22;23,26;654,58
2025-03-01;202503;CELSIA - TOLIMA;NEU;2;SDL;NT2;100% OPERADOR;377,88;56,28;189,26;29,48;44,41;23,26;720,57
2025-03-01;202503;CELSIA - VALLE DEL CAUCA;NEU;2;SDL;NT2;100% OPERADOR;383,89;56,28;165,54;31,5;31,31;23,26;691,78
2025-03-01;202503;CENS - CÚCUTA;NEU;2;SDL;NT2;100% OPERADOR;382,93;56,28;197,8;30,03;27,68;23,26;717,97
2025-03-01;202503;CEO - CAUCA;NEU;2;SDL;NT2;100% OPERADOR;371,8;56,28;165,54;36,02;33,51;23,26;686,41
2025-03-01;202503;CETSA - TULUA;NEU;2;SDL;NT2;100% OPERADOR;395,68;56,28;165,54;29,4;30,8;23,26;700,95
2025-03-01;202503;CHEC - CALDAS;NEU;2;SDL;NT2;100% OPERADOR;374,91;56,28;197,8;29,86;32,85;23,26;714,95
2025-03-01;202503;CODENSA - BOGOTÁ/CUNDINAMARCA;NEU;2;SDL;NT2;100% OPERADOR;396,72;56,28;189,26;30,05;26,76;23,26;722,32
2025-03-01;202503;DISPAC - CHOCO;NEU;2;SDL;NT2;100% OPERADOR;361,16;56,28;0,0;27,41;31,04;23,26;499,14
2025-03-01;202503;EBSA - BOYACÁ;NEU;2;SDL;NT2;100% OPERADOR;366,06;56,28;189,26;30,76;23,84;23,26;689,46
2025-03-01;202503;EDEQ - QUINDÍO;NEU;2;SDL;NT2;100% OPERADOR;391,58;56,28;197,8;30,63;31,66;23,26;731,2
2025-03-01;202503;EEBAJOPUTUM - BAJO PUTUMAYO;NEU;2;SDL;NT2;100% OPERADOR;343,57;56,28;181,15;27,78;20,61;23,26;652,64
2025-03-01;202503;EEP - CARTAGO;NEU;2;SDL;NT2;100% OPERADOR;399,29;56,28;165,54;32,75;34,24;23,26;711,36
2025-03-01;202503;EEP - RISARALDA;NEU;2;SDL;NT2;100% OPERADOR;398,62;56,28;197,8;30,82;29,94;23,26;736,71
2025-03-01;202503;ELECTRIFICADORA - HUILA;NEU;2;SDL;NT2;100% OPERADOR;379,49;56,28;189,26;33,08;33,55;23,26;714,91
2025-03-01;202503;EMCALI - CALI;NEU;2;SDL;NT2;100% OPERADOR;394,34;56,28;165,54;29,0;32,09;23,26;700,5
2025-03-01;202503;EMSA - META;NEU;2;SDL;NT2;100% OPERADOR;383,72;56,28;181,15;27,99;32,56;23,26;704,96
2025-03-01;202503;ENERCA - CASANARE;NEU;2;SDL;NT2;100% OPERADOR;400,35;56,28;181,15;86,29;38,92;23,26;786,24
2025-03-01;202503;EPM - ANTIOQUIA;NEU;2;SDL;NT2;100% OPERADOR;393,61;56,28;197,8;29,21;24,72;23,26;724,86
2025-03-01;202503;ESSA - SANTANDER;NEU;2;SDL;NT2;100% OPERADOR;388,57;56,28;197,8;34,25;31,44;23,26;731,59
2025-03-01;202503;AFINIA - CARIBE MAR;NEU;3;SDL;NT3;100% OPERADOR;388,74;56,28;111,34;40,01;34,78;23,26;654,4
2025-03-01;202503;AIR-E - CARIBE SOL;NEU;3;SDL;NT3;100% OPERADOR;388,74;56,28;89,2;35,76;42,94;23,26;636,17
2025-03-01;202503;CEDENAR - NARIÑO;NEU;3;SDL;NT3;100% OPERADOR;351,99;56,28;98,71;33,29;17,29;23,26;580,82
2025-03-01;202503;CELSIA - TOLIMA;NEU;3;SDL;NT3;100% OPERADOR;377,88;56,28;130,34;29,48;33,27;23,26;650,5
2025-03-01;202503;CELSIA - VALLE DEL CAUCA;NEU;3;SDL;NT3;100% OPERADOR;383,89;56,28;98,71;31,5;26,81;23,26;620,44
2025-03-01;202503;CENS - CÚCUTA;NEU;3;SDL;NT3;100% OPERADOR;382,93;56,28;89,85;30,03;28,41;23,26;610,75
2025-03-01;202503;CEO - CAUCA;NEU;3;SDL;NT3;100% OPERADOR;371,8;56,28;98,71;36,02;28,34;23,26;614,41
2025-03-01;202503;CETSA - TULUA;NEU;3;SDL;NT3;100% OPERADOR;395,68;56,28;98,71;29,4;23,84;23,26;627,17
2025-03-01;202503;CHEC - CALDAS;NEU;3;SDL;NT3;100% OPERADOR;374,91;56,28;89,85;29,86;24,47;23,26;598,62
2025-03-01;202503;CODENSA - BOGOTÁ/CUNDINAMARCA;NEU;3;SDL;NT3;100% OPERADOR;396,72;56,28;130,34;30,05;25,97;23,26;662,61
2025-03-01;202503;DISPAC - CHOCO;NEU;3;SDL;NT3;100% OPERADOR;361,16;56,28;0,0;27,41;21,26;23,26;489,36
2025-03-01;202503;EBSA - BOYACÁ;NEU;3;SDL;NT3;100% OPERADOR;366,06;56,28;130,34;30,76;20,47;23,26;627,16
2025-03-01;202503;EDEQ - QUINDÍO;NEU;3;SDL;NT3;100% OPERADOR;391,58;56,28;89,85;30,63;24,26;23,26;615,85
2025-03-01;202503;EEBAJOPUTUM - BAJO PUTUMAYO;NEU;3;SDL;NT3;100% OPERADOR;343,57;56,28;77,86;27,78;17,68;23,26;546,41
2025-03-01;202503;EEP - CARTAGO;NEU;3;SDL;NT3;100% OPERADOR;399,29;56,28;98,71;32,75;28,03;23,26;638,32
2025-03-01;202503;EEP - RISARALDA;NEU;3;SDL;NT3;100% OPERADOR;398,62;56,28;89,85;30,82;26,21;23,26;625,03
2025-03-01;202503;ELECTRIFICADORA - HUILA;NEU;3;SDL;NT3;100% OPERADOR;379,49;56,28;130,34;33,08;25,02;23,26;647,46
2025-03-01;202503;EMCALI - CALI;NEU;3;SDL;NT3;100% OPERADOR;394,34;56,28;98,71;29,0;29,35;23,26;630,94
2025-03-01;202503;EMSA - META;NEU;3;SDL;NT3;100% OPERADOR;383,72;56,28;77,86;27,99;25,6;23,26;594,7
2025-03-01;202503;ENERCA - CASANARE;NEU;3;SDL;NT3;100% OPERADOR;400,35;56,28;77,86;86,29;33,53;23,26;677,56
2025-03-01;202503;EPM - ANTIOQUIA;NEU;3;SDL;NT3;100% OPERADOR;393,61;56,28;89,85;29,21;21,85;23,26;614,05
2025-03-01;202503;ESSA - SANTANDER;NEU;3;SDL;NT3;100% OPERADOR;388,57;56,28;89,85;34,25;24,11;23,26;616,3
2025-04-01;202504;AFINIA - CARIBE MAR;NEU;1;SDL;NT1;100% OPERADOR;385,6;62,2;214,71;39,24;158,03;40,06;899,84
2025-04-01;202504;AIR-E - CARIBE SOL;NEU;1;SDL;NT1;100% OPERADOR;385,6;62,2;133,02;35,11;111,65;40,06;767,64
2025-04-01;202504;CEDENAR - NARIÑO;NEU;1;SDL;NT1;100% OPERADOR;347,51;62,2;265,26;31,87;68,82;40,06;815,72
2025-04-01;202504;CELSIA - TOLIMA;NEU;1;SDL;NT1;100% OPERADOR;374,35;62,2;302,89;29,34;95,57;40,06;904,41
2025-04-01;202504;CELSIA - VALLE DEL CAUCA;NEU;1;SDL;NT1;100% OPERADOR;380,57;62,2;265,26;32,91;72,97;40,06;853,97
2025-04-01;202504;CENS - CÚCUTA;NEU;1;SDL;NT1;100% OPERADOR;379,58;62,2;322,13;29,52;81,89;40,06;915,38
2025-04-01;202504;CEO - CAUCA;NEU;1;SDL;NT1;100% OPERADOR;368,05;62,2;265,26;35,05;82,29;40,06;852,91
2025-04-01;202504;CETSA - TULUA;NEU;1;SDL;NT1;100% OPERADOR;392,8;62,2;265,26;30,38;71,3;40,06;862,0
2025-04-01;202504;CHEC - CALDAS;NEU;1;SDL;NT1;100% OPERADOR;371,27;62,2;322,13;29,37;71,25;40,06;896,28
2025-04-01;202504;CODENSA - BOGOTÁ/CUNDINAMARCA;NEU;1;SDL;NT1;100% OPERADOR;393,88;62,2;302,89;30,31;77,62;40,06;906,96
2025-04-01;202504;DISPAC - CHOCO;NEU;1;SDL;NT1;100% OPERADOR;357,02;62,2;181,21;25,67;67,27;40,06;733,43
2025-04-01;202504;EBSA - BOYACÁ;NEU;1;SDL;NT1;100% OPERADOR;362,1;62,2;302,89;30,36;80,3;40,06;877,9
2025-04-01;202504;EDEQ - QUINDÍO;NEU;1;SDL;NT1;100% OPERADOR;388,55;62,2;322,13;30,29;73,51;40,06;916,74
2025-04-01;202504;EEBAJOPUTUM - BAJO PUTUMAYO;NEU;1;SDL;NT1;100% OPERADOR;338,78;62,2;269,61;26,86;50,62;40,06;788,13
2025-04-01;202504;EEP - CARTAGO;NEU;1;SDL;NT1;100% OPERADOR;396,55;62,2;265,26;32,42;89,54;40,06;886,01
2025-04-01;202504;EEP - RISARALDA;NEU;1;SDL;NT1;100% OPERADOR;395,85;62,2;322,13;30,59;71,44;40,06;922,27
2025-04-01;202504;ELECTRIFICADORA - HUILA;NEU;1;SDL;NT1;100% OPERADOR;376,02;62,2;302,89;33,0;78,77;40,06;892,93
2025-04-01;202504;EMCALI - CALI;NEU;1;SDL;NT1;100% OPERADOR;391,41;62,2;265,26;28,69;63,39;40,06;851,01
2025-04-01;202504;EMSA - META;NEU;1;SDL;NT1;100% OPERADOR;380,41;62,2;269,61;27,8;70,42;40,06;850,49
2025-04-01;202504;ENERCA - CASANARE;NEU;1;SDL;NT1;100% OPERADOR;397,64;62,2;269,61;85,86;93,2;40,06;948,57
2025-04-01;202504;EPM - ANTIOQUIA;NEU;1;SDL;NT1;100% OPERADOR;390,66;62,2;322,13;29,11;79,78;40,06;923,93
2025-04-01;202504;ESSA - SANTANDER;NEU;1;SDL;NT1;100% OPERADOR;385,43;62,2;322,13;33,54;84,22;40,06;927,58
2025-04-01;202504;AFINIA - CARIBE MAR;NEU;2;SDL;NT2;100% OPERADOR;385,6;62,2;139,86;39,24;47,11;40,06;714,07
2025-04-01;202504;AIR-E - CARIBE SOL;NEU;2;SDL;NT2;100% OPERADOR;385,6;62,2;92,13;35,11;47,59;40,06;662,69
2025-04-01;202504;CEDENAR - NARIÑO;NEU;2;SDL;NT2;100% OPERADOR;347,51;62,2;153,46;31,87;23,6;40,06;658,7
2025-04-01;202504;CELSIA - TOLIMA;NEU;2;SDL;NT2;100% OPERADOR;374,35;62,2;192,38;29,34;42,82;40,06;741,14
2025-04-01;202504;CELSIA - VALLE DEL CAUCA;NEU;2;SDL;NT2;100% OPERADOR;380,57;62,2;153,46;32,91;30,73;40,06;699,92
2025-04-01;202504;CENS - CÚCUTA;NEU;2;SDL;NT2;100% OPERADOR;379,58;62,2;207,54;29,52;26,6;40,06;745,5
2025-04-01;202504;CEO - CAUCA;NEU;2;SDL;NT2;100% OPERADOR;368,05;62,2;153,46;35,05;32,29;40,06;691,1
2025-04-01;202504;CETSA - TULUA;NEU;2;SDL;NT2;100% OPERADOR;392,8;62,2;153,46;30,38;30,25;40,06;709,14
2025-04-01;202504;CHEC - CALDAS;NEU;2;SDL;NT2;100% OPERADOR;371,27;62,2;207,54;29,37;32,26;40,06;742,7
2025-04-01;202504;CODENSA - BOGOTÁ/CUNDINAMARCA;NEU;2;SDL;NT2;100% OPERADOR;393,88;62,2;192,38;30,31;26,19;40,06;745,02
2025-04-01;202504;DISPAC - CHOCO;NEU;2;SDL;NT2;100% OPERADOR;357,02;62,2;135,56;25,67;30,43;40,06;650,94
2025-04-01;202504;EBSA - BOYACÁ;NEU;2;SDL;NT2;100% OPERADOR;362,1;62,2;192,38;30,36;23,2;40,06;710,29
2025-04-01;202504;EDEQ - QUINDÍO;NEU;2;SDL;NT2;100% OPERADOR;388,55;62,2;207,54;30,29;31,08;40,06;759,71
2025-04-01;202504;EEBAJOPUTUM - BAJO PUTUMAYO;NEU;2;SDL;NT2;100% OPERADOR;338,78;62,2;179,46;26,86;19,95;40,06;667,31
2025-04-01;202504;EEP - CARTAGO;NEU;2;SDL;NT2;100% OPERADOR;396,55;62,2;153,46;32,42;31,38;40,06;716,05
2025-04-01;202504;EEP - RISARALDA;NEU;2;SDL;NT2;100% OPERADOR;395,85;62,2;207,54;30,59;29,34;40,06;765,57
2025-04-01;202504;ELECTRIFICADORA - HUILA;NEU;2;SDL;NT2;100% OPERADOR;376,02;62,2;192,38;33,0;30,8;40,06;734,46
2025-04-01;202504;EMCALI - CALI;NEU;2;SDL;NT2;100% OPERADOR;391,41;62,2;153,46;28,69;28,88;40,06;704,69
2025-04-01;202504;EMSA - META;NEU;2;SDL;NT2;100% OPERADOR;380,41;62,2;179,46;27,8;31,93;40,06;721,85
2025-04-01;202504;ENERCA - CASANARE;NEU;2;SDL;NT2;100% OPERADOR;397,64;62,2;179,46;85,86;37,85;40,06;803,08
2025-04-01;202504;EPM - ANTIOQUIA;NEU;2;SDL;NT2;100% OPERADOR;390,66;62,2;207,54;29,11;24,11;40,06;753,67
2025-04-01;202504;ESSA - SANTANDER;NEU;2;SDL;NT2;100% OPERADOR;385,43;62,2;207,54;33,54;30,88;40,06;759,64
2025-04-01;202504;AFINIA - CARIBE MAR;NEU;3;SDL;NT3;100% OPERADOR;385,6;62,2;108,92;39,24;34,1;40,06;670,12
2025-04-01;202504;AIR-E - CARIBE SOL;NEU;3;SDL;NT3;100% OPERADOR;385,6;62,2;72,91;35,11;43,06;40,06;638,94
2025-04-01;202504;CEDENAR - NARIÑO;NEU;3;SDL;NT3;100% OPERADOR;347,51;62,2;94,93;31,87;16,66;40,06;593,22
2025-04-01;202504;CELSIA - TOLIMA;NEU;3;SDL;NT3;100% OPERADOR;374,35;62,2;129,18;29,34;31,9;40,06;667,02
2025-04-01;202504;CELSIA - VALLE DEL CAUCA;NEU;3;SDL;NT3;100% OPERADOR;380,57;62,2;94,93;32,91;26,22;40,06;636,88
2025-04-01;202504;CENS - CÚCUTA;NEU;3;SDL;NT3;100% OPERADOR;379,58;62,2;91,38;29,52;27,36;40,06;630,1
2025-04-01;202504;CEO - CAUCA;NEU;3;SDL;NT3;100% OPERADOR;368,05;62,2;94,93;35,05;27,2;40,06;627,48
2025-04-01;202504;CETSA - TULUA;NEU;3;SDL;NT3;100% OPERADOR;392,8;62,2;94,93;30,38;23,26;40,06;643,62
2025-04-01;202504;CHEC - CALDAS;NEU;3;SDL;NT3;100% OPERADOR;371,27;62,2;91,38;29,37;23,85;40,06;618,12
2025-04-01;202504;CODENSA - BOGOTÁ/CUNDINAMARCA;NEU;3;SDL;NT3;100% OPERADOR;393,88;62,2;129,18;30,31;25,41;40,06;681,04
2025-04-01;202504;DISPAC - CHOCO;NEU;3;SDL;NT3;100% OPERADOR;357,02;62,2;581,27;25,67;20,62;40,06;1086,83
2025-04-01;202504;EBSA - BOYACÁ;NEU;3;SDL;NT3;100% OPERADOR;362,1;62,2;129,18;30,36;19,81;40,06;643,71
2025-04-01;202504;EDEQ - QUINDÍO;NEU;3;SDL;NT3;100% OPERADOR;388,55;62,2;91,38;30,29;23,63;40,06;636,11
2025-04-01;202504;EEBAJOPUTUM - BAJO PUTUMAYO;NEU;3;SDL;NT3;100% OPERADOR;338,78;62,2;79,82;26,86;17,02;40,06;564,73
2025-04-01;202504;EEP - CARTAGO;NEU;3;SDL;NT3;100% OPERADOR;396,55;62,2;94,93;32,42;26,14;40,06;652,29
2025-04-01;202504;EEP - RISARALDA;NEU;3;SDL;NT3;100% OPERADOR;395,85;62,2;91,38;30,59;25,59;40,06;645,66
2025-04-01;202504;ELECTRIFICADORA - HUILA;NEU;3;SDL;NT3;100% OPERADOR;376,02;62,2;129,18;33,0;23,62;40,06;664,08
2025-04-01;202504;EMCALI - CALI;NEU;3;SDL;NT3;100% OPERADOR;391,41;62,2;94,93;28,69;26,95;40,06;644,24
2025-04-01;202504;EMSA - META;NEU;3;SDL;NT3;100% OPERADOR;380,41;62,2;79,82;27,8;24,94;40,06;615,23
2025-04-01;202504;ENERCA - CASANARE;NEU;3;SDL;NT3;100% OPERADOR;397,64;62,2;79,82;85,86;32,46;40,06;698,04
2025-04-01;202504;EPM - ANTIOQUIA;NEU;3;SDL;NT3;100% OPERADOR;390,66;62,2;91,38;29,11;21,38;40,06;634,78
2025-04-01;202504;ESSA - SANTANDER;NEU;3;SDL;NT3;100% OPERADOR;385,43;62,2;91,38;33,54;23,5;40,06;636,1
2025-05-01;202505;AFINIA - CARIBE MAR;NEU;1;SDL;NT1;100% OPERADOR;327,63;56,76;204,81;39,86;118,36;42,86;790,28
2025-05-01;202505;AIR-E - CARIBE SOL;NEU;1;SDL;NT1;100% OPERADOR;327,63;56,76;128,99;34,6;81,43;42,86;672,26
2025-05-01;202505;CEDENAR - NARIÑO;NEU;1;SDL;NT1;100% OPERADOR;288,5;56,76;261,04;32,88;57,47;42,86;739,5
2025-05-01;202505;CELSIA - TOLIMA;NEU;1;SDL;NT1;100% OPERADOR;316,07;56,76;299,01;30,25;81,55;42,86;826,5
2025-05-01;202505;CELSIA - VALLE DEL CAUCA;NEU;1;SDL;NT1;100% OPERADOR;322,46;56,76;261,04;34,15;62,61;42,86;779,88
2025-05-01;202505;CENS - CÚCUTA;NEU;1;SDL;NT1;100% OPERADOR;321,44;56,76;326,95;31,05;69,53;42,86;848,59
2025-05-01;202505;CEO - CAUCA;NEU;1;SDL;NT1;100% OPERADOR;309,59;56,76;261,04;35,9;70,17;42,86;776,32
2025-05-01;202505;CETSA - TULUA;NEU;1;SDL;NT1;100% OPERADOR;335,02;56,76;261,04;31,27;60,77;42,86;787,72
2025-05-01;202505;CHEC - CALDAS;NEU;1;SDL;NT1;100% OPERADOR;312,9;56,76;326,95;31,13;60,75;42,86;831,35
2025-05-01;202505;CODENSA - BOGOTÁ/CUNDINAMARCA;NEU;1;SDL;NT1;100% OPERADOR;336,13;56,76;299,01;31,75;66,35;42,86;832,86
2025-05-01;202505;DISPAC - CHOCO;NEU;1;SDL;NT1;100% OPERADOR;298,26;56,76;182,11;34,12;57,56;42,86;671,67
2025-05-01;202505;EBSA - BOYACÁ;NEU;1;SDL;NT1;100% OPERADOR;303,48;56,76;299,01;31,74;67,24;42,86;801,1
2025-05-01;202505;EDEQ - QUINDÍO;NEU;1;SDL;NT1;100% OPERADOR;330,65;56,76;326,95;32,18;62,77;42,86;852,17
2025-05-01;202505;EEBAJOPUTUM - BAJO PUTUMAYO;NEU;1;SDL;NT1;100% OPERADOR;279,53;56,76;262,47;27,9;41,98;42,86;711,5
2025-05-01;202505;EEP - CARTAGO;NEU;1;SDL;NT1;100% OPERADOR;338,87;56,76;261,04;33,38;76,5;42,86;809,41
2025-05-01;202505;EEP - RISARALDA;NEU;1;SDL;NT1;100% OPERADOR;338,15;56,76;326,95;32,22;61,46;42,86;858,41
2025-05-01;202505;ELECTRIFICADORA - HUILA;NEU;1;SDL;NT1;100% OPERADOR;317,78;56,76;299,01;34,01;67,1;42,86;817,52
2025-05-01;202505;EMCALI - CALI;NEU;1;SDL;NT1;100% OPERADOR;333,6;56,76;261,04;29,22;54,1;42,86;777,57
2025-05-01;202505;EMSA - META;NEU;1;SDL;NT1;100% OPERADOR;322,29;56,76;262,47;29,28;59,78;42,86;773,44
2025-05-01;202505;ENERCA - CASANARE;NEU;1;SDL;NT1;100% OPERADOR;340,0;56,76;262,47;86,12;81,64;42,86;869,85
2025-05-01;202505;EPM - ANTIOQUIA;NEU;1;SDL;NT1;100% OPERADOR;332,82;56,76;326,95;30,78;68,24;42,86;858,41
2025-05-01;202505;ESSA - SANTANDER;NEU;1;SDL;NT1;100% OPERADOR;327,45;56,76;326,95;34,7;71,68;42,86;860,4
2025-05-01;202505;AFINIA - CARIBE MAR;NEU;2;SDL;NT2;100% OPERADOR;327,63;56,76;131,71;39,86;23,5;42,86;622,33
2025-05-01;202505;AIR-E - CARIBE SOL;NEU;2;SDL;NT2;100% OPERADOR;327,63;56,76;86,29;34,6;26,63;42,86;574,77
2025-05-01;202505;CEDENAR - NARIÑO;NEU;2;SDL;NT2;100% OPERADOR;288,5;56,76;153,18;32,88;19,53;42,86;593,71
2025-05-01;202505;CELSIA - TOLIMA;NEU;2;SDL;NT2;100% OPERADOR;316,07;56,76;188,35;30,25;36,63;42,86;670,92
2025-05-01;202505;CELSIA - VALLE DEL CAUCA;NEU;2;SDL;NT2;100% OPERADOR;322,46;56,76;153,18;34,15;26,58;42,86;636,0
2025-05-01;202505;CENS - CÚCUTA;NEU;2;SDL;NT2;100% OPERADOR;321,44;56,76;206,27;31,05;22,39;42,86;680,78
2025-05-01;202505;CEO - CAUCA;NEU;2;SDL;NT2;100% OPERADOR;309,59;56,76;153,18;35,9;27,78;42,86;626,08
2025-05-01;202505;CETSA - TULUA;NEU;2;SDL;NT2;100% OPERADOR;335,02;56,76;153,18;31,27;25,56;42,86;644,66
2025-05-01;202505;CHEC - CALDAS;NEU;2;SDL;NT2;100% OPERADOR;312,9;56,76;206,27;31,13;27,64;42,86;677,57
2025-05-01;202505;CODENSA - BOGOTÁ/CUNDINAMARCA;NEU;2;SDL;NT2;100% OPERADOR;336,13;56,76;188,35;31,75;22,23;42,86;678,08
2025-05-01;202505;DISPAC - CHOCO;NEU;2;SDL;NT2;100% OPERADOR;298,26;56,76;136,16;34,12;26,49;42,86;594,64
2025-05-01;202505;EBSA - BOYACÁ;NEU;2;SDL;NT2;100% OPERADOR;303,48;56,76;188,35;31,74;18,97;42,86;642,16
2025-05-01;202505;EDEQ - QUINDÍO;NEU;2;SDL;NT2;100% OPERADOR;330,65;56,76;206,27;32,18;26,45;42,86;695,18
2025-05-01;202505;EEBAJOPUTUM - BAJO PUTUMAYO;NEU;2;SDL;NT2;100% OPERADOR;279,53;56,76;181,1;27,9;16,37;42,86;604,51
2025-05-01;202505;EEP - CARTAGO;NEU;2;SDL;NT2;100% OPERADOR;338,87;56,76;153,18;33,38;26,56;42,86;651,61
2025-05-01;202505;EEP - RISARALDA;NEU;2;SDL;NT2;100% OPERADOR;338,15;56,76;206,27;32,22;25,31;42,86;701,59
2025-05-01;202505;ELECTRIFICADORA - HUILA;NEU;2;SDL;NT2;100% OPERADOR;317,78;56,76;188,35;34,01;26,27;42,86;666,04
2025-05-01;202505;EMCALI - CALI;NEU;2;SDL;NT2;100% OPERADOR;333,6;56,76;153,18;29,22;24,52;42,86;640,14
2025-05-01;202505;EMSA - META;NEU;2;SDL;NT2;100% OPERADOR;322,29;56,76;181,1;29,28;26,96;42,86;659,24
2025-05-01;202505;ENERCA - CASANARE;NEU;2;SDL;NT2;100% OPERADOR;340,0;56,76;181,1;86,12;34,08;42,86;740,92
2025-05-01;202505;EPM - ANTIOQUIA;NEU;2;SDL;NT2;100% OPERADOR;332,82;56,76;206,27;30,78;20,55;42,86;690,05
2025-05-01;202505;ESSA - SANTANDER;NEU;2;SDL;NT2;100% OPERADOR;327,45;56,76;206,27;34,7;26,09;42,86;694,13
2025-05-01;202505;AFINIA - CARIBE MAR;NEU;3;SDL;NT3;100% OPERADOR;327,63;56,76;99,82;39,86;12,37;42,86;579,3
2025-05-01;202505;AIR-E - CARIBE SOL;NEU;3;SDL;NT3;100% OPERADOR;327,63;56,76;62,62;34,6;22,75;42,86;547,22
2025-05-01;202505;CEDENAR - NARIÑO;NEU;3;SDL;NT3;100% OPERADOR;288,5;56,76;94,37;32,88;13,7;42,86;529,07
2025-05-01;202505;CELSIA - TOLIMA;NEU;3;SDL;NT3;100% OPERADOR;316,07;56,76;127,35;30,25;27,34;42,86;600,63
2025-05-01;202505;CELSIA - VALLE DEL CAUCA;NEU;3;SDL;NT3;100% OPERADOR;322,46;56,76;94,37;34,15;22,75;42,86;573,36
2025-05-01;202505;CENS - CÚCUTA;NEU;3;SDL;NT3;100% OPERADOR;321,44;56,76;90,89;31,05;23,04;42,86;566,05
2025-05-01;202505;CEO - CAUCA;NEU;3;SDL;NT3;100% OPERADOR;309,59;56,76;94,37;35,9;23,46;42,86;562,95
2025-05-01;202505;CETSA - TULUA;NEU;3;SDL;NT3;100% OPERADOR;335,02;56,76;94,37;31,27;19,57;42,86;579,85
2025-05-01;202505;CHEC - CALDAS;NEU;3;SDL;NT3;100% OPERADOR;312,9;56,76;90,89;31,13;20,5;42,86;555,04
2025-05-01;202505;CODENSA - BOGOTÁ/CUNDINAMARCA;NEU;3;SDL;NT3;100% OPERADOR;336,13;56,76;127,35;31,75;21,55;42,86;616,4
2025-05-01;202505;DISPAC - CHOCO;NEU;3;SDL;NT3;100% OPERADOR;298,26;56,76;582,42;34,12;18,21;42,86;1032,63
2025-05-01;202505;EBSA - BOYACÁ;NEU;3;SDL;NT3;100% OPERADOR;303,48;56,76;127,35;31,74;16,11;42,86;578,3
2025-05-01;202505;EDEQ - QUINDÍO;NEU;3;SDL;NT3;100% OPERADOR;330,65;56,76;90,89;32,18;20,08;42,86;573,43
2025-05-01;202505;EEBAJOPUTUM - BAJO PUTUMAYO;NEU;3;SDL;NT3;100% OPERADOR;279,53;56,76;79,73;27,9;13,91;42,86;500,7
2025-05-01;202505;EEP - CARTAGO;NEU;3;SDL;NT3;100% OPERADOR;338,87;56,76;94,37;33,38;22,07;42,86;588,31
2025-05-01;202505;EEP - RISARALDA;NEU;3;SDL;NT3;100% OPERADOR;338,15;56,76;90,89;32,22;22,1;42,86;582,98
2025-05-01;202505;ELECTRIFICADORA - HUILA;NEU;3;SDL;NT3;100% OPERADOR;317,78;56,76;127,35;34,01;20,16;42,86;598,92
2025-05-01;202505;EMCALI - CALI;NEU;3;SDL;NT3;100% OPERADOR;333,6;56,76;94,37;29,22;22,87;42,86;579,68
2025-05-01;202505;EMSA - META;NEU;3;SDL;NT3;100% OPERADOR;322,29;56,76;79,73;29,28;21,01;42,86;551,92
2025-05-01;202505;ENERCA - CASANARE;NEU;3;SDL;NT3;100% OPERADOR;340,0;56,76;79,73;86,12;29,44;42,86;634,91
2025-05-01;202505;EPM - ANTIOQUIA;NEU;3;SDL;NT3;100% OPERADOR;332,82;56,76;90,89;30,78;18,26;42,86;572,38
2025-05-01;202505;ESSA - SANTANDER;NEU;3;SDL;NT3;100% OPERADOR;327,45;56,76;90,89;34,7;19,78;42,86;572,44
2025-06-01;202506;AFINIA - CARIBE MAR;NEU;1;SDL;NT1;100% OPERADOR;340,03;54,69;187,68;35,37;121,66;54,4;793,82
2025-06-01;202506;AIR-E - CARIBE SOL;NEU;1;SDL;NT1;100% OPERADOR;340,03;54,69;115,02;30,66;83,45;54,4;678,24
2025-06-01;202506;CEDENAR - NARIÑO;NEU;1;SDL;NT1;100% OPERADOR;309,21;54,69;266,01;30,5;60,58;54,4;775,38
2025-06-01;202506;CELSIA - TOLIMA;NEU;1;SDL;NT1;100% OPERADOR;330,92;54,69;299,85;28,03;84,33;54,4;852,22
2025-06-01;202506;CELSIA - VALLE DEL CAUCA;NEU;1;SDL;NT1;100% OPERADOR;335,96;54,69;266,01;31,55;64,5;54,4;807,1
2025-06-01;202506;CENS - CÚCUTA;NEU;1;SDL;NT1;100% OPERADOR;335,16;54,69;311,0;28,89;71,75;54,4;855,87
2025-06-01;202506;CEO - CAUCA;NEU;1;SDL;NT1;100% OPERADOR;325,82;54,69;266,01;33,03;72,45;54,4;806,4
2025-06-01;202506;CETSA - TULUA;NEU;1;SDL;NT1;100% OPERADOR;345,85;54,69;266,01;29,05;62,23;54,4;812,22
2025-06-01;202506;CHEC - CALDAS;NEU;1;SDL;NT1;100% OPERADOR;328,43;54,69;311,0;29,01;62,84;54,4;840,37
2025-06-01;202506;CODENSA - BOGOTÁ/CUNDINAMARCA;NEU;1;SDL;NT1;100% OPERADOR;346,72;54,69;299,85;29,33;67,86;54,4;852,84
2025-06-01;202506;DISPAC - CHOCO;NEU;1;SDL;NT1;100% OPERADOR;316,9;54,69;179,43;31,17;59,89;54,4;696,48
2025-06-01;202506;EBSA - BOYACÁ;NEU;1;SDL;NT1;100% OPERADOR;321,01;54,69;299,85;29,16;70,28;54,4;829,38
2025-06-01;202506;EDEQ - QUINDÍO;NEU;1;SDL;NT1;100% OPERADOR;342,41;54,69;311,0;30,0;64,36;54,4;856,86
2025-06-01;202506;EEBAJOPUTUM - BAJO PUTUMAYO;NEU;1;SDL;NT1;100% OPERADOR;302,15;54,69;255,59;25,55;44,58;54,4;736,96
2025-06-01;202506;EEP - CARTAGO;NEU;1;SDL;NT1;100% OPERADOR;348,88;54,69;266,01;30,43;78,14;54,4;832,54
2025-06-01;202506;EEP - RISARALDA;NEU;1;SDL;NT1;100% OPERADOR;348,32;54,69;311,0;30,23;62,68;54,4;861,31
2025-06-01;202506;ELECTRIFICADORA - HUILA;NEU;1;SDL;NT1;100% OPERADOR;332,27;54,69;299,85;31,39;69,6;54,4;842,2
2025-06-01;202506;EMCALI - CALI;NEU;1;SDL;NT1;100% OPERADOR;344,73;54,69;266,01;27,04;55,4;54,4;802,27
2025-06-01;202506;EMSA - META;NEU;1;SDL;NT1;100% OPERADOR;335,82;54,69;255,59;26,8;61,57;54,4;788,86
2025-06-01;202506;ENERCA - CASANARE;NEU;1;SDL;NT1;100% OPERADOR;349,77;54,69;255,59;78,41;82,95;54,4;875,79
2025-06-01;202506;EPM - ANTIOQUIA;NEU;1;SDL;NT1;100% OPERADOR;344,12;54,69;311,0;28,68;69,89;54,4;862,76
2025-06-01;202506;ESSA - SANTANDER;NEU;1;SDL;NT1;100% OPERADOR;339,89;54,69;311,0;32,32;73,69;54,4;865,98
2025-06-01;202506;AFINIA - CARIBE MAR;NEU;2;SDL;NT2;100% OPERADOR;340,03;54,69;118,04;35,37;24,29;54,4;626,81
2025-06-01;202506;AIR-E - CARIBE SOL;NEU;2;SDL;NT2;100% OPERADOR;340,03;54,69;74,52;30,66;27,2;54,4;581,49
2025-06-01;202506;CEDENAR - NARIÑO;NEU;2;SDL;NT2;100% OPERADOR;309,21;54,69;154,28;30,5;20,57;54,4;623,65
2025-06-01;202506;CELSIA - TOLIMA;NEU;2;SDL;NT2;100% OPERADOR;330,92;54,69;187,57;28,03;37,77;54,4;693,38
2025-06-01;202506;CELSIA - VALLE DEL CAUCA;NEU;2;SDL;NT2;100% OPERADOR;335,96;54,69;154,28;31,55;27,37;54,4;658,25
2025-06-01;202506;CENS - CÚCUTA;NEU;2;SDL;NT2;100% OPERADOR;335,16;54,69;198,81;28,89;23,15;54,4;695,08
2025-06-01;202506;CEO - CAUCA;NEU;2;SDL;NT2;100% OPERADOR;325,82;54,69;154,28;33,03;28,4;54,4;650,62
2025-06-01;202506;CETSA - TULUA;NEU;2;SDL;NT2;100% OPERADOR;345,85;54,69;154,28;29,05;26,22;54,4;664,49
2025-06-01;202506;CHEC - CALDAS;NEU;2;SDL;NT2;100% OPERADOR;328,43;54,69;198,81;29,01;28,52;54,4;693,85
2025-06-01;202506;CODENSA - BOGOTÁ/CUNDINAMARCA;NEU;2;SDL;NT2;100% OPERADOR;346,72;54,69;187,57;29,33;22,77;54,4;695,47
2025-06-01;202506;DISPAC - CHOCO;NEU;2;SDL;NT2;100% OPERADOR;316,9;54,69;134,13;31,17;27,35;54,4;618,65
2025-06-01;202506;EBSA - BOYACÁ;NEU;2;SDL;NT2;100% OPERADOR;321,01;54,69;187,57;29,16;19,91;54,4;666,74
2025-06-01;202506;EDEQ - QUINDÍO;NEU;2;SDL;NT2;100% OPERADOR;342,41;54,69;198,81;30,0;27,13;54,4;707,43
2025-06-01;202506;EEBAJOPUTUM - BAJO PUTUMAYO;NEU;2;SDL;NT2;100% OPERADOR;302,15;54,69;178,72;25,55;17,39;54,4;632,9
2025-06-01;202506;EEP - CARTAGO;NEU;2;SDL;NT2;100% OPERADOR;348,88;54,69;154,28;30,43;27,18;54,4;669,86
2025-06-01;202506;EEP - RISARALDA;NEU;2;SDL;NT2;100% OPERADOR;348,32;54,69;198,81;30,23;25,78;54,4;712,21
2025-06-01;202506;ELECTRIFICADORA - HUILA;NEU;2;SDL;NT2;100% OPERADOR;332,27;54,69;187,57;31,39;27,41;54,4;687,72
2025-06-01;202506;EMCALI - CALI;NEU;2;SDL;NT2;100% OPERADOR;344,73;54,69;154,28;27,04;25,13;54,4;660,26
2025-06-01;202506;EMSA - META;NEU;2;SDL;NT2;100% OPERADOR;335,82;54,69;178,72;26,8;27,74;54,4;678,17
2025-06-01;202506;ENERCA - CASANARE;NEU;2;SDL;NT2;100% OPERADOR;349,77;54,69;178,72;78,41;34,46;54,4;750,44
2025-06-01;202506;EPM - ANTIOQUIA;NEU;2;SDL;NT2;100% OPERADOR;344,12;54,69;198,81;28,68;21,05;54,4;701,73
2025-06-01;202506;ESSA - SANTANDER;NEU;2;SDL;NT2;100% OPERADOR;339,89;54,69;198,81;32,32;26,85;54,4;706,95
2025-06-01;202506;AFINIA - CARIBE MAR;NEU;3;SDL;NT3;100% OPERADOR;340,03;54,69;86,82;35,37;12,87;54,4;584,17
2025-06-01;202506;AIR-E - CARIBE SOL;NEU;3;SDL;NT3;100% OPERADOR;340,03;54,69;53,17;30,66;23,21;54,4;556,15
2025-06-01;202506;CEDENAR - NARIÑO;NEU;3;SDL;NT3;100% OPERADOR;309,21;54,69;95,15;30,5;14,42;54,4;558,36
2025-06-01;202506;CELSIA - TOLIMA;NEU;3;SDL;NT3;100% OPERADOR;330,92;54,69;126,93;28,03;28,15;54,4;623,11
2025-06-01;202506;CELSIA - VALLE DEL CAUCA;NEU;3;SDL;NT3;100% OPERADOR;335,96;54,69;95,15;31,55;23,43;54,4;595,17
2025-06-01;202506;CENS - CÚCUTA;NEU;3;SDL;NT3;100% OPERADOR;335,16;54,69;88,65;28,89;23,79;54,4;585,56
2025-06-01;202506;CEO - CAUCA;NEU;3;SDL;NT3;100% OPERADOR;325,82;54,69;95,15;33,03;23,91;54,4;587,0
2025-06-01;202506;CETSA - TULUA;NEU;3;SDL;NT3;100% OPERADOR;345,85;54,69;95,15;29,05;20,1;54,4;599,23
2025-06-01;202506;CHEC - CALDAS;NEU;3;SDL;NT3;100% OPERADOR;328,43;54,69;88,65;29,01;21,11;54,4;576,29
2025-06-01;202506;CODENSA - BOGOTÁ/CUNDINAMARCA;NEU;3;SDL;NT3;100% OPERADOR;346,72;54,69;126,93;29,33;22,06;54,4;634,12
2025-06-01;202506;DISPAC - CHOCO;NEU;3;SDL;NT3;100% OPERADOR;316,9;54,69;574,96;31,17;18,69;54,4;1050,81
2025-06-01;202506;EBSA - BOYACÁ;NEU;3;SDL;NT3;100% OPERADOR;321,01;54,69;126,93;29,16;16,93;54,4;603,12
2025-06-01;202506;EDEQ - QUINDÍO;NEU;3;SDL;NT3;100% OPERADOR;342,41;54,69;88,65;30,0;20,6;54,4;590,74
2025-06-01;202506;EEBAJOPUTUM - BAJO PUTUMAYO;NEU;3;SDL;NT3;100% OPERADOR;302,15;54,69;78,97;25,55;14,79;54,4;530,55
2025-06-01;202506;EEP - CARTAGO;NEU;3;SDL;NT3;100% OPERADOR;348,88;54,69;95,15;30,43;22,62;54,4;606,16
2025-06-01;202506;EEP - RISARALDA;NEU;3;SDL;NT3;100% OPERADOR;348,32;54,69;88,65;30,23;22,5;54,4;598,77
2025-06-01;202506;ELECTRIFICADORA - HUILA;NEU;3;SDL;NT3;100% OPERADOR;332,27;54,69;126,93;31,39;21,09;54,4;620,77
2025-06-01;202506;EMCALI - CALI;NEU;3;SDL;NT3;100% OPERADOR;344,73;54,69;95,15;27,04;23,45;54,4;599,45
2025-06-01;202506;EMSA - META;NEU;3;SDL;NT3;100% OPERADOR;335,82;54,69;78,97;26,8;21,61;54,4;572,28
2025-06-01;202506;ENERCA - CASANARE;NEU;3;SDL;NT3;100% OPERADOR;349,77;54,69;78,97;78,41;29,72;54,4;645,94
2025-06-01;202506;EPM - ANTIOQUIA;NEU;3;SDL;NT3;100% OPERADOR;344,12;54,69;88,65;28,68;18,63;54,4;589,16
2025-06-01;202506;ESSA - SANTANDER;NEU;3;SDL;NT3;100% OPERADOR;339,89;54,69;88,65;32,32;20,36;54,4;590,31
2025-07-01;202507;AFINIA - CARIBE MAR;NEU;1;SDL;NT1;100% OPERADOR;348,17;53,84;200,73;35,65;124,45;16,95;779,8
2025-07-01;202507;AIR-E - CARIBE SOL;NEU;1;SDL;NT1;100% OPERADOR;348,17;53,84;126,73;31,12;85,2;16,95;662,01
2025-07-01;202507;CEDENAR - NARIÑO;NEU;1;SDL;NT1;100% OPERADOR;320,28;53,84;273,21;31,3;62,26;16,95;757,84
2025-07-01;202507;CELSIA - TOLIMA;NEU;1;SDL;NT1;100% OPERADOR;339,93;53,84;296,33;28,73;86,3;16,95;822,08
2025-07-01;202507;CELSIA - VALLE DEL CAUCA;NEU;1;SDL;NT1;100% OPERADOR;344,49;53,84;273,21;29,19;65,78;16,95;783,47
2025-07-01;202507;CENS - CÚCUTA;NEU;1;SDL;NT1;100% OPERADOR;343,76;53,84;308,58;29,42;73,18;16,95;825,73
2025-07-01;202507;CEO - CAUCA;NEU;1;SDL;NT1;100% OPERADOR;335,32;53,84;273,21;34,29;73,98;16,95;787,58
2025-07-01;202507;CETSA - TULUA;NEU;1;SDL;NT1;100% OPERADOR;353,44;53,84;273,21;29,98;63,27;16,95;790,7
2025-07-01;202507;CHEC - CALDAS;NEU;1;SDL;NT1;100% OPERADOR;337,68;53,84;308,58;29,05;64,13;16,95;810,23
2025-07-01;202507;CODENSA - BOGOTÁ/CUNDINAMARCA;NEU;1;SDL;NT1;100% OPERADOR;354,23;53,84;296,33;29,91;69,0;16,95;820,26
2025-07-01;202507;DISPAC - CHOCO;NEU;1;SDL;NT1;100% OPERADOR;327,24;53,84;180,6;32,4;61,22;16,95;672,25
2025-07-01;202507;EBSA - BOYACÁ;NEU;1;SDL;NT1;100% OPERADOR;330,96;53,84;296,33;30,23;72,03;16,95;800,33
2025-07-01;202507;EDEQ - QUINDÍO;NEU;1;SDL;NT1;100% OPERADOR;350,33;53,84;308,58;30,1;65,48;16,95;825,29
2025-07-01;202507;EEBAJOPUTUM - BAJO PUTUMAYO;NEU;1;SDL;NT1;100% OPERADOR;313,89;53,84;265,83;26,47;45,92;16,95;722,9
2025-07-01;202507;EEP - CARTAGO;NEU;1;SDL;NT1;100% OPERADOR;356,19;53,84;273,21;31,56;79,4;16,95;811,14
2025-07-01;202507;EEP - RISARALDA;NEU;1;SDL;NT1;100% OPERADOR;355,68;53,84;308,58;30,06;63,65;16,95;828,76
2025-07-01;202507;ELECTRIFICADORA - HUILA;NEU;1;SDL;NT1;100% OPERADOR;341,15;53,84;296,33;32,28;71,58;16,95;812,12
2025-07-01;202507;EMCALI - CALI;NEU;1;SDL;NT1;100% OPERADOR;352,43;53,84;273,21;27,6;56,34;16,95;780,36
2025-07-01;202507;EMSA - META;NEU;1;SDL;NT1;100% OPERADOR;344,37;53,84;265,83;27,4;62,76;16,95;771,14
2025-07-01;202507;ENERCA - CASANARE;NEU;1;SDL;NT1;100% OPERADOR;356,99;53,84;265,83;79,73;84,07;16,95;857,4
2025-07-01;202507;EPM - ANTIOQUIA;NEU;1;SDL;NT1;100% OPERADOR;351,87;53,84;308,58;28,58;71,09;16,95;830,92
2025-07-01;202507;ESSA - SANTANDER;NEU;1;SDL;NT1;100% OPERADOR;348,05;53,84;308,58;32,59;75,06;16,95;835,06
2025-07-01;202507;AFINIA - CARIBE MAR;NEU;2;SDL;NT2;100% OPERADOR;348,17;53,84;128,88;35,65;25,18;16,95;608,67
2025-07-01;202507;AIR-E - CARIBE SOL;NEU;2;SDL;NT2;100% OPERADOR;348,17;53,84;85,18;31,12;27,85;16,95;563,12
2025-07-01;202507;CEDENAR - NARIÑO;NEU;2;SDL;NT2;100% OPERADOR;320,28;53,84;159,98;31,3;21,11;16,95;603,45
2025-07-01;202507;CELSIA - TOLIMA;NEU;2;SDL;NT2;100% OPERADOR;339,93;53,84;193,15;28,73;38,68;16,95;671,28
2025-07-01;202507;CELSIA - VALLE DEL CAUCA;NEU;2;SDL;NT2;100% OPERADOR;344,49;53,84;159,98;29,19;27,91;16,95;632,36
2025-07-01;202507;CENS - CÚCUTA;NEU;2;SDL;NT2;100% OPERADOR;343,76;53,84;202,82;29,42;23,59;16,95;670,37
2025-07-01;202507;CEO - CAUCA;NEU;2;SDL;NT2;100% OPERADOR;335,32;53,84;159,98;34,29;28,9;16,95;629,27
2025-07-01;202507;CETSA - TULUA;NEU;2;SDL;NT2;100% OPERADOR;353,44;53,84;159,98;29,98;26,64;16,95;640,84
2025-07-01;202507;CHEC - CALDAS;NEU;2;SDL;NT2;100% OPERADOR;337,68;53,84;202,82;29,05;29,03;16,95;669,37
2025-07-01;202507;CODENSA - BOGOTÁ/CUNDINAMARCA;NEU;2;SDL;NT2;100% OPERADOR;354,23;53,84;193,15;29,91;23,14;16,95;671,22
2025-07-01;202507;DISPAC - CHOCO;NEU;2;SDL;NT2;100% OPERADOR;327,24;53,84;135,38;32,4;27,84;16,95;593,65
2025-07-01;202507;EBSA - BOYACÁ;NEU;2;SDL;NT2;100% OPERADOR;330,96;53,84;193,15;30,23;20,41;16,95;645,54
2025-07-01;202507;EDEQ - QUINDÍO;NEU;2;SDL;NT2;100% OPERADOR;350,33;53,84;202,82;30,1;27,56;16,95;681,6
2025-07-01;202507;EEBAJOPUTUM - BAJO PUTUMAYO;NEU;2;SDL;NT2;100% OPERADOR;313,89;53,84;181,17;26,47;17,88;16,95;610,2
2025-07-01;202507;EEP - CARTAGO;NEU;2;SDL;NT2;100% OPERADOR;356,19;53,84;159,98;31,56;27,6;16,95;646,11
2025-07-01;202507;EEP - RISARALDA;NEU;2;SDL;NT2;100% OPERADOR;355,68;53,84;202,82;30,06;26,13;16,95;685,48
2025-07-01;202507;ELECTRIFICADORA - HUILA;NEU;2;SDL;NT2;100% OPERADOR;341,15;53,84;193,15;32,28;28,49;16,95;665,85
2025-07-01;202507;EMCALI - CALI;NEU;2;SDL;NT2;100% OPERADOR;352,43;53,84;159,98;27,6;25,53;16,95;636,32
2025-07-01;202507;EMSA - META;NEU;2;SDL;NT2;100% OPERADOR;344,37;53,84;181,17;27,4;28,25;16,95;651,97
2025-07-01;202507;ENERCA - CASANARE;NEU;2;SDL;NT2;100% OPERADOR;356,99;53,84;181,17;79,73;34,78;16,95;723,46
2025-07-01;202507;EPM - ANTIOQUIA;NEU;2;SDL;NT2;100% OPERADOR;351,87;53,84;202,82;28,58;21,38;16,95;675,44
2025-07-01;202507;ESSA - SANTANDER;NEU;2;SDL;NT2;100% OPERADOR;348,05;53,84;202,82;32,59;27,32;16,95;681,56
2025-07-01;202507;AFINIA - CARIBE MAR;NEU;3;SDL;NT3;100% OPERADOR;348,17;53,84;97,5;35,65;13,53;16,95;565,65
2025-07-01;202507;AIR-E - CARIBE SOL;NEU;3;SDL;NT3;100% OPERADOR;348,17;53,84;63,9;31,12;23,79;16,95;537,77
2025-07-01;202507;CEDENAR - NARIÑO;NEU;3;SDL;NT3;100% OPERADOR;320,28;53,84;98,83;31,3;14,78;16,95;535,98
2025-07-01;202507;CELSIA - TOLIMA;NEU;3;SDL;NT3;100% OPERADOR;339,93;53,84;130,57;28,73;28,83;16,95;598,85
2025-07-01;202507;CELSIA - VALLE DEL CAUCA;NEU;3;SDL;NT3;100% OPERADOR;344,49;53,84;98,83;29,19;23,89;16,95;567,19
2025-07-01;202507;CENS - CÚCUTA;NEU;3;SDL;NT3;100% OPERADOR;343,76;53,84;89,82;29,42;24,24;16,95;558,03
2025-07-01;202507;CEO - CAUCA;NEU;3;SDL;NT3;100% OPERADOR;335,32;53,84;98,83;34,29;24,32;16,95;563,54
2025-07-01;202507;CETSA - TULUA;NEU;3;SDL;NT3;100% OPERADOR;353,44;53,84;98,83;29,98;20,41;16,95;573,45
2025-07-01;202507;CHEC - CALDAS;NEU;3;SDL;NT3;100% OPERADOR;337,68;53,84;89,82;29,05;21,46;16,95;548,79
2025-07-01;202507;CODENSA - BOGOTÁ/CUNDINAMARCA;NEU;3;SDL;NT3;100% OPERADOR;354,23;53,84;130,57;29,91;22,4;16,95;607,9
2025-07-01;202507;DISPAC - CHOCO;NEU;3;SDL;NT3;100% OPERADOR;327,24;53,84;568,25;32,4;18,95;16,95;1017,63
2025-07-01;202507;EBSA - BOYACÁ;NEU;3;SDL;NT3;100% OPERADOR;330,96;53,84;130,57;30,23;17,35;16,95;579,9
2025-07-01;202507;EDEQ - QUINDÍO;NEU;3;SDL;NT3;100% OPERADOR;350,33;53,84;89,82;30,1;20,91;16,95;561,95
2025-07-01;202507;EEBAJOPUTUM - BAJO PUTUMAYO;NEU;3;SDL;NT3;100% OPERADOR;313,89;53,84;80,78;26,47;15,2;16,95;507,13
2025-07-01;202507;EEP - CARTAGO;NEU;3;SDL;NT3;100% OPERADOR;356,19;53,84;98,83;31,56;22,96;16,95;580,32
2025-07-01;202507;EEP - RISARALDA;NEU;3;SDL;NT3;100% OPERADOR;355,68;53,84;89,82;30,06;22,79;16,95;569,14
2025-07-01;202507;ELECTRIFICADORA - HUILA;NEU;3;SDL;NT3;100% OPERADOR;341,15;53,84;130,57;32,28;22,04;16,95;596,82
2025-07-01;202507;EMCALI - CALI;NEU;3;SDL;NT3;100% OPERADOR;352,43;53,84;98,83;27,6;23,81;16,95;573,45
2025-07-01;202507;EMSA - META;NEU;3;SDL;NT3;100% OPERADOR;344,37;53,84;80,78;27,4;21,99;16,95;545,33
2025-07-01;202507;ENERCA - CASANARE;NEU;3;SDL;NT3;100% OPERADOR;356,99;53,84;80,78;79,73;29,96;16,95;618,25
2025-07-01;202507;EPM - ANTIOQUIA;NEU;3;SDL;NT3;100% OPERADOR;351,87;53,84;89,82;28,58;18,94;16,95;559,99
2025-07-01;202507;ESSA - SANTANDER;NEU;3;SDL;NT3;100% OPERADOR;348,05;53,84;89,82;32,59;20,71;16,95;561,95
2025-08-01;202508;AFINIA - CARIBE MAR;NEU;1;SDL;NT1;100% OPERADOR;344,3;56,93;197,64;35,28;123,99;43,62;801,77
2025-08-01;202508;AIR-E - CARIBE SOL;NEU;1;SDL;NT1;100% OPERADOR;344,3;56,93;123,15;30,52;84,9;43,62;683,43
2025-08-01;202508;CEDENAR - NARIÑO;NEU;1;SDL;NT1;100% OPERADOR;317,71;56,93;270,2;30,81;62,32;43,62;781,6
2025-08-01;202508;CELSIA - TOLIMA;NEU;1;SDL;NT1;100% OPERADOR;336,45;56,93;290,01;27,81;86,08;43,62;840,9
2025-08-01;202508;CELSIA - VALLE DEL CAUCA;NEU;1;SDL;NT1;100% OPERADOR;340,79;56,93;270,2;30,65;65,65;43,62;807,85
2025-08-01;202508;CENS - CÚCUTA;NEU;1;SDL;NT1;100% OPERADOR;340,1;56,93;320,9;28,37;73,07;43,62;863,01
2025-08-01;202508;CEO - CAUCA;NEU;1;SDL;NT1;100% OPERADOR;332,05;56,93;270,2;33,35;73,91;43,62;810,07
2025-08-01;202508;CETSA - TULUA;NEU;1;SDL;NT1;100% OPERADOR;349,33;56,93;270,2;30,99;63,1;43,62;814,17
2025-08-01;202508;CHEC - CALDAS;NEU;1;SDL;NT1;100% OPERADOR;334,3;56,93;320,9;28,97;64,05;43,62;848,78
2025-08-01;202508;CODENSA - BOGOTÁ/CUNDINAMARCA;NEU;1;SDL;NT1;100% OPERADOR;350,08;56,93;290,01;29,39;68,81;43,62;838,84
2025-08-01;202508;DISPAC - CHOCO;NEU;1;SDL;NT1;100% OPERADOR;324,35;56,93;178,8;31,25;61,21;43,62;696,17
2025-08-01;202508;EBSA - BOYACÁ;NEU;1;SDL;NT1;100% OPERADOR;327,9;56,93;290,01;29,29;72,02;43,62;819,77
2025-08-01;202508;EDEQ - QUINDÍO;NEU;1;SDL;NT1;100% OPERADOR;346,36;56,93;320,9;29,0;65,31;43,62;862,13
2025-08-01;202508;EEBAJOPUTUM - BAJO PUTUMAYO;NEU;1;SDL;NT1;100% OPERADOR;311,62;56,93;269,71;25,99;45,99;43,62;753,86
2025-08-01;202508;EEP - CARTAGO;NEU;1;SDL;NT1;100% OPERADOR;351,94;56,93;270,2;30,63;79,14;43,62;832,48
2025-08-01;202508;EEP - RISARALDA;NEU;1;SDL;NT1;100% OPERADOR;351,45;56,93;320,9;28,87;63,42;43,62;865,21
2025-08-01;202508;ELECTRIFICADORA - HUILA;NEU;1;SDL;NT1;100% OPERADOR;337,61;56,93;290,01;31,51;71,45;43,62;831,14
2025-08-01;202508;EMCALI - CALI;NEU;1;SDL;NT1;100% OPERADOR;348,36;56,93;270,2;27,58;56,19;43,62;802,89
2025-08-01;202508;EMSA - META;NEU;1;SDL;NT1;100% OPERADOR;340,68;56,93;269,71;26,94;62,6;43,62;800,48
2025-08-01;202508;ENERCA - CASANARE;NEU;1;SDL;NT1;100% OPERADOR;352,71;56,93;269,71;77,83;83,8;43,62;884,61
2025-08-01;202508;EPM - ANTIOQUIA;NEU;1;SDL;NT1;100% OPERADOR;347,83;56,93;320,9;28,42;70,9;43,62;868,62
2025-08-01;202508;ESSA - SANTANDER;NEU;1;SDL;NT1;100% OPERADOR;344,18;56,93;320,9;31,42;74,9;43,62;871,97
2025-08-01;202508;AFINIA - CARIBE MAR;NEU;2;SDL;NT2;100% OPERADOR;344,3;56,93;126,29;35,28;24,96;43,62;631,4
2025-08-01;202508;AIR-E - CARIBE SOL;NEU;2;SDL;NT2;100% OPERADOR;344,3;56,93;81,95;30,52;27,69;43,62;585,03
2025-08-01;202508;CEDENAR - NARIÑO;NEU;2;SDL;NT2;100% OPERADOR;317,71;56,93;157,22;30,81;21,12;43,62;627,41
2025-08-01;202508;CELSIA - TOLIMA;NEU;2;SDL;NT2;100% OPERADOR;336,45;56,93;190,05;27,81;38,52;43,62;693,39
2025-08-01;202508;CELSIA - VALLE DEL CAUCA;NEU;2;SDL;NT2;100% OPERADOR;340,79;56,93;157,22;30,65;27,84;43,62;657,06
2025-08-01;202508;CENS - CÚCUTA;NEU;2;SDL;NT2;100% OPERADOR;340,1;56,93;207,01;28,37;23,55;43,62;699,6
2025-08-01;202508;CEO - CAUCA;NEU;2;SDL;NT2;100% OPERADOR;332,05;56,93;157,22;33,35;28,86;43,62;652,04
2025-08-01;202508;CETSA - TULUA;NEU;2;SDL;NT2;100% OPERADOR;349,33;56,93;157,22;30,99;26,57;43,62;664,66
2025-08-01;202508;CHEC - CALDAS;NEU;2;SDL;NT2;100% OPERADOR;334,3;56,93;207,01;28,97;28,98;43,62;699,82
2025-08-01;202508;CODENSA - BOGOTÁ/CUNDINAMARCA;NEU;2;SDL;NT2;100% OPERADOR;350,08;56,93;190,05;29,39;23,07;43,62;693,15
2025-08-01;202508;DISPAC - CHOCO;NEU;2;SDL;NT2;100% OPERADOR;324,35;56,93;133,59;31,25;27,81;43,62;617,57
2025-08-01;202508;EBSA - BOYACÁ;NEU;2;SDL;NT2;100% OPERADOR;327,9;56,93;190,05;29,29;20,41;43,62;668,21
2025-08-01;202508;EDEQ - QUINDÍO;NEU;2;SDL;NT2;100% OPERADOR;346,36;56,93;207,01;29,0;27,48;43,62;710,41
2025-08-01;202508;EEBAJOPUTUM - BAJO PUTUMAYO;NEU;2;SDL;NT2;100% OPERADOR;311,62;56,93;181,44;25,99;17,89;43,62;637,51
2025-08-01;202508;EEP - CARTAGO;NEU;2;SDL;NT2;100% OPERADOR;351,94;56,93;157,22;30,63;27,5;43,62;667,85
2025-08-01;202508;EEP - RISARALDA;NEU;2;SDL;NT2;100% OPERADOR;351,45;56,93;207,01;28,87;26,01;43,62;713,91
2025-08-01;202508;ELECTRIFICADORA - HUILA;NEU;2;SDL;NT2;100% OPERADOR;337,61;56,93;190,05;31,51;28,42;43,62;688,15
2025-08-01;202508;EMCALI - CALI;NEU;2;SDL;NT2;100% OPERADOR;348,36;56,93;157,22;27,58;25,46;43,62;659,18
2025-08-01;202508;EMSA - META;NEU;2;SDL;NT2;100% OPERADOR;340,68;56,93;181,44;26,94;28,15;43,62;677,77
2025-08-01;202508;ENERCA - CASANARE;NEU;2;SDL;NT2;100% OPERADOR;352,71;56,93;181,44;77,83;34,67;43,62;747,21
2025-08-01;202508;EPM - ANTIOQUIA;NEU;2;SDL;NT2;100% OPERADOR;347,83;56,93;207,01;28,42;21,31;43,62;705,14
2025-08-01;202508;ESSA - SANTANDER;NEU;2;SDL;NT2;100% OPERADOR;344,18;56,93;207,01;31,42;27,27;43,62;710,44
2025-08-01;202508;AFINIA - CARIBE MAR;NEU;3;SDL;NT3;100% OPERADOR;344,3;56,93;94,8;35,28;13,35;43,62;588,29
2025-08-01;202508;AIR-E - CARIBE SOL;NEU;3;SDL;NT3;100% OPERADOR;344,3;56,93;60,85;30,52;23,64;43,62;559,87
2025-08-01;202508;CEDENAR - NARIÑO;NEU;3;SDL;NT3;100% OPERADOR;317,71;56,93;97,63;30,81;14,78;43,62;561,49
2025-08-01;202508;CELSIA - TOLIMA;NEU;3;SDL;NT3;100% OPERADOR;336,45;56,93;126,82;27,81;28,69;43,62;620,32
2025-08-01;202508;CELSIA - VALLE DEL CAUCA;NEU;3;SDL;NT3;100% OPERADOR;340,79;56,93;97,63;30,65;23,83;43,62;593,46
2025-08-01;202508;CENS - CÚCUTA;NEU;3;SDL;NT3;100% OPERADOR;340,1;56,93;90,42;28,37;24,2;43,62;583,65
2025-08-01;202508;CEO - CAUCA;NEU;3;SDL;NT3;100% OPERADOR;332,05;56,93;97,63;33,35;24,29;43,62;587,87
2025-08-01;202508;CETSA - TULUA;NEU;3;SDL;NT3;100% OPERADOR;349,33;56,93;97,63;30,99;20,35;43,62;598,85
2025-08-01;202508;CHEC - CALDAS;NEU;3;SDL;NT3;100% OPERADOR;334,3;56,93;90,42;28,97;21,41;43,62;575,66
2025-08-01;202508;CODENSA - BOGOTÁ/CUNDINAMARCA;NEU;3;SDL;NT3;100% OPERADOR;350,08;56,93;126,82;29,39;22,33;43,62;629,18
2025-08-01;202508;DISPAC - CHOCO;NEU;3;SDL;NT3;100% OPERADOR;324,35;56,93;575,75;31,25;18,92;43,62;1050,82
2025-08-01;202508;EBSA - BOYACÁ;NEU;3;SDL;NT3;100% OPERADOR;327,9;56,93;126,82;29,29;17,36;43,62;601,91
2025-08-01;202508;EDEQ - QUINDÍO;NEU;3;SDL;NT3;100% OPERADOR;346,36;56,93;90,42;29,0;20,85;43,62;587,19
2025-08-01;202508;EEBAJOPUTUM - BAJO PUTUMAYO;NEU;3;SDL;NT3;100% OPERADOR;311,62;56,93;78,75;25,99;15,21;43,62;532,13
2025-08-01;202508;EEP - CARTAGO;NEU;3;SDL;NT3;100% OPERADOR;351,94;56,93;97,63;30,63;22,88;43,62;603,64
2025-08-01;202508;EEP - RISARALDA;NEU;3;SDL;NT3;100% OPERADOR;351,45;56,93;90,42;28,87;22,68;43,62;593,99
2025-08-01;202508;ELECTRIFICADORA - HUILA;NEU;3;SDL;NT3;100% OPERADOR;337,61;56,93;126,82;31,51;21,98;43,62;618,48
2025-08-01;202508;EMCALI - CALI;NEU;3;SDL;NT3;100% OPERADOR;348,36;56,93;97,63;27,58;23,75;43,62;597,87
2025-08-01;202508;EMSA - META;NEU;3;SDL;NT3;100% OPERADOR;340,68;56,93;78,75;26,94;21,9;43,62;568,83
2025-08-01;202508;ENERCA - CASANARE;NEU;3;SDL;NT3;100% OPERADOR;352,71;56,93;78,75;77,83;29,85;43,62;639,7
2025-08-01;202508;EPM - ANTIOQUIA;NEU;3;SDL;NT3;100% OPERADOR;347,83;56,93;90,42;28,42;18,85;43,62;586,09
2025-08-01;202508;ESSA - SANTANDER;NEU;3;SDL;NT3;100% OPERADOR;344,18;56,93;90,42;31,42;20,67;43,62;587,26
2025-09-01;202509;AFINIA - CARIBE MAR;NEU;1;SDL;NT1;100% OPERADOR;351,57;51,66;198,85;36,32;125,83;31,46;795,69
2025-09-01;202509;AIR-E - CARIBE SOL;NEU;1;SDL;NT1;100% OPERADOR;351,57;51,66;124,21;31,55;86,25;31,46;676,7
2025-09-01;202509;CEDENAR - NARIÑO;NEU;1;SDL;NT1;100% OPERADOR;324,32;51,66;261,97;31,89;63,54;31,46;764,84
2025-09-01;202509;CELSIA - TOLIMA;NEU;1;SDL;NT1;100% OPERADOR;343,52;51,66;305,19;28,53;87,56;31,46;847,93
2025-09-01;202509;CELSIA - VALLE DEL CAUCA;NEU;1;SDL;NT1;100% OPERADOR;347,97;51,66;261,97;31,69;66,99;31,46;791,75
2025-09-01;202509;CENS - CÚCUTA;NEU;1;SDL;NT1;100% OPERADOR;347,26;51,66;325,33;29,52;74,52;31,46;859,76
2025-09-01;202509;CEO - CAUCA;NEU;1;SDL;NT1;100% OPERADOR;339,01;51,66;261,97;34,55;75,23;31,46;793,89
2025-09-01;202509;CETSA - TULUA;NEU;1;SDL;NT1;100% OPERADOR;356,72;51,66;261,97;32,44;64,49;31,46;798,73
2025-09-01;202509;CHEC - CALDAS;NEU;1;SDL;NT1;100% OPERADOR;341,32;51,66;325,33;29,92;65,35;31,46;845,03
2025-09-01;202509;CODENSA - BOGOTÁ/CUNDINAMARCA;NEU;1;SDL;NT1;100% OPERADOR;357,49;51,66;305,19;30,18;70,22;31,46;846,21
2025-09-01;202509;DISPAC - CHOCO;NEU;1;SDL;NT1;100% OPERADOR;331,12;51,66;179,76;32,36;62,45;31,46;688,81
2025-09-01;202509;EBSA - BOYACÁ;NEU;1;SDL;NT1;100% OPERADOR;334,76;51,66;305,19;30,35;73,37;31,46;826,8
2025-09-01;202509;EDEQ - QUINDÍO;NEU;1;SDL;NT1;100% OPERADOR;353,68;51,66;325,33;30,23;66,69;31,46;859,05
2025-09-01;202509;EEBAJOPUTUM - BAJO PUTUMAYO;NEU;1;SDL;NT1;100% OPERADOR;318,08;51,66;269,4;27,0;47,03;31,46;744,63
2025-09-01;202509;EEP - CARTAGO;NEU;1;SDL;NT1;100% OPERADOR;359,4;51,66;261,97;31,05;80,68;31,46;816,22
2025-09-01;202509;EEP - RISARALDA;NEU;1;SDL;NT1;100% OPERADOR;358,9;51,66;325,33;30,19;64,78;31,46;862,32
2025-09-01;202509;ELECTRIFICADORA - HUILA;NEU;1;SDL;NT1;100% OPERADOR;344,71;51,66;305,19;32,37;72,91;31,46;838,3
2025-09-01;202509;EMCALI - CALI;NEU;1;SDL;NT1;100% OPERADOR;355,73;51,66;261,97;28,28;57,51;31,46;786,61
2025-09-01;202509;EMSA - META;NEU;1;SDL;NT1;100% OPERADOR;347,85;51,66;269,4;27,54;63,86;31,46;791,78
2025-09-01;202509;ENERCA - CASANARE;NEU;1;SDL;NT1;100% OPERADOR;360,18;51,66;269,4;79,68;79,37;31,46;871,76
2025-09-01;202509;EPM - ANTIOQUIA;NEU;1;SDL;NT1;100% OPERADOR;355,18;51,66;325,33;29,8;72,33;31,46;865,77
2025-09-01;202509;ESSA - SANTANDER;NEU;1;SDL;NT1;100% OPERADOR;351,45;51,66;325,33;32,86;76,37;31,46;869,13
2025-09-01;202509;AFINIA - CARIBE MAR;NEU;2;SDL;NT2;100% OPERADOR;351,57;51,66;127,31;36,32;25,93;31,46;624,25
2025-09-01;202509;AIR-E - CARIBE SOL;NEU;2;SDL;NT2;100% OPERADOR;351,57;51,66;82,94;31,55;28,55;31,46;577,73
2025-09-01;202509;CEDENAR - NARIÑO;NEU;2;SDL;NT2;100% OPERADOR;324,32;51,66;157,12;31,89;22,02;31,46;618,47
2025-09-01;202509;CELSIA - TOLIMA;NEU;2;SDL;NT2;100% OPERADOR;343,52;51,66;194,24;28,53;39,57;31,46;688,98
2025-09-01;202509;CELSIA - VALLE DEL CAUCA;NEU;2;SDL;NT2;100% OPERADOR;347,97;51,66;157,12;31,69;28,85;31,46;648,75
2025-09-01;202509;CENS - CÚCUTA;NEU;2;SDL;NT2;100% OPERADOR;347,26;51,66;204,37;29,52;24,56;31,46;688,85
2025-09-01;202509;CEO - CAUCA;NEU;2;SDL;NT2;100% OPERADOR;339,01;51,66;157,12;34,55;29,82;31,46;643,62
2025-09-01;202509;CETSA - TULUA;NEU;2;SDL;NT2;100% OPERADOR;356,72;51,66;157,12;32,44;27,62;31,46;657,02
2025-09-01;202509;CHEC - CALDAS;NEU;2;SDL;NT2;100% OPERADOR;341,32;51,66;204,37;29,92;29,99;31,46;688,71
2025-09-01;202509;CODENSA - BOGOTÁ/CUNDINAMARCA;NEU;2;SDL;NT2;100% OPERADOR;357,49;51,66;194,24;30,18;24,06;31,46;689,09
2025-09-01;202509;DISPAC - CHOCO;NEU;2;SDL;NT2;100% OPERADOR;331,12;51,66;134,43;32,36;28,79;31,46;609,83
2025-09-01;202509;EBSA - BOYACÁ;NEU;2;SDL;NT2;100% OPERADOR;334,76;51,66;194,24;30,35;21,34;31,46;663,81
2025-09-01;202509;EDEQ - QUINDÍO;NEU;2;SDL;NT2;100% OPERADOR;353,68;51,66;204,37;30,23;28,52;31,46;699,92
2025-09-01;202509;EEBAJOPUTUM - BAJO PUTUMAYO;NEU;2;SDL;NT2;100% OPERADOR;318,08;51,66;186,15;27,0;18,74;31,46;633,08
2025-09-01;202509;EEP - CARTAGO;NEU;2;SDL;NT2;100% OPERADOR;359,4;51,66;157,12;31,05;28,56;31,46;659,25
2025-09-01;202509;EEP - RISARALDA;NEU;2;SDL;NT2;100% OPERADOR;358,9;51,66;204,37;30,19;27,03;31,46;703,61
2025-09-01;202509;ELECTRIFICADORA - HUILA;NEU;2;SDL;NT2;100% OPERADOR;344,71;51,66;194,24;32,37;29,5;31,46;683,94
2025-09-01;202509;EMCALI - CALI;NEU;2;SDL;NT2;100% OPERADOR;355,73;51,66;157,12;28,28;26,5;31,46;650,75
2025-09-01;202509;EMSA - META;NEU;2;SDL;NT2;100% OPERADOR;347,85;51,66;186,15;27,54;29,1;31,46;673,77
2025-09-01;202509;ENERCA - CASANARE;NEU;2;SDL;NT2;100% OPERADOR;360,18;51,66;186,15;79,68;29,77;31,46;738,91
2025-09-01;202509;EPM - ANTIOQUIA;NEU;2;SDL;NT2;100% OPERADOR;355,18;51,66;204,37;29,8;22,29;31,46;694,77
2025-09-01;202509;ESSA - SANTANDER;NEU;2;SDL;NT2;100% OPERADOR;351,45;51,66;204,37;32,86;28,31;31,46;700,11
2025-09-01;202509;AFINIA - CARIBE MAR;NEU;3;SDL;NT3;100% OPERADOR;351,57;51,66;95,7;36,32;14,2;31,46;580,91
2025-09-01;202509;AIR-E - CARIBE SOL;NEU;3;SDL;NT3;100% OPERADOR;351,57;51,66;61,64;31,55;24,46;31,46;552,34
2025-09-01;202509;CEDENAR - NARIÑO;NEU;3;SDL;NT3;100% OPERADOR;324,32;51,66;95,8;31,89;15,64;31,46;550,77
2025-09-01;202509;CELSIA - TOLIMA;NEU;3;SDL;NT3;100% OPERADOR;343,52;51,66;130,16;28,53;29,66;31,46;615,0
2025-09-01;202509;CELSIA - VALLE DEL CAUCA;NEU;3;SDL;NT3;100% OPERADOR;347,97;51,66;95,8;31,69;24,81;31,46;583,4
2025-09-01;202509;CENS - CÚCUTA;NEU;3;SDL;NT3;100% OPERADOR;347,26;51,66;91,11;29,52;25,19;31,46;576,21
2025-09-01;202509;CEO - CAUCA;NEU;3;SDL;NT3;100% OPERADOR;339,01;51,66;95,8;34,55;25,22;31,46;577,7
2025-09-01;202509;CETSA - TULUA;NEU;3;SDL;NT3;100% OPERADOR;356,72;51,66;95,8;32,44;21,35;31,46;589,42
2025-09-01;202509;CHEC - CALDAS;NEU;3;SDL;NT3;100% OPERADOR;341,32;51,66;91,11;29,92;22,35;31,46;567,82
2025-09-01;202509;CODENSA - BOGOTÁ/CUNDINAMARCA;NEU;3;SDL;NT3;100% OPERADOR;357,49;51,66;130,16;30,18;23,32;31,46;624,28
2025-09-01;202509;DISPAC - CHOCO;NEU;3;SDL;NT3;100% OPERADOR;331,12;51,66;578,25;32,36;19,83;31,46;1044,68
2025-09-01;202509;EBSA - BOYACÁ;NEU;3;SDL;NT3;100% OPERADOR;334,76;51,66;130,16;30,35;18,26;31,46;596,66
2025-09-01;202509;EDEQ - QUINDÍO;NEU;3;SDL;NT3;100% OPERADOR;353,68;51,66;91,11;30,23;21,82;31,46;579,96
2025-09-01;202509;EEBAJOPUTUM - BAJO PUTUMAYO;NEU;3;SDL;NT3;100% OPERADOR;318,08;51,66;91,21;27,0;16,04;31,46;535,45
2025-09-01;202509;EEP - CARTAGO;NEU;3;SDL;NT3;100% OPERADOR;359,4;51,66;95,8;31,05;23,9;31,46;593,27
2025-09-01;202509;EEP - RISARALDA;NEU;3;SDL;NT3;100% OPERADOR;358,9;51,66;91,11;30,19;23,67;31,46;586,99
2025-09-01;202509;ELECTRIFICADORA - HUILA;NEU;3;SDL;NT3;100% OPERADOR;344,71;51,66;130,16;32,37;23,01;31,46;613,37
2025-09-01;202509;EMCALI - CALI;NEU;3;SDL;NT3;100% OPERADOR;355,73;51,66;95,8;28,28;24,77;31,46;587,69
2025-09-01;202509;EMSA - META;NEU;3;SDL;NT3;100% OPERADOR;347,85;51,66;91,21;27,54;22,81;31,46;572,54
2025-09-01;202509;ENERCA - CASANARE;NEU;3;SDL;NT3;100% OPERADOR;360,18;51,66;91,21;79,68;24,91;31,46;639,11
2025-09-01;202509;EPM - ANTIOQUIA;NEU;3;SDL;NT3;100% OPERADOR;355,18;51,66;91,11;29,8;19,77;31,46;578,99
2025-09-01;202509;ESSA - SANTANDER;NEU;3;SDL;NT3;100% OPERADOR;351,45;51,66;91,11;32,86;21,65;31,46;580,19
2025-10-01;202510;AFINIA - CARIBE MAR;NEU;1;SDL;NT1;100% OPERADOR;353,61;52,97;200,76;36,14;127,06;24,25;794,79
2025-10-01;202510;AIR-E - CARIBE SOL;NEU;1;SDL;NT1;100% OPERADOR;353,61;52,97;126,31;31,36;87,02;24,25;675,51
2025-10-01;202510;CEDENAR - NARIÑO;NEU;1;SDL;NT1;100% OPERADOR;325,76;52,97;266,88;31,32;63,91;24,25;765,08
2025-10-01;202510;CELSIA - TOLIMA;NEU;1;SDL;NT1;100% OPERADOR;345,38;52,97;307,93;28,83;88,14;24,25;847,5
2025-10-01;202510;CELSIA - VALLE DEL CAUCA;NEU;1;SDL;NT1;100% OPERADOR;349,93;52,97;266,88;31,23;67,42;24,25;792,68
2025-10-01;202510;CENS - CÚCUTA;NEU;1;SDL;NT1;100% OPERADOR;349,2;52,97;314,64;28,93;75,04;24,25;845,03
2025-10-01;202510;CEO - CAUCA;NEU;1;SDL;NT1;100% OPERADOR;340,77;52,97;266,88;33,1;75,67;24,25;793,63
2025-10-01;202510;CETSA - TULUA;NEU;1;SDL;NT1;100% OPERADOR;358,87;52,97;266,88;31,72;64,93;24,25;799,62
2025-10-01;202510;CHEC - CALDAS;NEU;1;SDL;NT1;100% OPERADOR;343,13;52,97;314,64;29,83;65,77;24,25;830,59
2025-10-01;202510;CODENSA - BOGOTÁ/CUNDINAMARCA;NEU;1;SDL;NT1;100% OPERADOR;359,65;52,97;307,93;30,46;70,71;24,25;845,97
2025-10-01;202510;DISPAC - CHOCO;NEU;1;SDL;NT1;100% OPERADOR;332,71;52,97;180,11;32,18;62,83;24,25;685,04
2025-10-01;202510;EBSA - BOYACÁ;NEU;1;SDL;NT1;100% OPERADOR;336,42;52,97;307,93;30,6;73,86;24,25;826,04
2025-10-01;202510;EDEQ - QUINDÍO;NEU;1;SDL;NT1;100% OPERADOR;355,76;52,97;314,64;30,32;67,13;24,25;845,06
2025-10-01;202510;EEBAJOPUTUM - BAJO PUTUMAYO;NEU;1;SDL;NT1;100% OPERADOR;319,38;52,97;275,2;26,98;47,28;24,25;746,06
2025-10-01;202510;EEP - CARTAGO;NEU;1;SDL;NT1;100% OPERADOR;361,61;52,97;266,88;30,79;81,26;24,25;817,76
2025-10-01;202510;EEP - RISARALDA;NEU;1;SDL;NT1;100% OPERADOR;361,1;52,97;314,64;30,29;65,19;24,25;848,43
2025-10-01;202510;ELECTRIFICADORA - HUILA;NEU;1;SDL;NT1;100% OPERADOR;346,6;52,97;307,93;32,71;73,71;24,25;838,17
2025-10-01;202510;EMCALI - CALI;NEU;1;SDL;NT1;100% OPERADOR;357,85;52,97;266,88;27,99;57,91;24,25;787,85
2025-10-01;202510;EMSA - META;NEU;1;SDL;NT1;100% OPERADOR;349,81;52,97;275,2;27,45;64,22;24,25;793,9
2025-10-01;202510;ENERCA - CASANARE;NEU;1;SDL;NT1;100% OPERADOR;362,41;52,97;275,2;30,13;79,96;24,25;824,91
2025-10-01;202510;EPM - ANTIOQUIA;NEU;1;SDL;NT1;100% OPERADOR;357,3;52,97;314,64;29,77;72,8;24,25;851,73
2025-10-01;202510;ESSA - SANTANDER;NEU;1;SDL;NT1;100% OPERADOR;353,48;52,97;314,64;32,84;76,92;24,25;855,1
2025-10-01;202510;AFINIA - CARIBE MAR;NEU;2;SDL;NT2;100% OPERADOR;353,61;52,97;128,87;36,14;26,3;24,25;622,14
2025-10-01;202510;AIR-E - CARIBE SOL;NEU;2;SDL;NT2;100% OPERADOR;353,61;52,97;85,01;31,36;28,83;24,25;576,02
2025-10-01;202510;CEDENAR - NARIÑO;NEU;2;SDL;NT2;100% OPERADOR;325,76;52,97;160,27;31,32;22,1;24,25;616,66
2025-10-01;202510;CELSIA - TOLIMA;NEU;2;SDL;NT2;100% OPERADOR;345,38;52,97;193,04;28,83;39,73;24,25;684,2
2025-10-01;202510;CELSIA - VALLE DEL CAUCA;NEU;2;SDL;NT2;100% OPERADOR;349,93;52,97;160,27;31,23;28,98;24,25;647,62
2025-10-01;202510;CENS - CÚCUTA;NEU;2;SDL;NT2;100% OPERADOR;349,2;52,97;200,78;28,93;24,69;24,25;680,82
2025-10-01;202510;CEO - CAUCA;NEU;2;SDL;NT2;100% OPERADOR;340,77;52,97;160,27;33,1;29,9;24,25;641,25
2025-10-01;202510;CETSA - TULUA;NEU;2;SDL;NT2;100% OPERADOR;358,87;52,97;160,27;31,72;27,76;24,25;655,84
2025-10-01;202510;CHEC - CALDAS;NEU;2;SDL;NT2;100% OPERADOR;343,13;52,97;200,78;29,83;30,13;24,25;681,1
2025-10-01;202510;CODENSA - BOGOTÁ/CUNDINAMARCA;NEU;2;SDL;NT2;100% OPERADOR;359,65;52,97;193,04;30,46;24,17;24,25;684,54
2025-10-01;202510;DISPAC - CHOCO;NEU;2;SDL;NT2;100% OPERADOR;332,71;52,97;134,79;32,18;28,92;24,25;605,81
2025-10-01;202510;EBSA - BOYACÁ;NEU;2;SDL;NT2;100% OPERADOR;336,42;52,97;193,04;30,6;21,44;24,25;658,73
2025-10-01;202510;EDEQ - QUINDÍO;NEU;2;SDL;NT2;100% OPERADOR;355,76;52,97;200,78;30,32;28,64;24,25;692,72
2025-10-01;202510;EEBAJOPUTUM - BAJO PUTUMAYO;NEU;2;SDL;NT2;100% OPERADOR;319,38;52,97;191,56;26,98;18,79;24,25;633,93
2025-10-01;202510;EEP - CARTAGO;NEU;2;SDL;NT2;100% OPERADOR;361,61;52,97;160,27;30,79;28,7;24,25;658,58
2025-10-01;202510;EEP - RISARALDA;NEU;2;SDL;NT2;100% OPERADOR;361,1;52,97;200,78;30,29;27,12;24,25;696,51
2025-10-01;202510;ELECTRIFICADORA - HUILA;NEU;2;SDL;NT2;100% OPERADOR;346,6;52,97;193,04;32,71;29,96;24,25;679,53
2025-10-01;202510;EMCALI - CALI;NEU;2;SDL;NT2;100% OPERADOR;357,85;52,97;160,27;27,99;26,64;24,25;649,97
2025-10-01;202510;EMSA - META;NEU;2;SDL;NT2;100% OPERADOR;349,81;52,97;191,56;27,45;29,19;24,25;675,22
2025-10-01;202510;ENERCA - CASANARE;NEU;2;SDL;NT2;100% OPERADOR;362,41;52,97;191,56;30,13;29,94;24,25;691,26
2025-10-01;202510;EPM - ANTIOQUIA;NEU;2;SDL;NT2;100% OPERADOR;357,3;52,97;200,78;29,77;22,35;24,25;687,42
2025-10-01;202510;ESSA - SANTANDER;NEU;2;SDL;NT2;100% OPERADOR;353,48;52,97;200,78;32,84;28,46;24,25;692,79
2025-10-01;202510;AFINIA - CARIBE MAR;NEU;3;SDL;NT3;100% OPERADOR;353,61;52,97;97,12;36,14;14,46;24,25;578,55
2025-10-01;202510;AIR-E - CARIBE SOL;NEU;3;SDL;NT3;100% OPERADOR;353,61;52,97;63,78;31,36;24,71;24,25;550,67
2025-10-01;202510;CEDENAR - NARIÑO;NEU;3;SDL;NT3;100% OPERADOR;325,76;52,97;95,98;31,32;15,67;24,25;545,94
2025-10-01;202510;CELSIA - TOLIMA;NEU;3;SDL;NT3;100% OPERADOR;345,38;52,97;131,08;28,83;29,74;24,25;612,26
2025-10-01;202510;CELSIA - VALLE DEL CAUCA;NEU;3;SDL;NT3;100% OPERADOR;349,93;52,97;95,98;31,23;24,91;24,25;579,27
2025-10-01;202510;CENS - CÚCUTA;NEU;3;SDL;NT3;100% OPERADOR;349,2;52,97;90,7;28,93;25,32;24,25;571,37
2025-10-01;202510;CEO - CAUCA;NEU;3;SDL;NT3;100% OPERADOR;340,77;52,97;95,98;33,1;25,27;24,25;572,34
2025-10-01;202510;CETSA - TULUA;NEU;3;SDL;NT3;100% OPERADOR;358,87;52,97;95,98;31,72;21,43;24,25;585,22
2025-10-01;202510;CHEC - CALDAS;NEU;3;SDL;NT3;100% OPERADOR;343,13;52,97;90,7;29,83;22,44;24,25;563,32
2025-10-01;202510;CODENSA - BOGOTÁ/CUNDINAMARCA;NEU;3;SDL;NT3;100% OPERADOR;359,65;52,97;131,08;30,46;23,42;24,25;621,83
2025-10-01;202510;DISPAC - CHOCO;NEU;3;SDL;NT3;100% OPERADOR;332,71;52,97;580,19;32,18;19,88;24,25;1042,18
2025-10-01;202510;EBSA - BOYACÁ;NEU;3;SDL;NT3;100% OPERADOR;336,42;52,97;131,08;30,6;18,33;24,25;593,66
2025-10-01;202510;EDEQ - QUINDÍO;NEU;3;SDL;NT3;100% OPERADOR;355,76;52,97;90,7;30,32;21,89;24,25;575,89
2025-10-01;202510;EEBAJOPUTUM - BAJO PUTUMAYO;NEU;3;SDL;NT3;100% OPERADOR;319,38;52,97;94,59;26,98;16,08;24,25;534,25
2025-10-01;202510;EEP - CARTAGO;NEU;3;SDL;NT3;100% OPERADOR;361,61;52,97;95,98;30,79;24,0;24,25;589,6
2025-10-01;202510;EEP - RISARALDA;NEU;3;SDL;NT3;100% OPERADOR;361,1;52,97;90,7;30,29;23,73;24,25;583,04
2025-10-01;202510;ELECTRIFICADORA - HUILA;NEU;3;SDL;NT3;100% OPERADOR;346,6;52,97;131,08;32,71;23,41;24,25;611,02
2025-10-01;202510;EMCALI - CALI;NEU;3;SDL;NT3;100% OPERADOR;357,85;52,97;95,98;27,99;24,88;24,25;583,93
2025-10-01;202510;EMSA - META;NEU;3;SDL;NT3;100% OPERADOR;349,81;52,97;94,59;27,45;22,84;24,25;571,9
2025-10-01;202510;ENERCA - CASANARE;NEU;3;SDL;NT3;100% OPERADOR;362,41;52,97;94,59;30,13;25,03;24,25;589,37
2025-10-01;202510;EPM - ANTIOQUIA;NEU;3;SDL;NT3;100% OPERADOR;357,3;52,97;90,7;29,77;19,84;24,25;574,82
2025-10-01;202510;ESSA - SANTANDER;NEU;3;SDL;NT3;100% OPERADOR;353,48;52,97;90,7;32,84;21,75;24,25;575,99
2025-11-01;202511;AFINIA - CARIBE MAR;NEU;1;SDL;NT1;100% OPERADOR;352,28;53,3;200,45;35,93;126,83;27,84;796,61
2025-11-01;202511;AIR-E - CARIBE SOL;NEU;1;SDL;NT1;100% OPERADOR;352,28;53,3;131,47;31,15;86,92;27,84;682,95
2025-11-01;202511;CEDENAR - NARIÑO;NEU;1;SDL;NT1;100% OPERADOR;324,6;53,3;270,16;30,94;63,77;27,84;770,61
2025-11-01;202511;CELSIA - TOLIMA;NEU;1;SDL;NT1;100% OPERADOR;344,1;53,3;294,84;28,52;87,93;27,84;836,53
2025-11-01;202511;CELSIA - VALLE DEL CAUCA;NEU;1;SDL;NT1;100% OPERADOR;348,62;53,3;270,16;32,97;67,26;27,84;800,15
2025-11-01;202511;CENS - CÚCUTA;NEU;1;SDL;NT1;100% OPERADOR;347,9;53,3;307,37;28,36;74,86;27,84;839,62
2025-11-01;202511;CEO - CAUCA;NEU;1;SDL;NT1;100% OPERADOR;339,52;53,3;270,16;32,87;75,56;27,84;799,25
2025-11-01;202511;CETSA - TULUA;NEU;1;SDL;NT1;100% OPERADOR;357,51;53,3;270,16;34,0;64,76;27,84;807,56
2025-11-01;202511;CHEC - CALDAS;NEU;1;SDL;NT1;100% OPERADOR;341,86;53,3;307,37;29,17;65,65;27,84;825,19
2025-11-01;202511;CODENSA - BOGOTÁ/CUNDINAMARCA;NEU;1;SDL;NT1;100% OPERADOR;358,29;53,3;294,84;30,2;70,52;27,84;834,99
2025-11-01;202511;DISPAC - CHOCO;NEU;1;SDL;NT1;100% OPERADOR;331,51;53,3;180,41;31,98;58,73;27,84;683,76
2025-11-01;202511;EBSA - BOYACÁ;NEU;1;SDL;NT1;100% OPERADOR;335,2;53,3;294,84;30,3;73,68;27,84;815,16
2025-11-01;202511;EDEQ - QUINDÍO;NEU;1;SDL;NT1;100% OPERADOR;354,42;53,3;307,37;29,57;66,98;27,84;839,47
2025-11-01;202511;EEBAJOPUTUM - BAJO PUTUMAYO;NEU;1;SDL;NT1;100% OPERADOR;318,26;53,3;271,54;26,76;47,15;27,84;744,84
2025-11-01;202511;EEP - CARTAGO;NEU;1;SDL;NT1;100% OPERADOR;360,23;53,3;270,16;30,68;81,05;27,84;823,26
2025-11-01;202511;EEP - RISARALDA;NEU;1;SDL;NT1;100% OPERADOR;359,72;53,3;307,37;29,69;65,03;27,84;842,94
2025-11-01;202511;ELECTRIFICADORA - HUILA;NEU;1;SDL;NT1;100% OPERADOR;345,31;53,3;294,84;32,31;73,55;27,84;827,15
2025-11-01;202511;EMCALI - CALI;NEU;1;SDL;NT1;100% OPERADOR;356,5;53,3;270,16;27,88;57,78;27,84;793,46
2025-11-01;202511;EMSA - META;NEU;1;SDL;NT1;100% OPERADOR;348,5;53,3;271,54;27,31;63,98;27,84;792,46
2025-11-01;202511;ENERCA - CASANARE;NEU;1;SDL;NT1;100% OPERADOR;361,02;53,3;271,54;29,19;79,86;27,84;822,74
2025-11-01;202511;EPM - ANTIOQUIA;NEU;1;SDL;NT1;100% OPERADOR;355,95;53,3;307,37;29,2;72,62;27,84;846,27
2025-11-01;202511;ESSA - SANTANDER;NEU;1;SDL;NT1;100% OPERADOR;352,15;53,3;307,37;32,05;76,73;27,84;849,43
2025-11-01;202511;AFINIA - CARIBE MAR;NEU;2;SDL;NT2;100% OPERADOR;352,28;53,3;129,01;35,93;26,27;27,84;624,62
2025-11-01;202511;AIR-E - CARIBE SOL;NEU;2;SDL;NT2;100% OPERADOR;352,28;53,3;87,72;31,15;28,85;27,84;581,13
2025-11-01;202511;CEDENAR - NARIÑO;NEU;2;SDL;NT2;100% OPERADOR;324,6;53,3;160,48;30,94;22,04;27,84;619,2
2025-11-01;202511;CELSIA - TOLIMA;NEU;2;SDL;NT2;100% OPERADOR;344,1;53,3;187,53;28,52;39,59;27,84;680,88
2025-11-01;202511;CELSIA - VALLE DEL CAUCA;NEU;2;SDL;NT2;100% OPERADOR;348,62;53,3;160,48;32,97;28,9;27,84;652,11
2025-11-01;202511;CENS - CÚCUTA;NEU;2;SDL;NT2;100% OPERADOR;347,9;53,3;202,27;28,36;24,62;27,84;684,28
2025-11-01;202511;CEO - CAUCA;NEU;2;SDL;NT2;100% OPERADOR;339,52;53,3;160,48;32,87;29,89;27,84;643,9
2025-11-01;202511;CETSA - TULUA;NEU;2;SDL;NT2;100% OPERADOR;357,51;53,3;160,48;34,0;27,68;27,84;660,79
2025-11-01;202511;CHEC - CALDAS;NEU;2;SDL;NT2;100% OPERADOR;341,86;53,3;202,27;29,17;30,09;27,84;684,53
2025-11-01;202511;CODENSA - BOGOTÁ/CUNDINAMARCA;NEU;2;SDL;NT2;100% OPERADOR;358,29;53,3;187,53;30,2;24,09;27,84;681,24
2025-11-01;202511;DISPAC - CHOCO;NEU;2;SDL;NT2;100% OPERADOR;331,51;53,3;135,31;31,98;24,89;27,84;604,82
2025-11-01;202511;EBSA - BOYACÁ;NEU;2;SDL;NT2;100% OPERADOR;335,2;53,3;187,53;30,3;21,37;27,84;655,53
2025-11-01;202511;EDEQ - QUINDÍO;NEU;2;SDL;NT2;100% OPERADOR;354,42;53,3;202,27;29,57;28,58;27,84;695,97
2025-11-01;202511;EEBAJOPUTUM - BAJO PUTUMAYO;NEU;2;SDL;NT2;100% OPERADOR;318,26;53,3;185,06;26,76;18,71;27,84;629,93
2025-11-01;202511;EEP - CARTAGO;NEU;2;SDL;NT2;100% OPERADOR;360,23;53,3;160,48;30,68;28,61;27,84;661,13
2025-11-01;202511;EEP - RISARALDA;NEU;2;SDL;NT2;100% OPERADOR;359,72;53,3;202,27;29,69;27,05;27,84;699,86
2025-11-01;202511;ELECTRIFICADORA - HUILA;NEU;2;SDL;NT2;100% OPERADOR;345,31;53,3;187,53;32,31;29,89;27,84;676,18
2025-11-01;202511;EMCALI - CALI;NEU;2;SDL;NT2;100% OPERADOR;356,5;53,3;160,48;27,88;26,59;27,84;652,58
2025-11-01;202511;EMSA - META;NEU;2;SDL;NT2;100% OPERADOR;348,5;53,3;185,06;27,31;29,02;27,84;671,02
2025-11-01;202511;ENERCA - CASANARE;NEU;2;SDL;NT2;100% OPERADOR;361,02;53,3;185,06;29,19;29,96;27,84;686,36
2025-11-01;202511;EPM - ANTIOQUIA;NEU;2;SDL;NT2;100% OPERADOR;355,95;53,3;202,27;29,2;22,28;27,84;690,84
2025-11-01;202511;ESSA - SANTANDER;NEU;2;SDL;NT2;100% OPERADOR;352,15;53,3;202,27;32,05;28,38;27,84;695,99
2025-11-01;202511;AFINIA - CARIBE MAR;NEU;3;SDL;NT3;100% OPERADOR;352,28;53,3;97,62;35,93;14,47;27,84;581,43
2025-11-01;202511;AIR-E - CARIBE SOL;NEU;3;SDL;NT3;100% OPERADOR;352,28;53,3;65,59;31,15;24,76;27,84;554,91
2025-11-01;202511;CEDENAR - NARIÑO;NEU;3;SDL;NT3;100% OPERADOR;324,6;53,3;95,38;30,94;15,63;27,84;547,69
2025-11-01;202511;CELSIA - TOLIMA;NEU;3;SDL;NT3;100% OPERADOR;344,1;53,3;127,34;28,52;29,64;27,84;610,74
2025-11-01;202511;CELSIA - VALLE DEL CAUCA;NEU;3;SDL;NT3;100% OPERADOR;348,62;53,3;95,38;32,97;24,87;27,84;582,98
2025-11-01;202511;CENS - CÚCUTA;NEU;3;SDL;NT3;100% OPERADOR;347,9;53,3;90,16;28,36;25,25;27,84;572,81
2025-11-01;202511;CEO - CAUCA;NEU;3;SDL;NT3;100% OPERADOR;339,52;53,3;95,38;32,87;25,29;27,84;574,19
2025-11-01;202511;CETSA - TULUA;NEU;3;SDL;NT3;100% OPERADOR;357,51;53,3;95,38;34,0;21,37;27,84;589,39
2025-11-01;202511;CHEC - CALDAS;NEU;3;SDL;NT3;100% OPERADOR;341,86;53,3;90,16;29,17;22,41;27,84;564,75
2025-11-01;202511;CODENSA - BOGOTÁ/CUNDINAMARCA;NEU;3;SDL;NT3;100% OPERADOR;358,29;53,3;127,34;30,2;23,36;27,84;620,32
2025-11-01;202511;DISPAC - CHOCO;NEU;3;SDL;NT3;100% OPERADOR;331,51;53,3;583,61;31,98;15,88;27,84;1044,11
2025-11-01;202511;EBSA - BOYACÁ;NEU;3;SDL;NT3;100% OPERADOR;335,2;53,3;127,34;30,3;18,26;27,84;592,24
2025-11-01;202511;EDEQ - QUINDÍO;NEU;3;SDL;NT3;100% OPERADOR;354,42;53,3;90,16;29,57;21,85;27,84;577,13
2025-11-01;202511;EEBAJOPUTUM - BAJO PUTUMAYO;NEU;3;SDL;NT3;100% OPERADOR;318,26;53,3;93,32;26,76;16,01;27,84;535,49
2025-11-01;202511;EEP - CARTAGO;NEU;3;SDL;NT3;100% OPERADOR;360,23;53,3;95,38;30,68;23,93;27,84;591,36
2025-11-01;202511;EEP - RISARALDA;NEU;3;SDL;NT3;100% OPERADOR;359,72;53,3;90,16;29,69;23,67;27,84;584,37
2025-11-01;202511;ELECTRIFICADORA - HUILA;NEU;3;SDL;NT3;100% OPERADOR;345,31;53,3;127,34;32,31;23,36;27,84;609,46
2025-11-01;202511;EMCALI - CALI;NEU;3;SDL;NT3;100% OPERADOR;356,5;53,3;95,38;27,88;24,83;27,84;585,72
2025-11-01;202511;EMSA - META;NEU;3;SDL;NT3;100% OPERADOR;348,5;53,3;93,32;27,31;22,69;27,84;572,96
2025-11-01;202511;ENERCA - CASANARE;NEU;3;SDL;NT3;100% OPERADOR;361,02;53,3;93,32;29,19;25,05;27,84;589,72
2025-11-01;202511;EPM - ANTIOQUIA;NEU;3;SDL;NT3;100% OPERADOR;355,95;53,3;90,16;29,2;19,79;27,84;576,24
2025-11-01;202511;ESSA - SANTANDER;NEU;3;SDL;NT3;100% OPERADOR;352,15;53,3;90,16;32,05;21,68;27,84;577,18
2025-12-01;202512;AFINIA - CARIBE MAR;NEU;1;SDL;NT1;100% OPERADOR;348,21;54,14;197,59;36,12;128,03;18,22;782,3
2025-12-01;202512;AIR-E - CARIBE SOL;NEU;1;SDL;NT1;100% OPERADOR;348,21;54,14;130,15;31,55;87,01;18,22;669,28
2025-12-01;202512;CEDENAR - NARIÑO;NEU;1;SDL;NT1;100% OPERADOR;319,59;54,14;263,93;31,25;63,98;18,22;751,1
2025-12-01;202512;CELSIA - TOLIMA;NEU;1;SDL;NT1;100% OPERADOR;339,75;54,14;289,66;28,37;88,18;18,22;818,31
2025-12-01;202512;CELSIA - VALLE DEL CAUCA;NEU;1;SDL;NT1;100% OPERADOR;344,43;54,14;263,93;34,12;67,67;18,22;782,5
2025-12-01;202512;CENS - CÚCUTA;NEU;1;SDL;NT1;100% OPERADOR;343,68;54,14;315,57;28,35;75,22;18,22;835,18
2025-12-01;202512;CEO - CAUCA;NEU;1;SDL;NT1;100% OPERADOR;335,02;54,14;263,93;33,31;75,81;18,22;780,43
2025-12-01;202512;CETSA - TULUA;NEU;1;SDL;NT1;100% OPERADOR;353,61;54,14;263,93;33,87;65,28;18,22;789,05
2025-12-01;202512;CHEC - CALDAS;NEU;1;SDL;NT1;100% OPERADOR;337,44;54,14;315,57;29,72;66,02;18,22;821,1
2025-12-01;202512;CODENSA - BOGOTÁ/CUNDINAMARCA;NEU;1;SDL;NT1;100% OPERADOR;354,42;54,14;289,66;30,1;70,98;18,22;817,51
2025-12-01;202512;DISPAC - CHOCO;NEU;1;SDL;NT1;100% OPERADOR;326,73;54,14;179,19;31,96;59,05;18,22;669,28
2025-12-01;202512;EBSA - BOYACÁ;NEU;1;SDL;NT1;100% OPERADOR;330,55;54,14;289,66;30,14;73,93;18,22;796,63
2025-12-01;202512;EDEQ - QUINDÍO;NEU;1;SDL;NT1;100% OPERADOR;350,42;54,14;315,57;29,54;67,43;18,22;835,31
2025-12-01;202512;EEBAJOPUTUM - BAJO PUTUMAYO;NEU;1;SDL;NT1;100% OPERADOR;313,04;54,14;263,25;26,91;47,43;18,22;722,97
2025-12-01;202512;EEP - CARTAGO;NEU;1;SDL;NT1;100% OPERADOR;356,43;54,14;263,93;30,99;81,51;18,22;805,21
2025-12-01;202512;EEP - RISARALDA;NEU;1;SDL;NT1;100% OPERADOR;355,91;54,14;315,57;30,06;65,52;18,22;839,4
2025-12-01;202512;ELECTRIFICADORA - HUILA;NEU;1;SDL;NT1;100% OPERADOR;341,01;54,14;289,66;32,12;73,87;18,22;809,01
2025-12-01;202512;EMCALI - CALI;NEU;1;SDL;NT1;100% OPERADOR;352,57;54,14;263,93;28,31;58,3;18,22;775,46
2025-12-01;202512;EMSA - META;NEU;1;SDL;NT1;100% OPERADOR;344,3;54,14;263,25;27,34;64,36;18,22;771,61
2025-12-01;202512;ENERCA - CASANARE;NEU;1;SDL;NT1;100% OPERADOR;357,25;54,14;263,25;29,38;73,06;18,22;795,3
2025-12-01;202512;EPM - ANTIOQUIA;NEU;1;SDL;NT1;100% OPERADOR;352,0;54,14;315,57;29,25;73,07;18,22;842,24
2025-12-01;202512;ESSA - SANTANDER;NEU;1;SDL;NT1;100% OPERADOR;348,08;54,14;315,57;32,21;77,15;18,22;845,36
2025-12-01;202512;AFINIA - CARIBE MAR;NEU;2;SDL;NT2;100% OPERADOR;348,21;54,14;127,28;36,12;27,95;18,22;611,91
2025-12-01;202512;AIR-E - CARIBE SOL;NEU;2;SDL;NT2;100% OPERADOR;348,21;54,14;87,22;31,55;29,23;18,22;568,56
2025-12-01;202512;CEDENAR - NARIÑO;NEU;2;SDL;NT2;100% OPERADOR;319,59;54,14;154,03;31,25;22,57;18,22;599,8
2025-12-01;202512;CELSIA - TOLIMA;NEU;2;SDL;NT2;100% OPERADOR;339,75;54,14;189,57;28,37;40,05;18,22;670,09
2025-12-01;202512;CELSIA - VALLE DEL CAUCA;NEU;2;SDL;NT2;100% OPERADOR;344,43;54,14;154,03;34,12;29,5;18,22;634,44
2025-12-01;202512;CENS - CÚCUTA;NEU;2;SDL;NT2;100% OPERADOR;343,68;54,14;204,7;28,35;25,23;18,22;674,32
2025-12-01;202512;CEO - CAUCA;NEU;2;SDL;NT2;100% OPERADOR;335,02;54,14;154,03;33,31;30,41;18,22;625,13
2025-12-01;202512;CETSA - TULUA;NEU;2;SDL;NT2;100% OPERADOR;353,61;54,14;154,03;33,87;28,34;18,22;642,21
2025-12-01;202512;CHEC - CALDAS;NEU;2;SDL;NT2;100% OPERADOR;337,44;54,14;204,7;29,72;30,65;18,22;674,87
2025-12-01;202512;CODENSA - BOGOTÁ/CUNDINAMARCA;NEU;2;SDL;NT2;100% OPERADOR;354,42;54,14;189,57;30,1;24,72;18,22;671,17
2025-12-01;202512;DISPAC - CHOCO;NEU;2;SDL;NT2;100% OPERADOR;326,73;54,14;134,66;31,96;25,44;18,22;591,15
2025-12-01;202512;EBSA - BOYACÁ;NEU;2;SDL;NT2;100% OPERADOR;330,55;54,14;189,57;30,14;21,94;18,22;644,56
2025-12-01;202512;EDEQ - QUINDÍO;NEU;2;SDL;NT2;100% OPERADOR;350,42;54,14;204,7;29,54;29,2;18,22;686,21
2025-12-01;202512;EEBAJOPUTUM - BAJO PUTUMAYO;NEU;2;SDL;NT2;100% OPERADOR;313,04;54,14;180,34;26,91;19,24;18,22;611,88
2025-12-01;202512;EEP - CARTAGO;NEU;2;SDL;NT2;100% OPERADOR;356,43;54,14;154,03;30,99;29,26;18,22;643,06
2025-12-01;202512;EEP - RISARALDA;NEU;2;SDL;NT2;100% OPERADOR;355,91;54,14;204,7;30,06;27,68;18,22;690,69
2025-12-01;202512;ELECTRIFICADORA - HUILA;NEU;2;SDL;NT2;100% OPERADOR;341,01;54,14;189,57;32,12;30,45;18,22;665,49
2025-12-01;202512;EMCALI - CALI;NEU;2;SDL;NT2;100% OPERADOR;352,57;54,14;154,03;28,31;27,24;18,22;634,5
2025-12-01;202512;EMSA - META;NEU;2;SDL;NT2;100% OPERADOR;344,3;54,14;180,34;27,34;29,58;18,22;653,92
2025-12-01;202512;ENERCA - CASANARE;NEU;2;SDL;NT2;100% OPERADOR;357,25;54,14;180,34;29,38;23,34;18,22;662,67
2025-12-01;202512;EPM - ANTIOQUIA;NEU;2;SDL;NT2;100% OPERADOR;352,0;54,14;204,7;29,25;22,94;18,22;681,25
2025-12-01;202512;ESSA - SANTANDER;NEU;2;SDL;NT2;100% OPERADOR;348,08;54,14;204,7;32,21;29,02;18,22;686,36
2025-12-01;202512;AFINIA - CARIBE MAR;NEU;3;SDL;NT3;100% OPERADOR;348,21;54,14;96,49;36,12;16,23;18,22;569,4
2025-12-01;202512;AIR-E - CARIBE SOL;NEU;3;SDL;NT3;100% OPERADOR;348,21;54,14;65,56;31,55;25,17;18,22;542,84
2025-12-01;202512;CEDENAR - NARIÑO;NEU;3;SDL;NT3;100% OPERADOR;319,59;54,14;95,08;31,25;16,2;18,22;534,48
2025-12-01;202512;CELSIA - TOLIMA;NEU;3;SDL;NT3;100% OPERADOR;339,75;54,14;124,96;28,37;30,15;18,22;595,59
2025-12-01;202512;CELSIA - VALLE DEL CAUCA;NEU;3;SDL;NT3;100% OPERADOR;344,43;54,14;95,08;34,12;25,5;18,22;571,48
2025-12-01;202512;CENS - CÚCUTA;NEU;3;SDL;NT3;100% OPERADOR;343,68;54,14;90,75;28,35;25,84;18,22;560,98
2025-12-01;202512;CEO - CAUCA;NEU;3;SDL;NT3;100% OPERADOR;335,02;54,14;95,08;33,31;25,84;18,22;561,61
2025-12-01;202512;CETSA - TULUA;NEU;3;SDL;NT3;100% OPERADOR;353,61;54,14;95,08;33,87;22,05;18,22;576,97
2025-12-01;202512;CHEC - CALDAS;NEU;3;SDL;NT3;100% OPERADOR;337,44;54,14;90,75;29,72;23,02;18,22;553,29
2025-12-01;202512;CODENSA - BOGOTÁ/CUNDINAMARCA;NEU;3;SDL;NT3;100% OPERADOR;354,42;54,14;124,96;30,1;24,01;18,22;605,84
2025-12-01;202512;DISPAC - CHOCO;NEU;3;SDL;NT3;100% OPERADOR;326,73;54,14;576,98;31,96;16,49;18,22;1024,51
2025-12-01;202512;EBSA - BOYACÁ;NEU;3;SDL;NT3;100% OPERADOR;330,55;54,14;124,96;30,14;18,86;18,22;576,87
2025-12-01;202512;EDEQ - QUINDÍO;NEU;3;SDL;NT3;100% OPERADOR;350,42;54,14;90,75;29,54;22,49;18,22;565,55
2025-12-01;202512;EEBAJOPUTUM - BAJO PUTUMAYO;NEU;3;SDL;NT3;100% OPERADOR;313,04;54,14;93,7;26,91;16,56;18,22;522,56
2025-12-01;202512;EEP - CARTAGO;NEU;3;SDL;NT3;100% OPERADOR;356,43;54,14;95,08;30,99;24,61;18,22;579,46
2025-12-01;202512;EEP - RISARALDA;NEU;3;SDL;NT3;100% OPERADOR;355,91;54,14;90,75;30,06;24,31;18,22;573,37
2025-12-01;202512;ELECTRIFICADORA - HUILA;NEU;3;SDL;NT3;100% OPERADOR;341,01;54,14;124,96;32,12;23,95;18,22;594,38
2025-12-01;202512;EMCALI - CALI;NEU;3;SDL;NT3;100% OPERADOR;352,57;54,14;95,08;28,31;25,49;18,22;573,8
2025-12-01;202512;EMSA - META;NEU;3;SDL;NT3;100% OPERADOR;344,3;54,14;93,7;27,34;23,28;18,22;560,98
2025-12-01;202512;ENERCA - CASANARE;NEU;3;SDL;NT3;100% OPERADOR;357,25;54,14;93,7;29,38;18,44;18,22;571,13
2025-12-01;202512;EPM - ANTIOQUIA;NEU;3;SDL;NT3;100% OPERADOR;352,0;54,14;90,75;29,25;20,41;18,22;564,77
2025-12-01;202512;ESSA - SANTANDER;NEU;3;SDL;NT3;100% OPERADOR;348,08;54,14;90,75;32,21;22,34;18,22;565,73
2026-01-01;202601;AFINIA - CARIBE MAR;NEU;1;SDL;NT1;100% OPERADOR;347,46;52,97;196,05;35,67;127,29;17,68;777,12
2026-01-01;202601;AIR-E - CARIBE SOL;NEU;1;SDL;NT1;100% OPERADOR;347,46;52,97;129,0;31,15;86,54;17,68;664,81
2026-01-01;202601;CEDENAR - NARIÑO;NEU;1;SDL;NT1;100% OPERADOR;329,83;52,97;258,0;30,49;65,98;17,68;754,95
2026-01-01;202601;CELSIA - TOLIMA;NEU;1;SDL;NT1;100% OPERADOR;342,25;52,97;292,59;27,93;88,93;17,68;822,35
2026-01-01;202601;CELSIA - VALLE DEL CAUCA;NEU;1;SDL;NT1;100% OPERADOR;345,13;52,97;258,0;33,22;67,45;17,68;774,46
2026-01-01;202601;CENS - CÚCUTA;NEU;1;SDL;NT1;100% OPERADOR;344,67;52,97;317,12;28,38;75,69;17,68;836,51
2026-01-01;202601;CEO - CAUCA;NEU;1;SDL;NT1;100% OPERADOR;339,33;52,97;258,0;32,65;76,8;17,68;777,44
2026-01-01;202601;CETSA - TULUA;NEU;1;SDL;NT1;100% OPERADOR;350,79;52,97;258,0;32,63;65,19;17,68;777,26
2026-01-01;202601;CHEC - CALDAS;NEU;1;SDL;NT1;100% OPERADOR;340,82;52,97;317,12;29,88;66,8;17,68;825,28
2026-01-01;202601;CODENSA - BOGOTÁ/CUNDINAMARCA;NEU;1;SDL;NT1;100% OPERADOR;351,28;52,97;292,59;29,75;70,71;17,68;815,0
2026-01-01;202601;DISPAC - CHOCO;NEU;1;SDL;NT1;100% OPERADOR;334,23;52,97;177,46;31,66;60,39;17,68;674,39
2026-01-01;202601;EBSA - BOYACÁ;NEU;1;SDL;NT1;100% OPERADOR;336,58;52,97;292,59;29,73;75,39;17,68;804,94
2026-01-01;202601;EDEQ - QUINDÍO;NEU;1;SDL;NT1;100% OPERADOR;348,82;52,97;317,12;29,41;67,49;17,68;833,49
2026-01-01;202601;EEBAJOPUTUM - BAJO PUTUMAYO;NEU;1;SDL;NT1;100% OPERADOR;325,79;52,97;264,68;26,31;49,33;17,68;736,77
2026-01-01;202601;EEP - CARTAGO;NEU;1;SDL;NT1;100% OPERADOR;352,52;52,97;258,0;30,09;81,04;17,68;792,3
2026-01-01;202601;EEP - RISARALDA;NEU;1;SDL;NT1;100% OPERADOR;352,2;52,97;317,12;29,87;65,25;17,68;835,09
2026-01-01;202601;ELECTRIFICADORA - HUILA;NEU;1;SDL;NT1;100% OPERADOR;343,02;52,97;292,59;31,62;74,44;17,68;812,33
2026-01-01;202601;EMCALI - CALI;NEU;1;SDL;NT1;100% OPERADOR;350,14;52,97;258,0;27,87;58,3;17,68;764,97
2026-01-01;202601;EMSA - META;NEU;1;SDL;NT1;100% OPERADOR;345,05;52,97;264,68;26,91;64,74;17,68;772,04
2026-01-01;202601;ENERCA - CASANARE;NEU;1;SDL;NT1;100% OPERADOR;353,03;52,97;264,68;26,24;73,23;17,68;787,83
2026-01-01;202601;EPM - ANTIOQUIA;NEU;1;SDL;NT1;100% OPERADOR;349,79;52,97;317,12;29,25;72,98;17,68;839,79
2026-01-01;202601;ESSA - SANTANDER;NEU;1;SDL;NT1;100% OPERADOR;347,38;52,97;317,12;32,05;77,32;17,68;844,52
2026-01-01;202601;AFINIA - CARIBE MAR;NEU;2;SDL;NT2;100% OPERADOR;347,46;52,97;126,23;35,67;27,7;17,68;607,7
2026-01-01;202601;AIR-E - CARIBE SOL;NEU;2;SDL;NT2;100% OPERADOR;347,46;52,97;86,36;31,15;29,04;17,68;564,66
2026-01-01;202601;CEDENAR - NARIÑO;NEU;2;SDL;NT2;100% OPERADOR;329,83;52,97;152,4;30,49;23,51;17,68;606,87
2026-01-01;202601;CELSIA - TOLIMA;NEU;2;SDL;NT2;100% OPERADOR;342,25;52,97;191,75;27,93;40,52;17,68;673,1
2026-01-01;202601;CELSIA - VALLE DEL CAUCA;NEU;2;SDL;NT2;100% OPERADOR;345,13;52,97;152,4;33,22;29,29;17,68;630,69
2026-01-01;202601;CENS - CÚCUTA;NEU;2;SDL;NT2;100% OPERADOR;344,67;52,97;198,48;28,38;25,66;17,68;667,84
2026-01-01;202601;CEO - CAUCA;NEU;2;SDL;NT2;100% OPERADOR;339,33;52,97;152,4;32,65;30,98;17,68;626,01
2026-01-01;202601;CETSA - TULUA;NEU;2;SDL;NT2;100% OPERADOR;350,79;52,97;152,4;32,63;28,57;17,68;635,04
2026-01-01;202601;CHEC - CALDAS;NEU;2;SDL;NT2;100% OPERADOR;340,82;52,97;198,48;29,88;31,19;17,68;671,03
2026-01-01;202601;CODENSA - BOGOTÁ/CUNDINAMARCA;NEU;2;SDL;NT2;100% OPERADOR;351,28;52,97;191,75;29,75;24,9;17,68;668,34
2026-01-01;202601;DISPAC - CHOCO;NEU;2;SDL;NT2;100% OPERADOR;334,23;52,97;133,31;31,66;26,18;17,68;596,03
2026-01-01;202601;EBSA - BOYACÁ;NEU;2;SDL;NT2;100% OPERADOR;336,58;52,97;191,75;29,73;22,68;17,68;651,4
2026-01-01;202601;EDEQ - QUINDÍO;NEU;2;SDL;NT2;100% OPERADOR;348,82;52,97;198,48;29,41;29,47;17,68;676,83
2026-01-01;202601;EEBAJOPUTUM - BAJO PUTUMAYO;NEU;2;SDL;NT2;100% OPERADOR;325,79;52,97;183,73;26,31;20,21;17,68;626,7
2026-01-01;202601;EEP - CARTAGO;NEU;2;SDL;NT2;100% OPERADOR;352,52;52,97;152,4;30,09;29,38;17,68;635,04
2026-01-01;202601;EEP - RISARALDA;NEU;2;SDL;NT2;100% OPERADOR;352,2;52,97;198,48;29,87;27,82;17,68;679,02
2026-01-01;202601;ELECTRIFICADORA - HUILA;NEU;2;SDL;NT2;100% OPERADOR;343,02;52,97;191,75;31,62;30,87;17,68;667,91
2026-01-01;202601;EMCALI - CALI;NEU;2;SDL;NT2;100% OPERADOR;350,14;52,97;152,4;27,87;27,47;17,68;628,54
2026-01-01;202601;EMSA - META;NEU;2;SDL;NT2;100% OPERADOR;345,05;52,97;183,73;26,91;29,95;17,68;656,29
2026-01-01;202601;ENERCA - CASANARE;NEU;2;SDL;NT2;100% OPERADOR;353,03;52,97;183,73;26,24;24,11;17,68;657,76
2026-01-01;202601;EPM - ANTIOQUIA;NEU;2;SDL;NT2;100% OPERADOR;349,79;52,97;198,48;29,25;23,21;17,68;671,38
2026-01-01;202601;ESSA - SANTANDER;NEU;2;SDL;NT2;100% OPERADOR;347,38;52,97;198,48;32,05;29,35;17,68;677,91
2026-01-01;202601;AFINIA - CARIBE MAR;NEU;3;SDL;NT3;100% OPERADOR;347,46;52,97;95,59;35,67;16,03;17,68;565,39
2026-01-01;202601;AIR-E - CARIBE SOL;NEU;3;SDL;NT3;100% OPERADOR;347,46;52,97;64,86;31,15;25,0;17,68;539,13
2026-01-01;202601;CEDENAR - NARIÑO;NEU;3;SDL;NT3;100% OPERADOR;329,83;52,97;94,53;30,49;16,98;17,68;542,47
2026-01-01;202601;CELSIA - TOLIMA;NEU;3;SDL;NT3;100% OPERADOR;342,25;52,97;126,6;27,93;30,59;17,68;598,02
2026-01-01;202601;CELSIA - VALLE DEL CAUCA;NEU;3;SDL;NT3;100% OPERADOR;345,13;52,97;94,53;33,22;25,3;17,68;568,83
2026-01-01;202601;CENS - CÚCUTA;NEU;3;SDL;NT3;100% OPERADOR;344,67;52,97;88,98;28,38;26,24;17,68;558,91
2026-01-01;202601;CEO - CAUCA;NEU;3;SDL;NT3;100% OPERADOR;339,33;52,97;94,53;32,65;26,37;17,68;563,54
2026-01-01;202601;CETSA - TULUA;NEU;3;SDL;NT3;100% OPERADOR;350,79;52,97;94,53;32,63;22,34;17,68;570,94
2026-01-01;202601;CHEC - CALDAS;NEU;3;SDL;NT3;100% OPERADOR;340,82;52,97;88,98;29,88;23,51;17,68;553,85
2026-01-01;202601;CODENSA - BOGOTÁ/CUNDINAMARCA;NEU;3;SDL;NT3;100% OPERADOR;351,28;52,97;126,6;29,75;24,19;17,68;602,49
2026-01-01;202601;DISPAC - CHOCO;NEU;3;SDL;NT3;100% OPERADOR;334,23;52,97;573,32;31,66;17,07;17,68;1026,94
2026-01-01;202601;EBSA - BOYACÁ;NEU;3;SDL;NT3;100% OPERADOR;336,58;52,97;126,6;29,73;19,57;17,68;583,14
2026-01-01;202601;EDEQ - QUINDÍO;NEU;3;SDL;NT3;100% OPERADOR;348,82;52,97;88,98;29,41;22,8;17,68;560,67
2026-01-01;202601;EEBAJOPUTUM - BAJO PUTUMAYO;NEU;3;SDL;NT3;100% OPERADOR;325,79;52,97;93,34;26,31;17,45;17,68;533,54
2026-01-01;202601;EEP - CARTAGO;NEU;3;SDL;NT3;100% OPERADOR;352,52;52,97;94,53;30,09;24,79;17,68;572,58
2026-01-01;202601;EEP - RISARALDA;NEU;3;SDL;NT3;100% OPERADOR;352,2;52,97;88,98;29,87;24,49;17,68;566,18
2026-01-01;202601;ELECTRIFICADORA - HUILA;NEU;3;SDL;NT3;100% OPERADOR;343,02;52,97;126,6;31,62;24,35;17,68;596,25
2026-01-01;202601;EMCALI - CALI;NEU;3;SDL;NT3;100% OPERADOR;350,14;52,97;94,53;27,87;25,74;17,68;568,94
2026-01-01;202601;EMSA - META;NEU;3;SDL;NT3;100% OPERADOR;345,05;52,97;93,34;26,91;23,66;17,68;559,61
2026-01-01;202601;ENERCA - CASANARE;NEU;3;SDL;NT3;100% OPERADOR;353,03;52,97;93,34;26,24;19,26;17,68;562,51
2026-01-01;202601;EPM - ANTIOQUIA;NEU;3;SDL;NT3;100% OPERADOR;349,79;52,97;88,98;29,25;20,58;17,68;559,25
2026-01-01;202601;ESSA - SANTANDER;NEU;3;SDL;NT3;100% OPERADOR;347,38;52,97;88,98;32,05;22,7;17,68;561,75
2026-02-01;202602;AFINIA - CARIBE MAR;NEU;1;SDL;NT1;100% OPERADOR;327,77;50,62;197,1;35,16;120,44;18,21;749,29
2026-02-01;202602;AIR-E - CARIBE SOL;NEU;1;SDL;NT1;100% OPERADOR;327,77;50,62;129,33;30,76;82,45;18,21;639,14
2026-02-01;202602;CEDENAR - NARIÑO;NEU;1;SDL;NT1;100% OPERADOR;312,79;50,62;264,48;30,43;62,9;18,21;739,41
2026-02-01;202602;CELSIA - TOLIMA;NEU;1;SDL;NT1;100% OPERADOR;323,34;50,62;289,89;27,85;84,59;18,21;794,49
2026-02-01;202602;CELSIA - VALLE DEL CAUCA;NEU;1;SDL;NT1;100% OPERADOR;325,79;50,62;264,48;32,65;64,09;18,21;755,83
2026-02-01;202602;CENS - CÚCUTA;NEU;1;SDL;NT1;100% OPERADOR;325,4;50,62;307,03;27,9;71,86;18,21;801,01
2026-02-01;202602;CEO - CAUCA;NEU;1;SDL;NT1;100% OPERADOR;320,87;50,62;264,48;32,44;73,22;18,21;759,83
2026-02-01;202602;CETSA - TULUA;NEU;1;SDL;NT1;100% OPERADOR;330,6;50,62;264,48;32,24;61,83;18,21;757,97
2026-02-01;202602;CHEC - CALDAS;NEU;1;SDL;NT1;100% OPERADOR;322,13;50,62;307,03;29,49;63,68;18,21;791,16
2026-02-01;202602;CODENSA - BOGOTÁ/CUNDINAMARCA;NEU;1;SDL;NT1;100% OPERADOR;331,03;50,62;289,89;29,48;67,1;18,21;786,31
2026-02-01;202602;DISPAC - CHOCO;NEU;1;SDL;NT1;100% OPERADOR;316,53;50,62;178,78;31,73;57,66;18,21;653,53
2026-02-01;202602;EBSA - BOYACÁ;NEU;1;SDL;NT1;100% OPERADOR;318,53;50,62;289,89;29,73;71,61;18,21;778,57
2026-02-01;202602;EDEQ - QUINDÍO;NEU;1;SDL;NT1;100% OPERADOR;328,93;50,62;307,03;29,23;64,17;18,21;798,17
2026-02-01;202602;EEBAJOPUTUM - BAJO PUTUMAYO;NEU;1;SDL;NT1;100% OPERADOR;309,35;50,62;273,15;26,46;47,13;18,21;724,92
2026-02-01;202602;EEP - CARTAGO;NEU;1;SDL;NT1;100% OPERADOR;332,08;50,62;264,48;28,87;76,8;18,21;771,04
2026-02-01;202602;EEP - RISARALDA;NEU;1;SDL;NT1;100% OPERADOR;331,8;50,62;307,03;29,57;62,03;18,21;799,24
2026-02-01;202602;ELECTRIFICADORA - HUILA;NEU;1;SDL;NT1;100% OPERADOR;324,0;50,62;289,89;31,62;70,9;18,21;785,23
2026-02-01;202602;EMCALI - CALI;NEU;1;SDL;NT1;100% OPERADOR;330,06;50,62;264,48;27,37;55,38;18,21;746,11
2026-02-01;202602;EMSA - META;NEU;1;SDL;NT1;100% OPERADOR;325,73;50,62;273,15;26,92;61,43;18,21;756,06
2026-02-01;202602;ENERCA - CASANARE;NEU;1;SDL;NT1;100% OPERADOR;332,51;50,62;273,15;25,99;69,38;18,21;769,85
2026-02-01;202602;EPM - ANTIOQUIA;NEU;1;SDL;NT1;100% OPERADOR;329,76;50,62;307,03;28,91;69,28;18,21;803,8
2026-02-01;202602;ESSA - SANTANDER;NEU;1;SDL;NT1;100% OPERADOR;327,7;50,62;307,03;31,74;73,39;18,21;808,68
2026-02-01;202602;AFINIA - CARIBE MAR;NEU;2;SDL;NT2;100% OPERADOR;327,77;50,62;127,08;35,16;26,1;18,21;584,92
2026-02-01;202602;AIR-E - CARIBE SOL;NEU;2;SDL;NT2;100% OPERADOR;327,77;50,62;86,8;30,76;27,99;18,21;542,13
2026-02-01;202602;CEDENAR - NARIÑO;NEU;2;SDL;NT2;100% OPERADOR;312,79;50,62;159,61;30,43;22,52;18,21;594,18
2026-02-01;202602;CELSIA - TOLIMA;NEU;2;SDL;NT2;100% OPERADOR;323,34;50,62;185,27;27,85;38,69;18,21;643,98
2026-02-01;202602;CELSIA - VALLE DEL CAUCA;NEU;2;SDL;NT2;100% OPERADOR;325,79;50,62;159,61;32,65;27,97;18,21;614,84
2026-02-01;202602;CENS - CÚCUTA;NEU;2;SDL;NT2;100% OPERADOR;325,4;50,62;196,97;27,9;24,49;18,21;643,58
2026-02-01;202602;CEO - CAUCA;NEU;2;SDL;NT2;100% OPERADOR;320,87;50,62;159,61;32,44;29,77;18,21;611,52
2026-02-01;202602;CETSA - TULUA;NEU;2;SDL;NT2;100% OPERADOR;330,6;50,62;159,61;32,24;27,21;18,21;618,49
2026-02-01;202602;CHEC - CALDAS;NEU;2;SDL;NT2;100% OPERADOR;322,13;50,62;196,97;29,49;29,93;18,21;647,35
2026-02-01;202602;CODENSA - BOGOTÁ/CUNDINAMARCA;NEU;2;SDL;NT2;100% OPERADOR;331,03;50,62;185,27;29,48;23,79;18,21;638,38
2026-02-01;202602;DISPAC - CHOCO;NEU;2;SDL;NT2;100% OPERADOR;316,53;50,62;134,32;31,73;25,18;18,21;576,59
2026-02-01;202602;EBSA - BOYACÁ;NEU;2;SDL;NT2;100% OPERADOR;318,53;50,62;185,27;29,73;21,6;18,21;623,95
2026-02-01;202602;EDEQ - QUINDÍO;NEU;2;SDL;NT2;100% OPERADOR;328,93;50,62;196,97;29,23;28,21;18,21;652,15
2026-02-01;202602;EEBAJOPUTUM - BAJO PUTUMAYO;NEU;2;SDL;NT2;100% OPERADOR;309,35;50,62;190,04;26,46;19,42;18,21;614,09
2026-02-01;202602;EEP - CARTAGO;NEU;2;SDL;NT2;100% OPERADOR;332,08;50,62;159,61;28,87;27,98;18,21;617,36
2026-02-01;202602;EEP - RISARALDA;NEU;2;SDL;NT2;100% OPERADOR;331,8;50,62;196,97;29,57;26,65;18,21;653,81
2026-02-01;202602;ELECTRIFICADORA - HUILA;NEU;2;SDL;NT2;100% OPERADOR;324,0;50,62;185,27;31,62;29,63;18,21;639,35
2026-02-01;202602;EMCALI - CALI;NEU;2;SDL;NT2;100% OPERADOR;330,06;50,62;159,61;27,37;26,24;18,21;612,1
2026-02-01;202602;EMSA - META;NEU;2;SDL;NT2;100% OPERADOR;325,73;50,62;190,04;26,92;28,49;18,21;640,0
2026-02-01;202602;ENERCA - CASANARE;NEU;2;SDL;NT2;100% OPERADOR;332,51;50,62;190,04;25,99;22,96;18,21;640,32
2026-02-01;202602;EPM - ANTIOQUIA;NEU;2;SDL;NT2;100% OPERADOR;329,76;50,62;196,97;28,91;22,22;18,21;646,67
2026-02-01;202602;ESSA - SANTANDER;NEU;2;SDL;NT2;100% OPERADOR;327,7;50,62;196,97;31,74;28,0;18,21;653,23
2026-02-01;202602;AFINIA - CARIBE MAR;NEU;3;SDL;NT3;100% OPERADOR;327,77;50,62;96,32;35,16;15,03;18,21;543,1
2026-02-01;202602;AIR-E - CARIBE SOL;NEU;3;SDL;NT3;100% OPERADOR;327,77;50,62;65,32;30,76;24,16;18,21;516,83
2026-02-01;202602;CEDENAR - NARIÑO;NEU;3;SDL;NT3;100% OPERADOR;312,79;50,62;97,34;30,43;16,31;18,21;525,69
2026-02-01;202602;CELSIA - TOLIMA;NEU;3;SDL;NT3;100% OPERADOR;323,34;50,62;124,39;27,85;29,28;18,21;573,68
2026-02-01;202602;CELSIA - VALLE DEL CAUCA;NEU;3;SDL;NT3;100% OPERADOR;325,79;50,62;97,34;32,65;24,2;18,21;548,8
2026-02-01;202602;CENS - CÚCUTA;NEU;3;SDL;NT3;100% OPERADOR;325,4;50,62;88,95;27,9;25,07;18,21;536,14
2026-02-01;202602;CEO - CAUCA;NEU;3;SDL;NT3;100% OPERADOR;320,87;50,62;97,34;32,44;25,41;18,21;544,87
2026-02-01;202602;CETSA - TULUA;NEU;3;SDL;NT3;100% OPERADOR;330,6;50,62;97,34;32,24;21,32;18,21;550,32
2026-02-01;202602;CHEC - CALDAS;NEU;3;SDL;NT3;100% OPERADOR;322,13;50,62;88,95;29,49;22,65;18,21;532,06
2026-02-01;202602;CODENSA - BOGOTÁ/CUNDINAMARCA;NEU;3;SDL;NT3;100% OPERADOR;331,03;50,62;124,39;29,48;23,12;18,21;576,83
2026-02-01;202602;DISPAC - CHOCO;NEU;3;SDL;NT3;100% OPERADOR;316,53;50,62;578,82;31,73;16,54;18,21;1012,44
2026-02-01;202602;EBSA - BOYACÁ;NEU;3;SDL;NT3;100% OPERADOR;318,53;50,62;124,39;29,73;18,65;18,21;560,11
2026-02-01;202602;EDEQ - QUINDÍO;NEU;3;SDL;NT3;100% OPERADOR;328,93;50,62;88,95;29,23;21,9;18,21;537,84
2026-02-01;202602;EEBAJOPUTUM - BAJO PUTUMAYO;NEU;3;SDL;NT3;100% OPERADOR;309,35;50,62;91,82;26,46;16,78;18,21;513,23
2026-02-01;202602;EEP - CARTAGO;NEU;3;SDL;NT3;100% OPERADOR;332,08;50,62;97,34;28,87;23,65;18,21;550,75
2026-02-01;202602;EEP - RISARALDA;NEU;3;SDL;NT3;100% OPERADOR;331,8;50,62;88,95;29,57;23,5;18,21;542,65
2026-02-01;202602;ELECTRIFICADORA - HUILA;NEU;3;SDL;NT3;100% OPERADOR;324,0;50,62;124,39;31,62;23,46;18,21;572,28
2026-02-01;202602;EMCALI - CALI;NEU;3;SDL;NT3;100% OPERADOR;330,06;50,62;97,34;27,37;24,6;18,21;548,18
2026-02-01;202602;EMSA - META;NEU;3;SDL;NT3;100% OPERADOR;325,73;50,62;91,82;26,92;22,53;18,21;535,82
2026-02-01;202602;ENERCA - CASANARE;NEU;3;SDL;NT3;100% OPERADOR;332,51;50,62;91,82;25,99;18,38;18,21;537,51
2026-02-01;202602;EPM - ANTIOQUIA;NEU;3;SDL;NT3;100% OPERADOR;329,76;50,62;88,95;28,91;19,8;18,21;536,25
2026-02-01;202602;ESSA - SANTANDER;NEU;3;SDL;NT3;100% OPERADOR;327,7;50,62;88,95;31,74;21,7;18,21;538,91
2026-03-01;202603;AFINIA - CARIBE MAR;NEU;1;SDL;NT1;100% OPERADOR;336,24;57,63;204,89;34,64;125,81;28,34;787,55
2026-03-01;202603;AIR-E - CARIBE SOL;NEU;1;SDL;NT1;100% OPERADOR;336,24;57,63;136,94;30,42;85,73;28,34;675,31
2026-03-01;202603;CEDENAR - NARIÑO;NEU;1;SDL;NT1;100% OPERADOR;325,74;57,63;273,52;30,32;67,72;28,34;783,28
2026-03-01;202603;CELSIA - TOLIMA;NEU;1;SDL;NT1;100% OPERADOR;333,14;57,63;297,95;27,55;89,73;28,34;834,34
2026-03-01;202603;CELSIA - VALLE DEL CAUCA;NEU;1;SDL;NT1;100% OPERADOR;334,86;57,63;273,52;33,63;68,2;28,34;796,18
2026-03-01;202603;CENS - CÚCUTA;NEU;1;SDL;NT1;100% OPERADOR;334,58;57,63;300,5;27,16;76,39;28,34;824,61
2026-03-01;202603;CEO - CAUCA;NEU;1;SDL;NT1;100% OPERADOR;331,4;57,63;273,52;32,49;77,95;28,34;801,33
2026-03-01;202603;CETSA - TULUA;NEU;1;SDL;NT1;100% OPERADOR;338,23;57,63;273,52;32,09;65,63;28,34;795,44
2026-03-01;202603;CHEC - CALDAS;NEU;1;SDL;NT1;100% OPERADOR;332,29;57,63;300,5;28,93;67,87;28,34;815,56
2026-03-01;202603;CODENSA - BOGOTÁ/CUNDINAMARCA;NEU;1;SDL;NT1;100% OPERADOR;338,52;57,63;297,95;29,02;70,95;28,34;822,42
2026-03-01;202603;DISPAC - CHOCO;NEU;1;SDL;NT1;100% OPERADOR;328,36;57,63;184,18;31,36;61,85;28,34;691,72
2026-03-01;202603;EBSA - BOYACÁ;NEU;1;SDL;NT1;100% OPERADOR;329,77;57,63;297,95;29,41;76,62;28,34;819,72
2026-03-01;202603;EDEQ - QUINDÍO;NEU;1;SDL;NT1;100% OPERADOR;337,05;57,63;300,5;28,78;68,08;28,34;820,38
2026-03-01;202603;EEBAJOPUTUM - BAJO PUTUMAYO;NEU;1;SDL;NT1;100% OPERADOR;323,34;57,63;271,04;26,69;51,19;28,34;758,22
2026-03-01;202603;EEP - CARTAGO;NEU;1;SDL;NT1;100% OPERADOR;339,26;57,63;273,52;28,77;81,13;28,34;808,65
2026-03-01;202603;EEP - RISARALDA;NEU;1;SDL;NT1;100% OPERADOR;339,07;57,63;300,5;29,37;65,64;28,34;820,55
2026-03-01;202603;ELECTRIFICADORA - HUILA;NEU;1;SDL;NT1;100% OPERADOR;333,6;57,63;297,95;31,18;75,31;28,34;824,01
2026-03-01;202603;EMCALI - CALI;NEU;1;SDL;NT1;100% OPERADOR;337,84;57,63;273,52;27,25;58,91;28,34;783,5
2026-03-01;202603;EMSA - META;NEU;1;SDL;NT1;100% OPERADOR;334,81;57,63;271,04;26,83;65,38;28,34;784,02
2026-03-01;202603;ENERCA - CASANARE;NEU;1;SDL;NT1;100% OPERADOR;339,56;57,63;271,04;25,66;73,38;28,34;795,6
2026-03-01;202603;EPM - ANTIOQUIA;NEU;1;SDL;NT1;100% OPERADOR;337,63;57,63;300,5;28,32;73,38;28,34;825,81
2026-03-01;202603;ESSA - SANTANDER;NEU;1;SDL;NT1;100% OPERADOR;336,19;57,63;300,5;30,91;77,82;28,34;831,4
2026-03-01;202603;AFINIA - CARIBE MAR;NEU;2;SDL;NT2;100% OPERADOR;336,24;57,63;133,37;34,64;27,62;28,34;617,84
2026-03-01;202603;AIR-E - CARIBE SOL;NEU;2;SDL;NT2;100% OPERADOR;336,24;57,63;94,28;30,42;29,04;28,34;575,96
2026-03-01;202603;CEDENAR - NARIÑO;NEU;2;SDL;NT2;100% OPERADOR;325,74;57,63;162,02;30,32;24,98;28,34;629,04
2026-03-01;202603;CELSIA - TOLIMA;NEU;2;SDL;NT2;100% OPERADOR;333,14;57,63;184,86;27,55;41,6;28,34;673,12
2026-03-01;202603;CELSIA - VALLE DEL CAUCA;NEU;2;SDL;NT2;100% OPERADOR;334,86;57,63;162,02;33,63;30,41;28,34;646,89
2026-03-01;202603;CENS - CÚCUTA;NEU;2;SDL;NT2;100% OPERADOR;334,58;57,63;200,57;27,16;26,81;28,34;675,1
2026-03-01;202603;CEO - CAUCA;NEU;2;SDL;NT2;100% OPERADOR;331,4;57,63;162,02;32,49;32,29;28,34;644,18
2026-03-01;202603;CETSA - TULUA;NEU;2;SDL;NT2;100% OPERADOR;338,23;57,63;162,02;32,09;29,56;28,34;647,87
2026-03-01;202603;CHEC - CALDAS;NEU;2;SDL;NT2;100% OPERADOR;332,29;57,63;200,57;28,93;32,45;28,34;680,21
2026-03-01;202603;CODENSA - BOGOTÁ/CUNDINAMARCA;NEU;2;SDL;NT2;100% OPERADOR;338,52;57,63;184,86;29,02;25,85;28,34;664,23
2026-03-01;202603;DISPAC - CHOCO;NEU;2;SDL;NT2;100% OPERADOR;328,36;57,63;138,7;31,36;27,59;28,34;611,98
2026-03-01;202603;EBSA - BOYACÁ;NEU;2;SDL;NT2;100% OPERADOR;329,77;57,63;184,86;29,41;23,96;28,34;653,97
2026-03-01;202603;EDEQ - QUINDÍO;NEU;2;SDL;NT2;100% OPERADOR;337,05;57,63;200,57;28,78;30,56;28,34;682,93
2026-03-01;202603;EEBAJOPUTUM - BAJO PUTUMAYO;NEU;2;SDL;NT2;100% OPERADOR;323,34;57,63;186,55;26,69;21,76;28,34;644,31
2026-03-01;202603;EEP - CARTAGO;NEU;2;SDL;NT2;100% OPERADOR;339,26;57,63;162,02;28,77;30,32;28,34;646,35
2026-03-01;202603;EEP - RISARALDA;NEU;2;SDL;NT2;100% OPERADOR;339,07;57,63;200,57;29,37;28,82;28,34;683,79
2026-03-01;202603;ELECTRIFICADORA - HUILA;NEU;2;SDL;NT2;100% OPERADOR;333,6;57,63;184,86;31,18;32,06;28,34;667,66
2026-03-01;202603;EMCALI - CALI;NEU;2;SDL;NT2;100% OPERADOR;337,84;57,63;162,02;27,25;28,53;28,34;641,62
2026-03-01;202603;EMSA - META;NEU;2;SDL;NT2;100% OPERADOR;334,81;57,63;186,55;26,83;30,91;28,34;665,07
2026-03-01;202603;ENERCA - CASANARE;NEU;2;SDL;NT2;100% OPERADOR;339,56;57,63;186,55;25,66;25,09;28,34;662,83
2026-03-01;202603;EPM - ANTIOQUIA;NEU;2;SDL;NT2;100% OPERADOR;337,63;57,63;200,57;28,32;24,3;28,34;676,8
2026-03-01;202603;ESSA - SANTANDER;NEU;2;SDL;NT2;100% OPERADOR;336,19;57,63;200,57;30,91;30,42;28,34;684,06
2026-03-01;202603;AFINIA - CARIBE MAR;NEU;3;SDL;NT3;100% OPERADOR;336,24;57,63;102,41;34,64;16,11;28,34;575,37
2026-03-01;202603;AIR-E - CARIBE SOL;NEU;3;SDL;NT3;100% OPERADOR;336,24;57,63;71,81;30,42;25,04;28,34;549,48
2026-03-01;202603;CEDENAR - NARIÑO;NEU;3;SDL;NT3;100% OPERADOR;325,74;57,63;101,26;30,32;18,4;28,34;561,7
2026-03-01;202603;CELSIA - TOLIMA;NEU;3;SDL;NT3;100% OPERADOR;333,14;57,63;125,15;27,55;31,74;28,34;603,55
2026-03-01;202603;CELSIA - VALLE DEL CAUCA;NEU;3;SDL;NT3;100% OPERADOR;334,86;57,63;101,26;33,63;26,46;28,34;582,18
2026-03-01;202603;CENS - CÚCUTA;NEU;3;SDL;NT3;100% OPERADOR;334,58;57,63;92,2;27,16;27,29;28,34;567,2
2026-03-01;202603;CEO - CAUCA;NEU;3;SDL;NT3;100% OPERADOR;331,4;57,63;101,26;32,49;27,71;28,34;578,83
2026-03-01;202603;CETSA - TULUA;NEU;3;SDL;NT3;100% OPERADOR;338,23;57,63;101,26;32,09;23,42;28,34;580,97
2026-03-01;202603;CHEC - CALDAS;NEU;3;SDL;NT3;100% OPERADOR;332,29;57,63;92,2;28,93;24,8;28,34;564,19
2026-03-01;202603;CODENSA - BOGOTÁ/CUNDINAMARCA;NEU;3;SDL;NT3;100% OPERADOR;338,52;57,63;125,15;29,02;25,18;28,34;603,85
2026-03-01;202603;DISPAC - CHOCO;NEU;3;SDL;NT3;100% OPERADOR;328,36;57,63;594,06;31,36;18,47;28,34;1058,22
2026-03-01;202603;EBSA - BOYACÁ;NEU;3;SDL;NT3;100% OPERADOR;329,77;57,63;125,15;29,41;20,88;28,34;591,18
2026-03-01;202603;EDEQ - QUINDÍO;NEU;3;SDL;NT3;100% OPERADOR;337,05;57,63;92,2;28,78;23,98;28,34;567,98
2026-03-01;202603;EEBAJOPUTUM - BAJO PUTUMAYO;NEU;3;SDL;NT3;100% OPERADOR;323,34;57,63;95,79;26,69;18,97;28,34;550,75
2026-03-01;202603;EEP - CARTAGO;NEU;3;SDL;NT3;100% OPERADOR;339,26;57,63;101,26;28,77;25,82;28,34;581,08
2026-03-01;202603;EEP - RISARALDA;NEU;3;SDL;NT3;100% OPERADOR;339,07;57,63;92,2;29,37;25,55;28,34;572,14
2026-03-01;202603;ELECTRIFICADORA - HUILA;NEU;3;SDL;NT3;100% OPERADOR;333,6;57,63;125,15;31,18;25,59;28,34;601,49
2026-03-01;202603;EMCALI - CALI;NEU;3;SDL;NT3;100% OPERADOR;337,84;57,63;101,26;27,25;26,82;28,34;579,14
2026-03-01;202603;EMSA - META;NEU;3;SDL;NT3;100% OPERADOR;334,81;57,63;95,79;26,83;24,67;28,34;568,07
2026-03-01;202603;ENERCA - CASANARE;NEU;3;SDL;NT3;100% OPERADOR;339,56;57,63;95,79;25,66;20,32;28,34;567,3
2026-03-01;202603;EPM - ANTIOQUIA;NEU;3;SDL;NT3;100% OPERADOR;337,63;57,63;92,2;28,32;21,48;28,34;565,61
2026-03-01;202603;ESSA - SANTANDER;NEU;3;SDL;NT3;100% OPERADOR;336,19;57,63;92,2;30,91;23,85;28,34;569,12
2026-04-01;202604;AFINIA - CARIBE MAR;NEU;1;SDL;NT1;100% OPERADOR;340,05;55,95;191,51;35,44;69,03;22,92;714,91
2026-04-01;202604;AIR-E - CARIBE SOL;NEU;1;SDL;NT1;100% OPERADOR;340,05;55,95;127,34;31,19;82,64;22,92;660,1
2026-04-01;202604;CEDENAR - NARIÑO;NEU;1;SDL;NT1;100% OPERADOR;330,94;55,95;277,59;31,06;64,7;22,92;783,16
2026-04-01;202604;CELSIA - TOLIMA;NEU;1;SDL;NT1;100% OPERADOR;337,36;55,95;288,03;28,07;83,46;22,92;815,79
2026-04-01;202604;CELSIA - VALLE DEL CAUCA;NEU;1;SDL;NT1;100% OPERADOR;338,84;55,95;277,59;32,82;64,89;22,92;793,02
2026-04-01;202604;CENS - CÚCUTA;NEU;1;SDL;NT1;100% OPERADOR;338,61;55,95;315,7;27,26;70,15;22,92;830,6
2026-04-01;202604;CEO - CAUCA;NEU;1;SDL;NT1;100% OPERADOR;335,85;55,95;277,59;32,78;72,25;22,92;797,34
2026-04-01;202604;CETSA - TULUA;NEU;1;SDL;NT1;100% OPERADOR;341,77;55,95;277,59;31,55;62,27;22,92;792,05
2026-04-01;202604;CHEC - CALDAS;NEU;1;SDL;NT1;100% OPERADOR;336,62;55,95;315,7;28,99;64,68;22,92;824,88
2026-04-01;202604;CODENSA - BOGOTÁ/CUNDINAMARCA;NEU;1;SDL;NT1;100% OPERADOR;342,02;55,95;288,03;29,42;67,61;22,92;805,96
2026-04-01;202604;DISPAC - CHOCO;NEU;1;SDL;NT1;100% OPERADOR;333,21;55,95;175,98;32,02;58,8;22,92;678,89
2026-04-01;202604;EBSA - BOYACÁ;NEU;1;SDL;NT1;100% OPERADOR;334,43;55,95;288,03;30,09;73,0;22,92;804,43
2026-04-01;202604;EDEQ - QUINDÍO;NEU;1;SDL;NT1;100% OPERADOR;340,75;55,95;315,7;28,79;64,73;22,92;828,85
2026-04-01;202604;EEBAJOPUTUM - BAJO PUTUMAYO;NEU;1;SDL;NT1;100% OPERADOR;328,85;55,95;272,45;26,89;48,28;22,92;755,35
2026-04-01;202604;EEP - CARTAGO;NEU;1;SDL;NT1;100% OPERADOR;342,66;55,95;277,59;29,17;69,65;22,92;797,95
2026-04-01;202604;EEP - RISARALDA;NEU;1;SDL;NT1;100% OPERADOR;342,5;55,95;315,7;28,99;62,27;22,92;828,34
2026-04-01;202604;ELECTRIFICADORA - HUILA;NEU;1;SDL;NT1;100% OPERADOR;337,75;55,95;288,03;31,81;72,0;22,92;808,47
2026-04-01;202604;EMCALI - CALI;NEU;1;SDL;NT1;100% OPERADOR;341,43;55,95;277,59;27,44;55,62;22,92;780,96
2026-04-01;202604;EMSA - META;NEU;1;SDL;NT1;100% OPERADOR;338,8;55,95;272,45;26,78;67,56;22,92;784,47
2026-04-01;202604;ENERCA - CASANARE;NEU;1;SDL;NT1;100% OPERADOR;342,92;55,95;272,45;25,42;69,82;22,92;789,5
2026-04-01;202604;EPM - ANTIOQUIA;NEU;1;SDL;NT1;100% OPERADOR;341,25;55,95;315,7;28,17;69,95;22,92;833,96
2026-04-01;202604;ESSA - SANTANDER;NEU;1;SDL;NT1;100% OPERADOR;340,01;55,95;315,7;30,99;74,44;22,92;840,01
2026-04-01;202604;AFINIA - CARIBE MAR;NEU;2;SDL;NT2;100% OPERADOR;340,05;55,95;125,65;35,44;13,37;22,92;593,39
2026-04-01;202604;AIR-E - CARIBE SOL;NEU;2;SDL;NT2;100% OPERADOR;340,05;55,95;85,92;31,19;26,33;22,92;562,37
2026-04-01;202604;CEDENAR - NARIÑO;NEU;2;SDL;NT2;100% OPERADOR;330,94;55,95;165,37;31,06;22,11;22,92;628,35
2026-04-01;202604;CELSIA - TOLIMA;NEU;2;SDL;NT2;100% OPERADOR;337,36;55,95;186,43;28,07;38,0;22,92;668,72
2026-04-01;202604;CELSIA - VALLE DEL CAUCA;NEU;2;SDL;NT2;100% OPERADOR;338,84;55,95;165,37;32,82;27,35;22,92;643,27
2026-04-01;202604;CENS - CÚCUTA;NEU;2;SDL;NT2;100% OPERADOR;338,61;55,95;206,07;27,26;23,39;22,92;674,2
2026-04-01;202604;CEO - CAUCA;NEU;2;SDL;NT2;100% OPERADOR;335,85;55,95;165,37;32,78;28,66;22,92;641,54
2026-04-01;202604;CETSA - TULUA;NEU;2;SDL;NT2;100% OPERADOR;341,77;55,95;165,37;31,55;26,49;22,92;644,05
2026-04-01;202604;CHEC - CALDAS;NEU;2;SDL;NT2;100% OPERADOR;336,62;55,95;206,07;28,99;29,47;22,92;680,03
2026-04-01;202604;CODENSA - BOGOTÁ/CUNDINAMARCA;NEU;2;SDL;NT2;100% OPERADOR;342,02;55,95;186,43;29,42;22,86;22,92;659,61
2026-04-01;202604;DISPAC - CHOCO;NEU;2;SDL;NT2;100% OPERADOR;333,21;55,95;131,83;32,02;24,68;22,92;600,62
2026-04-01;202604;EBSA - BOYACÁ;NEU;2;SDL;NT2;100% OPERADOR;334,43;55,95;186,43;30,09;20,98;22,92;650,8
2026-04-01;202604;EDEQ - QUINDÍO;NEU;2;SDL;NT2;100% OPERADOR;340,75;55,95;206,07;28,79;27,49;22,92;681,98
2026-04-01;202604;EEBAJOPUTUM - BAJO PUTUMAYO;NEU;2;SDL;NT2;100% OPERADOR;328,85;55,95;185,54;26,89;18,92;22,92;639,08
2026-04-01;202604;EEP - CARTAGO;NEU;2;SDL;NT2;100% OPERADOR;342,66;55,95;165,37;29,17;25,0;22,92;641,08
2026-04-01;202604;EEP - RISARALDA;NEU;2;SDL;NT2;100% OPERADOR;342,5;55,95;206,07;28,99;25,75;22,92;682,19
2026-04-01;202604;ELECTRIFICADORA - HUILA;NEU;2;SDL;NT2;100% OPERADOR;337,75;55,95;186,43;31,81;29,03;22,92;663,9
2026-04-01;202604;EMCALI - CALI;NEU;2;SDL;NT2;100% OPERADOR;341,43;55,95;165,37;27,44;25,48;22,92;638,6
2026-04-01;202604;EMSA - META;NEU;2;SDL;NT2;100% OPERADOR;338,8;55,95;185,54;26,78;28,66;22,92;658,67
2026-04-01;202604;ENERCA - CASANARE;NEU;2;SDL;NT2;100% OPERADOR;342,92;55,95;185,54;25,42;21,95;22,92;654,71
2026-04-01;202604;EPM - ANTIOQUIA;NEU;2;SDL;NT2;100% OPERADOR;341,25;55,95;206,07;28,17;21,26;22,92;675,63
2026-04-01;202604;ESSA - SANTANDER;NEU;2;SDL;NT2;100% OPERADOR;340,01;55,95;206,07;30,99;27,38;22,92;683,32
2026-04-01;202604;AFINIA - CARIBE MAR;NEU;3;SDL;NT3;100% OPERADOR;340,05;55,95;93,21;35,44;10,34;22,92;557,92
2026-04-01;202604;AIR-E - CARIBE SOL;NEU;3;SDL;NT3;100% OPERADOR;340,05;55,95;63,45;31,19;22,5;22,92;536,07
2026-04-01;202604;CEDENAR - NARIÑO;NEU;3;SDL;NT3;100% OPERADOR;330,94;55,95;96,7;31,06;15,55;22,92;553,13
2026-04-01;202604;CELSIA - TOLIMA;NEU;3;SDL;NT3;100% OPERADOR;337,36;55,95;117,29;28,07;28,48;22,92;590,07
2026-04-01;202604;CELSIA - VALLE DEL CAUCA;NEU;3;SDL;NT3;100% OPERADOR;338,84;55,95;96,7;32,82;23,47;22,92;570,71
2026-04-01;202604;CENS - CÚCUTA;NEU;3;SDL;NT3;100% OPERADOR;338,61;55,95;90,67;27,26;23,98;22,92;559,39
2026-04-01;202604;CEO - CAUCA;NEU;3;SDL;NT3;100% OPERADOR;335,85;55,95;96,7;32,78;24,26;22,92;568,47
2026-04-01;202604;CETSA - TULUA;NEU;3;SDL;NT3;100% OPERADOR;341,77;55,95;96,7;31,55;20,39;22,92;569,29
2026-04-01;202604;CHEC - CALDAS;NEU;3;SDL;NT3;100% OPERADOR;336,62;55,95;90,67;28,99;21,87;22,92;557,02
2026-04-01;202604;CODENSA - BOGOTÁ/CUNDINAMARCA;NEU;3;SDL;NT3;100% OPERADOR;342,02;55,95;117,29;29,42;22,2;22,92;589,81
2026-04-01;202604;DISPAC - CHOCO;NEU;3;SDL;NT3;100% OPERADOR;333,21;55,95;587,98;32,02;15,59;22,92;1047,68
2026-04-01;202604;EBSA - BOYACÁ;NEU;3;SDL;NT3;100% OPERADOR;334,43;55,95;117,29;30,09;17,91;22,92;578,6
2026-04-01;202604;EDEQ - QUINDÍO;NEU;3;SDL;NT3;100% OPERADOR;340,75;55,95;90,67;28,79;20,96;22,92;560,04
2026-04-01;202604;EEBAJOPUTUM - BAJO PUTUMAYO;NEU;3;SDL;NT3;100% OPERADOR;328,85;55,95;89,76;26,89;16,13;22,92;540,51
2026-04-01;202604;EEP - CARTAGO;NEU;3;SDL;NT3;100% OPERADOR;342,66;55,95;96,7;29,17;20,92;22,92;568,33
2026-04-01;202604;EEP - RISARALDA;NEU;3;SDL;NT3;100% OPERADOR;342,5;55,95;90,67;28,99;22,5;22,92;563,53
2026-04-01;202604;ELECTRIFICADORA - HUILA;NEU;3;SDL;NT3;100% OPERADOR;337,75;55,95;117,29;31,81;22,6;22,92;588,33
2026-04-01;202604;EMCALI - CALI;NEU;3;SDL;NT3;100% OPERADOR;341,43;55,95;96,7;27,44;23,78;22,92;568,22
2026-04-01;202604;EMSA - META;NEU;3;SDL;NT3;100% OPERADOR;338,8;55,95;89,76;26,78;22,44;22,92;556,65
2026-04-01;202604;ENERCA - CASANARE;NEU;3;SDL;NT3;100% OPERADOR;342,92;55,95;89,76;25,42;17,21;22,92;554,19
2026-04-01;202604;EPM - ANTIOQUIA;NEU;3;SDL;NT3;100% OPERADOR;341,25;55,95;90,67;28,17;18,72;22,92;557,7
2026-04-01;202604;ESSA - SANTANDER;NEU;3;SDL;NT3;100% OPERADOR;340,01;55,95;90,67;30,99;20,85;22,92;561,38
2026-05-01;202605;AFINIA - CARIBE MAR;NEU;1;SDL;NT1;100% OPERADOR;342,39;38,46;208,15;32,73;107,39;29,69;758,81
2026-05-01;202605;AIR-E - CARIBE SOL;NEU;1;SDL;NT1;100% OPERADOR;342,39;38,46;126,95;30,74;80,16;29,69;648,39
2026-05-01;202605;CEDENAR - NARIÑO;NEU;1;SDL;NT1;100% OPERADOR;334,95;38,46;281,6;31,24;63,1;29,69;779,04
2026-05-01;202605;CELSIA - TOLIMA;NEU;1;SDL;NT1;100% OPERADOR;340,19;38,46;287,12;27,65;81,17;29,69;804,28
2026-05-01;202605;CELSIA - VALLE DEL CAUCA;NEU;1;SDL;NT1;100% OPERADOR;341,41;38,46;281,6;33,12;63,12;29,69;787,39
2026-05-01;202605;CENS - CÚCUTA;NEU;1;SDL;NT1;100% OPERADOR;341,21;38,46;321,26;27,6;68,18;29,69;826,4
2026-05-01;202605;CEO - CAUCA;NEU;1;SDL;NT1;100% OPERADOR;338,96;38,46;281,6;32,87;70,5;29,69;792,08
2026-05-01;202605;CETSA - TULUA;NEU;1;SDL;NT1;100% OPERADOR;343,79;38,46;281,6;26,91;60,53;29,69;780,99
2026-05-01;202605;CHEC - CALDAS;NEU;1;SDL;NT1;100% OPERADOR;339,59;38,46;321,26;29,49;63,13;29,69;821,62
2026-05-01;202605;CODENSA - BOGOTÁ/CUNDINAMARCA;NEU;1;SDL;NT1;100% OPERADOR;344,0;38,46;287,12;29,15;65,68;29,69;794,1
2026-05-01;202605;DISPAC - CHOCO;NEU;1;SDL;NT1;100% OPERADOR;336,81;38,46;178,12;31,88;57,51;29,69;672,46
2026-05-01;202605;EBSA - BOYACÁ;NEU;1;SDL;NT1;100% OPERADOR;337,8;38,46;287,12;29,83;70,92;29,69;793,82
2026-05-01;202605;EDEQ - QUINDÍO;NEU;1;SDL;NT1;100% OPERADOR;342,96;38,46;321,26;29,3;63,01;29,69;824,68
2026-05-01;202605;EEBAJOPUTUM - BAJO PUTUMAYO;NEU;1;SDL;NT1;100% OPERADOR;333,25;38,46;278,93;27,0;47,24;29,69;754,57
2026-05-01;202605;EEP - CARTAGO;NEU;1;SDL;NT1;100% OPERADOR;344,53;38,46;281,6;29,06;67,61;29,69;790,94
2026-05-01;202605;EEP - RISARALDA;NEU;1;SDL;NT1;100% OPERADOR;344,39;38,46;321,26;29,5;60,67;29,69;823,96
2026-05-01;202605;ELECTRIFICADORA - HUILA;NEU;1;SDL;NT1;100% OPERADOR;340,52;38,46;287,12;31,46;70,18;29,69;797,42
2026-05-01;202605;EMCALI - CALI;NEU;1;SDL;NT1;100% OPERADOR;343,52;38,46;281,6;27,61;54,19;29,69;775,07
2026-05-01;202605;EMSA - META;NEU;1;SDL;NT1;100% OPERADOR;341,37;38,46;278,93;27,12;65,66;29,69;781,23
2026-05-01;202605;ENERCA - CASANARE;NEU;1;SDL;NT1;100% OPERADOR;344,74;38,46;278,93;25,48;67,82;29,69;785,11
2026-05-01;202605;EPM - ANTIOQUIA;NEU;1;SDL;NT1;100% OPERADOR;343,38;38,46;321,26;28,59;68,01;29,69;829,38
2026-05-01;202605;ESSA - SANTANDER;NEU;1;SDL;NT1;100% OPERADOR;342,36;38,46;321,26;31,1;72,3;29,69;835,16
2026-05-01;202605;AFINIA - CARIBE MAR;NEU;2;SDL;NT2;100% OPERADOR;342,39;38,46;130,01;32,73;21,93;29,69;595,21
2026-05-01;202605;AIR-E - CARIBE SOL;NEU;2;SDL;NT2;100% OPERADOR;342,39;38,46;85,92;30,74;25,87;29,69;553,07
2026-05-01;202605;CEDENAR - NARIÑO;NEU;2;SDL;NT2;100% OPERADOR;334,95;38,46;168,42;31,24;21,9;29,69;624,66
2026-05-01;202605;CELSIA - TOLIMA;NEU;2;SDL;NT2;100% OPERADOR;340,19;38,46;191,34;27,65;37,35;29,69;664,68
2026-05-01;202605;CELSIA - VALLE DEL CAUCA;NEU;2;SDL;NT2;100% OPERADOR;341,41;38,46;168,42;33,12;26,93;29,69;638,02
2026-05-01;202605;CENS - CÚCUTA;NEU;2;SDL;NT2;100% OPERADOR;341,21;38,46;204,75;27,6;23,08;29,69;664,79
2026-05-01;202605;CEO - CAUCA;NEU;2;SDL;NT2;100% OPERADOR;338,96;38,46;168,42;32,87;28,42;29,69;636,83
2026-05-01;202605;CETSA - TULUA;NEU;2;SDL;NT2;100% OPERADOR;343,79;38,46;168,42;26,91;26,07;29,69;633,34
2026-05-01;202605;CHEC - CALDAS;NEU;2;SDL;NT2;100% OPERADOR;339,59;38,46;204,75;29,49;29,15;29,69;671,13
2026-05-01;202605;CODENSA - BOGOTÁ/CUNDINAMARCA;NEU;2;SDL;NT2;100% OPERADOR;344,0;38,46;191,34;29,15;22,59;29,69;655,22
2026-05-01;202605;DISPAC - CHOCO;NEU;2;SDL;NT2;100% OPERADOR;336,81;38,46;133,77;31,88;24,54;29,69;595,14
2026-05-01;202605;EBSA - BOYACÁ;NEU;2;SDL;NT2;100% OPERADOR;337,8;38,46;191,34;29,83;20,67;29,69;647,79
2026-05-01;202605;EDEQ - QUINDÍO;NEU;2;SDL;NT2;100% OPERADOR;342,96;38,46;204,75;29,3;27,13;29,69;672,3
2026-05-01;202605;EEBAJOPUTUM - BAJO PUTUMAYO;NEU;2;SDL;NT2;100% OPERADOR;333,25;38,46;195,94;27,0;18,82;29,69;643,16
2026-05-01;202605;EEP - CARTAGO;NEU;2;SDL;NT2;100% OPERADOR;344,53;38,46;168,42;29,06;24,62;29,69;634,77
2026-05-01;202605;EEP - RISARALDA;NEU;2;SDL;NT2;100% OPERADOR;344,39;38,46;204,75;29,5;25,51;29,69;672,29
2026-05-01;202605;ELECTRIFICADORA - HUILA;NEU;2;SDL;NT2;100% OPERADOR;340,52;38,46;191,34;31,46;28,72;29,69;660,18
2026-05-01;202605;EMCALI - CALI;NEU;2;SDL;NT2;100% OPERADOR;343,52;38,46;168,42;27,61;25,15;29,69;632,85
2026-05-01;202605;EMSA - META;NEU;2;SDL;NT2;100% OPERADOR;341,37;38,46;195,94;27,12;28,14;29,69;660,73
2026-05-01;202605;ENERCA - CASANARE;NEU;2;SDL;NT2;100% OPERADOR;344,74;38,46;195,94;25,48;21,72;29,69;656,03
2026-05-01;202605;EPM - ANTIOQUIA;NEU;2;SDL;NT2;100% OPERADOR;343,38;38,46;204,75;28,59;21,1;29,69;665,97
2026-05-01;202605;ESSA - SANTANDER;NEU;2;SDL;NT2;100% OPERADOR;342,36;38,46;204,75;31,1;26,94;29,69;673,29
2026-05-01;202605;AFINIA - CARIBE MAR;NEU;3;SDL;NT3;100% OPERADOR;342,39;38,46;95,26;32,73;12,19;29,69;550,72
2026-05-01;202605;AIR-E - CARIBE SOL;NEU;3;SDL;NT3;100% OPERADOR;342,39;38,46;63,69;30,74;22,19;29,69;527,16
2026-05-01;202605;CEDENAR - NARIÑO;NEU;3;SDL;NT3;100% OPERADOR;334,95;38,46;99,05;31,24;15,56;29,69;548,95
2026-05-01;202605;CELSIA - TOLIMA;NEU;3;SDL;NT3;100% OPERADOR;340,19;38,46;121,67;27,65;28,17;29,69;585,83
2026-05-01;202605;CELSIA - VALLE DEL CAUCA;NEU;3;SDL;NT3;100% OPERADOR;341,41;38,46;99,05;33,12;23,17;29,69;564,89
2026-05-01;202605;CENS - CÚCUTA;NEU;3;SDL;NT3;100% OPERADOR;341,21;38,46;90,42;27,6;23,65;29,69;551,03
2026-05-01;202605;CEO - CAUCA;NEU;3;SDL;NT3;100% OPERADOR;338,96;38,46;99,05;32,87;24,2;29,69;563,23
2026-05-01;202605;CETSA - TULUA;NEU;3;SDL;NT3;100% OPERADOR;343,79;38,46;99,05;26,91;20,2;29,69;558,1
2026-05-01;202605;CHEC - CALDAS;NEU;3;SDL;NT3;100% OPERADOR;339,59;38,46;90,42;29,49;21,81;29,69;549,46
2026-05-01;202605;CODENSA - BOGOTÁ/CUNDINAMARCA;NEU;3;SDL;NT3;100% OPERADOR;344,0;38,46;121,67;29,15;21,94;29,69;584,91
2026-05-01;202605;DISPAC - CHOCO;NEU;3;SDL;NT3;100% OPERADOR;336,81;38,46;596,21;31,88;15,76;29,69;1048,8
2026-05-01;202605;EBSA - BOYACÁ;NEU;3;SDL;NT3;100% OPERADOR;337,8;38,46;121,67;29,83;17,7;29,69;575,15
2026-05-01;202605;EDEQ - QUINDÍO;NEU;3;SDL;NT3;100% OPERADOR;342,96;38,46;90,42;29,3;20,83;29,69;551,67
2026-05-01;202605;EEBAJOPUTUM - BAJO PUTUMAYO;NEU;3;SDL;NT3;100% OPERADOR;333,25;38,46;93,71;27,0;16,12;29,69;538,22
2026-05-01;202605;EEP - CARTAGO;NEU;3;SDL;NT3;100% OPERADOR;344,53;38,46;99,05;29,06;20,69;29,69;561,47
2026-05-01;202605;EEP - RISARALDA;NEU;3;SDL;NT3;100% OPERADOR;344,39;38,46;90,42;29,5;22,37;29,69;554,83
2026-05-01;202605;ELECTRIFICADORA - HUILA;NEU;3;SDL;NT3;100% OPERADOR;340,52;38,46;121,67;31,46;22,51;29,69;584,3
2026-05-01;202605;EMCALI - CALI;NEU;3;SDL;NT3;100% OPERADOR;343,52;38,46;99,05;27,61;23,5;29,69;561,83
2026-05-01;202605;EMSA - META;NEU;3;SDL;NT3;100% OPERADOR;341,37;38,46;93,71;27,12;22,13;29,69;552,48
2026-05-01;202605;ENERCA - CASANARE;NEU;3;SDL;NT3;100% OPERADOR;344,74;38,46;93,71;25,48;17,17;29,69;549,24
2026-05-01;202605;EPM - ANTIOQUIA;NEU;3;SDL;NT3;100% OPERADOR;343,38;38,46;90,42;28,59;18,66;29,69;549,2
2026-05-01;202605;ESSA - SANTANDER;NEU;3;SDL;NT3;100% OPERADOR;342,36;38,46;90,42;31,1;20,63;29,69;552,66
