ID OR;OPERADOR DE RED;ID SIC  COMERCIALIZADOR;COMERCIALIZADOR;Nivel;Tipo Red;Comb, NT;Dueño Red;Hora; Gm,i,j ; PR n,m,i,j ; Tm ; Dn,m ; Cv m,i,j ; Rm,i ; (CUv n,m,i,j)  
4;CEDELCA;CDIC;CEDELCA;1;AEREA;NIVEL 1-2;100% OPERADOR;25;296,8074;65,7922; 55,9536 ;277,5855;205,3295;26,2975; 927,7657 
4;CEDELCA;CDIC;CEDELCA;1;AEREA;NIVEL 1-2;100% USUARIO;25; 296,8074 ; 65,7922 ; 55,9536 ; 185,7270 ; 205,3295 ; 26,2975 ; 835,9072 
4;CEDELCA;CDIC;CEDELCA;2;N/A;N/A;N/A;25; 296,8074 ;26,5586; 55,9536 ;165,3711; 205,3295 ; 26,2975 ; 776,3177 
4;CEDELCA;CDIC;CEDELCA;3;N/A;N/A;N/A;25; 296,8074 ;22,6035; 55,9536 ;96,6989; 205,3295 ; 26,2975 ; 703,6904 
4;CEDELCA;CDIC;CEDELCA;4;N/A;N/A;N/A;25; 296,8074 ;16,2012; 55,9536 ;34,053; 205,3295 ; 26,2975 ; 634,6422 
83;CARIBEMAR;CDIC;CEDELCA;1;AEREA;NIVEL 1-2;100% OPERADOR;25;325,2565;67,2229; 55,9536 ;177,4803;212,11;38,72; 876,7433 
83;CARIBEMAR;CDIC;CEDELCA;1;AEREA;NIVEL 1-2;50% OPERADOR;25; 325,2565 ; 67,2229 ; 55,9536 ;162,5381; 212,1100 ; 38,7200 ; 861,8011 
83;CARIBEMAR;CDIC;CEDELCA;1;AEREA;NIVEL 1-2;100% USUARIO;25; 325,2565 ; 67,2229 ; 55,9536 ;147,5959; 212,1100 ; 38,7200 ; 846,8589 
83;CARIBEMAR;CDIC;CEDELCA;2;N/A;N/A;N/A;25; 325,2565 ;13,6352; 55,9536 ;123,1534;190,98; 38,7200 ; 747,6987 
83;CARIBEMAR;CDIC;CEDELCA;3;N/A;N/A;N/A;25; 325,2565 ;10,7185; 55,9536 ;92,7612;135,27; 38,7200 ; 658,6798 
83;CARIBEMAR;CDIC;CEDELCA;4;N/A;N/A;N/A;25; 325,2565 ;0,6925; 55,9536 ;39,8413;135,27; 38,7200 ; 595,7339 
82;CARIBESOL;CDIC;CEDELCA;1;AEREA;NIVEL 1-2;100% OPERADOR;25;325,2565;79,6467; 55,9536 ;127,3434;160,35;40,45; 789,0002 
82;CARIBESOL;CDIC;CEDELCA;1;AEREA;NIVEL 1-2;50% OPERADOR;25; 325,2565 ; 79,6467 ; 55,9536 ;115,9866; 160,3500 ; 40,4500 ; 777,6434 
82;CARIBESOL;CDIC;CEDELCA;1;AEREA;NIVEL 1-2;100% USUARIO;25; 325,2565 ; 79,6467 ; 55,9536 ;104,6299; 160,3500 ; 40,4500 ; 766,2867 
82;CARIBESOL;CDIC;CEDELCA;2;N/A;N/A;N/A;25; 325,2565 ;25,4346; 55,9536 ;85,9238;124,36; 40,4500 ; 657,3785 
82;CARIBESOL;CDIC;CEDELCA;3;N/A;N/A;N/A;25; 325,2565 ;21,7533; 55,9536 ;63,4522; 124,3600 ; 40,4500 ; 631,2256 
82;CARIBESOL;CDIC;CEDELCA;4;N/A;N/A;N/A;25; 325,2565 ;11,6846; 55,9536 ;39,8413; 124,3600 ; 40,4500 ; 597,5460 
81;CODENSA-EEC;CDIC;CEDELCA;1;AEREA;NIVEL 1-2;100% OPERADOR;25;325,2565;64,9507; 55,9536 ;288,0311;83,649;28,0551; 845,8960 
81;CODENSA-EEC;CDIC;CEDELCA;1;AEREA;NIVEL 1-2;50% OPERADOR;25; 325,2565 ; 64,9507 ; 55,9536 ;263,1675; 83,6490 ; 28,0551 ; 821,0324 
81;CODENSA-EEC;CDIC;CEDELCA;1;AEREA;NIVEL 1-2;100% USUARIO;25; 325,2565 ; 64,9507 ; 55,9536 ;238,304; 83,6490 ; 28,0551 ; 796,1689 
81;CODENSA-EEC;CDIC;CEDELCA;2;N/A;N/A;N/A;25; 325,2565 ;22,0899; 55,9536 ;186,4289; 83,6490 ; 28,0551 ; 701,4330 
81;CODENSA-EEC;CDIC;CEDELCA;3;N/A;N/A;N/A;25; 325,2565 ;21,4502; 55,9536 ;117,2929; 83,6490 ; 28,0551 ; 631,6573 
81;CODENSA-EEC;CDIC;CEDELCA;4;N/A;N/A;N/A;25; 325,2565 ;13,2249; 55,9536 ;34,053; 83,6490 ; 28,0551 ; 540,1921 
45;EMCALI;CDIC;CEDELCA;1;AEREA;NIVEL 1-2;100% OPERADOR;25;325,2565;53,5582; 55,9536 ;277,5855;69,6211;29,7003; 811,6752 
45;EMCALI;CDIC;CEDELCA;1;AEREA;NIVEL 1-2;50% OPERADOR;25; 325,2565 ; 53,5582 ; 55,9536 ;261,9389; 69,6211 ; 29,7003 ; 796,0286 
45;EMCALI;CDIC;CEDELCA;1;AEREA;NIVEL 1-2;100% USUARIO;25; 325,2565 ; 53,5582 ; 55,9536 ;246,2922; 69,6211 ; 29,7003 ; 780,3819 
45;EMCALI;CDIC;CEDELCA;2;N/A;N/A;N/A;25; 325,2565 ;24,6362; 55,9536 ;165,3711; 69,6211 ; 29,7003 ; 670,5388 
45;EMCALI;CDIC;CEDELCA;3;N/A;N/A;N/A;25; 325,2565 ;23,0048; 55,9536 ;96,6989; 69,6211 ; 29,7003 ; 600,2352 
45;EMCALI;CDIC;CEDELCA;4;N/A;N/A;N/A;25; 325,2565 ;13,5397; 55,9536 ;34,053; 69,6211 ; 29,7003 ; 528,1242 
74;EPM-EADE;CDIC;CEDELCA;1;AEREA;NIVEL 1-2;100% OPERADOR;25;325,2565;67,3526; 55,9536 ;315,7034;114,34;26,9; 905,5061 
74;EPM-EADE;CDIC;CEDELCA;1;AEREA;NIVEL 1-2;50% OPERADOR;25; 325,2565 ; 67,3526 ; 55,9536 ;283,8763; 114,3400 ; 26,9000 ; 873,6790 
74;EPM-EADE;CDIC;CEDELCA;1;AEREA;NIVEL 1-2;100% USUARIO;25; 325,2565 ; 67,3526 ; 55,9536 ;252,0491; 114,3400 ; 26,9000 ; 841,8518 
74;EPM-EADE;CDIC;CEDELCA;2;N/A;N/A;N/A;25; 325,2565 ;20,6172; 55,9536 ;206,071; 114,3400 ; 26,9000 ; 749,1383 
74;EPM-EADE;CDIC;CEDELCA;3;N/A;N/A;N/A;25; 325,2565 ;18,1874; 55,9536 ;90,6662; 114,3400 ; 26,9000 ; 631,3037 
74;EPM-EADE;CDIC;CEDELCA;4;N/A;N/A;N/A;25; 325,2565 ;14,066; 55,9536 ;34,053; 114,3400 ; 26,9000 ; 570,5691 
3;CEDENAR;CDNC;CEDENAR;1;AEREA;NIVEL 1-2;100% OPERADOR;25; 310,9600 ; 61,4800 ; 55,9536 ; 277,5900 ; 215,2600 ; 30,6400 ; 951,8836 
3;CEDENAR;CDNC;CEDENAR;1;AEREA;NIVEL 1-2;50% OPERADOR;25; 310,9600 ; 61,4800 ; 55,9536 ; 249,4400 ; 215,2600 ; 30,6400 ; 923,7336 
3;CEDENAR;CDNC;CEDENAR;1;AEREA;NIVEL 1-2;100% USUARIO;25; 310,9600 ; 61,4800 ; 55,9536 ; 221,3000 ; 215,2600 ; 30,6400 ; 895,5936 
3;CEDENAR;CDNC;CEDENAR;2;N/A;N/A;N/A;25; 310,9600 ; 21,0900 ; 55,9536 ; 165,3700 ; 215,1400 ; 30,6400 ; 799,1536 
3;CEDENAR;CDNC;CEDENAR;3;N/A;N/A;N/A;25; 310,9600 ; 14,8800 ; 55,9536 ; 96,7000 ; 198,2000 ; 30,6400 ; 707,3336 
5;CENS;CNSC;CENS;1;AEREA;NIVEL 1-2;100% OPERADOR;25; 303,7033 ; 64,2617 ; 55,9536 ; 315,7034 ; 147,1273 ; 29,1458 ; 915,8951 
5;CENS;CNSC;CENS;1;AEREA;NIVEL 1-2;50% OPERADOR;25; 303,7033 ; 64,2617 ; 55,9536 ; 289,6640 ; 147,1273 ; 29,1458 ; 889,8557 
5;CENS;CNSC;CENS;1;AEREA;NIVEL 1-2;100% USUARIO;25; 303,7033 ; 64,2617 ; 55,9536 ; 263,6247 ; 147,1273 ; 29,1458 ; 863,8164 
5;CENS;CNSC;CENS;2;N/A;N/A;N/A;25; 303,7033 ; 21,6337 ; 55,9536 ; 206,0710 ; 124,0702 ; 29,1458 ; 740,5776 
5;CENS;CNSC;CENS;3;N/A;N/A;N/A;25; 303,7033 ; 22,1721 ; 55,9536 ; 90,6662 ; 98,8440 ; 29,1458 ; 600,4850 
5;CENS;CNSC;CENS;4;N/A;N/A;N/A;25; 303,7033 ; 12,0234 ; 55,9536 ; 34,0530 ; 95,9105 ; 29,1458 ; 530,7896 
10;CETSA;CETC;CETSA;1;AEREA;NIVEL 1-2;100% OPERADOR;25;285,33;53,92; 55,9536 ;277,59;87,61; 27,5200 ; 787,9236 
10;CETSA;CETC;CETSA;1;AEREA;NIVEL 1-2;100% USUARIO;25; 285,3300 ; 53,9200 ; 55,9536 ;223,97; 87,6100 ; 27,5200 ; 734,3036 
10;CETSA;CETC;CETSA;2;N/A;N/A;N/A;25; 285,3300 ;23,22; 55,9536 ;165,37;159,23; 27,5200 ; 716,6236 
10;CETSA;CETC;CETSA;3;N/A;N/A;N/A;25; 285,3300 ;17,99; 55,9536 ;96,7;156,5; 27,5200 ; 639,9936 
2;CHEC;CHCC;CHEC;1;AEREA;NIVEL 1-2;100% OPERADOR;25;304,2047;59,8507; 55,9536 ;315,7034;188,9512;26,583; 951,2466 
2;CHEC;CHCC;CHEC;1;AEREA;NIVEL 1-2;100% USUARIO;25; 304,2047 ; 59,8507 ; 55,9536 ;241,1091; 188,9512 ; 26,5830 ; 876,6523 
2;CHEC;CHCC;CHEC;1;AEREA;NIVEL 1-2;50% OPERADOR;25; 304,2047 ; 59,8507 ; 55,9536 ;278,4063; 188,9512 ; 26,5830 ; 913,9495 
2;CHEC;CHCC;CHEC;2;N/A;N/A;N/A;25; 304,2047 ;27,5561; 55,9536 ;206,071;120,5014; 26,5830 ; 740,8698 
2;CHEC;CHCC;CHEC;3;N/A;N/A;N/A;25; 304,2047 ;20,5857; 55,9536 ;90,6662; 120,5014 ; 26,5830 ; 618,4946 
2;CHEC;CHCC;CHEC;4;N/A;N/A;N/A;25; 304,2047 ;15,4429; 55,9536 ;34,053; 120,5014 ; 26,5830 ; 556,7386 
32;EEP;CHCC;CHEC;1;AEREA;NIVEL 1-2;100% OPERADOR;25; 299,8924 ; 56,2699 ; 55,9536 ; 315,7034 ; 25,0378 ; 26,5830 ; 779,4401 
32;EEP;CHCC;CHEC;1;AEREA;NIVEL 1-2;100% USUARIO;25; 299,8924 ; 56,2699 ; 55,9536 ; 271,7123 ; 25,0378 ; 26,5830 ; 735,4490 
32;EEP;CHCC;CHEC;1;AEREA;NIVEL 1-2;50% OPERADOR;25; 299,8924 ; 56,2699 ; 55,9536 ; 293,7079 ; 25,0378 ; 26,5830 ; 757,4446 
32;EEP;CHCC;CHEC;2;N/A;N/A;N/A;25; 299,8924 ; 23,6731 ; 55,9536 ; 206,0710 ; 25,0378 ; 26,5830 ; 637,2109 
32;EEP;CHCC;CHEC;3;N/A;N/A;N/A;25; 299,8924 ; 20,7703 ; 55,9536 ; 90,6662 ; 25,0378 ; 26,5830 ; 518,9033 
32;EEP;CHCC;CHEC;4;N/A;N/A;N/A;25; 299,8924 ; 15,3102 ; 55,9536 ; 34,0530 ; 25,0378 ; 26,5830 ; 456,8300 
81;CODENSA-EEC;CDSC;CODENSA;1;AEREA;NIVEL 1-2;100% OPERADOR;25; 306,1200 ; 61,7715 ; 55,9536 ; 288,0311 ; 81,8842 ; 25,8997 ; 819,6601 
81;CODENSA-EEC;CDSC;CODENSA;1;AEREA;NIVEL 1-2;50% OPERADOR;25; 306,1200 ; 61,7715 ; 55,9536 ; 263,1676 ; 81,8842 ; 25,8997 ; 794,7966 
81;CODENSA-EEC;CDSC;CODENSA;1;AEREA;NIVEL 1-2;100% USUARIO;25; 306,1200 ; 61,7715 ; 55,9536 ; 238,3041 ; 81,8842 ; 25,8997 ; 769,9331 
81;CODENSA-EEC;ETTC;ENERTOTAL;1;AEREA;NIVEL 1-2;100% OPERADOR;25; 378,1800 ; 73,3600 ; 55,9536 ; 288,0300 ; 19,7400 ; 22,9500 ; 838,2136 
81;CODENSA-EEC;ETTC;ENERTOTAL;1;AEREA;NIVEL 1-2;100% USUARIO;25; 378,1800 ; 73,3600 ; 55,9536 ; 238,3000 ; 19,7400 ; 22,9500 ; 788,4836 
81;CODENSA-EEC;ETTC;ENERTOTAL;1;AEREA;NIVEL 1-2;50% OPERADOR;25; 378,1800 ; 73,3600 ; 55,9536 ; 263,1700 ; 19,7400 ; 22,9500 ; 813,3536 
29;EBSA;EBSC;EBSA;1;AEREA;NIVEL 1-2;100% OPERADOR;25; 301,7773 ; 66,9398 ; 55,9536 ; 288,0311 ; 158,6784 ; 33,0699 ; 904,4501 
29;EBSA;EBSC;EBSA;1;AEREA;NIVEL 1-2;100% USUARIO;25; 301,7773 ; 66,9398 ; 55,9536 ; 203,2519 ; 158,6784 ; 33,0699 ; 819,6709 
29;EBSA;EBSC;EBSA;2;N/A;N/A;N/A;25; 301,7773 ; 39,1822 ; 55,9536 ; 186,4289 ; 172,4459 ; 33,0699 ; 788,8578 
29;EBSA;EBSC;EBSA;3;N/A;N/A;N/A;25; 301,7773 ; 16,4682 ; 55,9536 ; 117,2929 ; 186,5798 ; 33,0699 ; 711,1417 
29;EBSA;EBSC;EBSA;4;N/A;N/A;N/A;25; 301,7773 ; 9,4610 ; 55,9536 ; 34,0530 ; 137,5137 ; 33,0699 ; 571,8285 
36;EDEQ;EDQC;EDEQ;1;AEREA;NIVEL 1-2;100% OPERADOR;25;313,16;60,49; 55,9536 ;315,7;186,16;26,66; 958,1236 
36;EDEQ;EDQC;EDEQ;1;AEREA;NIVEL 1-2;100% USUARIO;25; 313,1600 ; 60,4900 ; 55,9536 ;264,8; 186,1600 ; 26,6600 ; 907,2236 
36;EDEQ;EDQC;EDEQ;1;AEREA;NIVEL 1-2;50% OPERADOR;25; 313,1600 ; 60,4900 ; 55,9536 ;290,25; 186,1600 ; 26,6600 ; 932,6736 
36;EDEQ;EDQC;EDEQ;2;N/A;N/A;N/A;25; 313,1600 ;25,86; 55,9536 ;206,07;105,98; 26,6600 ; 733,6836 
36;EDEQ;EDQC;EDEQ;3;N/A;N/A;N/A;25; 313,1600 ;19,78; 55,9536 ;90,67;142,53; 26,6600 ; 648,7536 
32;EEP;EEPC;EEP;1;AEREA;NIVEL 1-2;100% USUARIO;25;323,2200;59,6200; 55,9536 ;271,7100;110,7900;25,9600;847,2600
32;EEP;EEPC;EEP;1;AEREA;NIVEL 1-2;50% OPERADOR;25;323,2200;59,6200; 55,9536 ;293,7100;110,7900;25,9600;869,2500
32;EEP;EEPC;EEP;1;AEREA;NIVEL 1-2;100% OPERADOR;25;323,2200;59,6200; 55,9536 ;315,7000;110,7900;25,9600;891,2500
32;EEP;EEPC;EEP;2;N/A;N/A;N/A;25;323,2200;24,8600; 55,9536 ;206,0700;110,7900;25,9600;746,8600
32;EEP;EEPC;EEP;3;N/A;N/A;N/A;25;323,2200;21,7700; 55,9536 ;90,6700;110,7900;25,9600;628,3600
2;CHEC;EEPC;EEP;1;AEREA;NIVEL 1-2;100% USUARIO;25;324,4700;62,9300; 55,9536 ;241,1100;96,2100;25,9600;806,6500
2;CHEC;EEPC;EEP;1;AEREA;NIVEL 1-2;50% OPERADOR;25;324,4700;62,9300; 55,9536 ;278,4100;96,2100;25,9600;843,9400
2;CHEC;EEPC;EEP;1;AEREA;NIVEL 1-2;100% OPERADOR;25;324,4700;62,9300; 55,9536 ;315,7000;96,2100;25,9600;881,2400
2;CHEC;EEPC;EEP;2;N/A;N/A;N/A;25;324,4700;28,8100; 55,9536 ;206,0700;27,7600;25,9600;669,0300
2;CHEC;EEPC;EEP;3;N/A;N/A;N/A;25;324,4700;21,4400; 55,9536 ;90,6700;27,7600;25,9600;546,2600
34;EPSA;EEPC;EEP;1;AEREA;NIVEL 1-2;100% USUARIO;25;321,2000;62,1900; 55,9536 ;208,4100;156,1100;25,9600;829,8300
34;EPSA;EEPC;EEP;1;AEREA;NIVEL 1-2;50% OPERADOR;25;321,2000;62,1900; 55,9536 ;243,0000;156,1100;25,9600;864,4200
34;EPSA;EEPC;EEP;1;AEREA;NIVEL 1-2;100% OPERADOR;25;321,2000;62,1900; 55,9536 ;277,5900;156,1100;25,9600;899,0000
34;EPSA;EEPC;EEP;2;N/A;N/A;N/A;25;321,2000;26,3400; 55,9536 ;165,3700;156,1100;25,9600;750,9300
34;EPSA;EEPC;EEP;3;N/A;N/A;N/A;25;321,2000;22,6200; 55,9536 ;96,7000;156,1100;25,9600;678,5500
82;CARIBESOL;EEPC;EEP;1;AEREA;NIVEL 1-2;100% USUARIO;25;321,8700;78,9600; 55,9536 ;104,6300;103,4800;25,9600;690,8600
82;CARIBESOL;EEPC;EEP;1;AEREA;NIVEL 1-2;50% OPERADOR;25;321,8700;78,9600; 55,9536 ;115,9900;103,4800;25,9600;702,2200
82;CARIBESOL;EEPC;EEP;1;AEREA;NIVEL 1-2;100% OPERADOR;25;321,8700;78,9600; 55,9536 ;127,3400;103,4800;25,9600;713,5700
82;CARIBESOL;EEPC;EEP;2;N/A;N/A;N/A;25;321,8700;25,2300; 55,9536 ;85,9200;45,6400;25,9600;560,5800
82;CARIBESOL;EEPC;EEP;3;N/A;N/A;N/A;25;321,8700;21,5800; 55,9536 ;63,4500;45,6400;25,9600;534,4600
46;EMCARTAGO;EEPC;EEP;1;AEREA;NIVEL 1-2;100% USUARIO;25;323,3200;66,4700; 55,9536 ;238,9300;84,8100;25,9600;795,4400
46;EMCARTAGO;EEPC;EEP;1;AEREA;NIVEL 1-2;50% OPERADOR;25;323,3200;66,4700; 55,9536 ;258,2600;84,8100;25,9600;814,7700
46;EMCARTAGO;EEPC;EEP;1;AEREA;NIVEL 1-2;100% OPERADOR;25;323,3200;66,4700; 55,9536 ;277,5900;84,8100;25,9600;834,1000
46;EMCARTAGO;EEPC;EEP;2;N/A;N/A;N/A;25;323,3200;23,9800; 55,9536 ;165,3700;84,8100;25,9600;679,4000
46;EMCARTAGO;EEPC;EEP;3;N/A;N/A;N/A;25;323,3200;20,1000; 55,9536 ;96,7000;84,8100;25,9600;606,8400
36;EDEQ;EEPC;EEP;1;AEREA;NIVEL 1-2;100% USUARIO;25;322,2500;62,0100; 55,9536 ;264,8000;109,2600;25,9600;840,2400
36;EDEQ;EEPC;EEP;1;AEREA;NIVEL 1-2;50% OPERADOR;25;322,2500;62,0100; 55,9536 ;290,2500;109,2600;25,9600;865,6900
36;EDEQ;EEPC;EEP;1;AEREA;NIVEL 1-2;100% OPERADOR;25;322,2500;62,0100; 55,9536 ;315,7000;109,2600;25,9600;891,1400
36;EDEQ;EEPC;EEP;2;N/A;N/A;N/A;25;322,2500;26,5100; 55,9536 ;206,0700;29,0800;25,9600;665,8300
36;EDEQ;EEPC;EEP;3;N/A;N/A;N/A;25;322,2500;20,2800; 55,9536 ;90,6700;65,6300;25,9600;580,7500
82;CARIBESOL;CSSC;CARIBESOL;1;AEREA;NIVEL 1-2;100% OPERADOR;25; 312,5500 ; 77,1800 ; 55,9536 ; 127,3400 ; 186,4300 ; 36,4800 ; 795,9336 
82;CARIBESOL;CSSC;CARIBESOL;1;AEREA;NIVEL 1-2;50% OPERADOR;25; 312,5500 ; 77,1800 ; 55,9536 ; 115,9900 ; 186,4300 ; 36,4800 ; 784,5836 
82;CARIBESOL;CSSC;CARIBESOL;1;AEREA;NIVEL 1-2;100% USUARIO;25; 312,5500 ; 77,1800 ; 55,9536 ; 104,6300 ; 186,4300 ; 36,4800 ; 773,2236 
82;CARIBESOL;CSSC;CARIBESOL;2;N/A;N/A;N/A;25; 312,5500 ; 24,7500 ; 55,9536 ; 85,9200 ; 132,0300 ; 36,4800 ; 647,6836 
82;CARIBESOL;CSSC;CARIBESOL;3;N/A;N/A;N/A;25; 312,5500 ; 21,1900 ; 55,9536 ; 63,4500 ; 132,0300 ; 36,4800 ; 621,6536 
82;CARIBESOL;CSSC;CARIBESOL;4;N/A;N/A;N/A;25; 312,5500 ; 11,4500 ; 55,9536 ; 39,8400 ; 132,0300 ; 36,4800 ; 588,3036 
83;CARIBEMAR;CMMC;CARIBEMAR;1;AEREA;NIVEL 1-2;100% OPERADOR;25; 335,8200 ; 111,3400 ; 55,9536 ; 191,5100 ; 229,6100 ; 35,8900 ; 960,1236 
83;CARIBEMAR;CMMC;CARIBEMAR;1;AEREA;NIVEL 1-2;50% OPERADOR;25; 335,8200 ; 111,3400 ; 55,9536 ; 175,6100 ; 229,6100 ; 35,8900 ; 944,2236 
83;CARIBEMAR;CMMC;CARIBEMAR;1;AEREA;NIVEL 1-2;100% USUARIO;25; 335,8200 ; 111,3400 ; 55,9536 ; 159,7000 ; 229,6100 ; 35,8900 ; 928,3136 
83;CARIBEMAR;CMMC;CARIBEMAR;2;N/A;N/A;N/A;25; 335,8200 ; 23,5700 ; 55,9536 ; 125,6500 ; 209,0800 ; 35,8900 ; 785,9636 
83;CARIBEMAR;CMMC;CARIBEMAR;3;N/A;N/A;N/A;25; 335,8200 ; 13,5600 ; 55,9536 ; 93,2100 ; 145,0500 ; 35,8900 ; 679,4836 
83;CARIBEMAR;CMMC;CARIBEMAR;4;N/A;N/A;N/A;25; 335,8200 ; 1,0800 ; 55,9536 ; 39,8400 ; 145,0500 ; 35,8900 ; 613,6336 
19;ELECTROCAQUETA;CQTC;ELECTROCAQUETA;1;AEREA;NIVEL 1-2;100% OPERADOR;25; 312,4245 ; 69,6995 ; 55,9536 ; 272,4521 ; 233,9831 ; 30,3063 ; 974,8191 
19;ELECTROCAQUETA;CQTC;ELECTROCAQUETA;1;AEREA;NIVEL 1-2;100% USUARIO;25; 312,4245 ; 69,6995 ; 55,9536 ; 215,5477 ; 233,9831 ; 30,3063 ; 917,9147 
19;ELECTROCAQUETA;CQTC;ELECTROCAQUETA;2;N/A;N/A;N/A;25; 312,4245 ; 23,3942 ; 55,9536 ; 185,5445 ; 233,1631 ; 30,3063 ; 840,7862 
19;ELECTROCAQUETA;CQTC;ELECTROCAQUETA;3;N/A;N/A;N/A;25; 312,4245 ; 18,3722 ; 55,9536 ; 89,7601 ; 226,0831 ; 30,3063 ; 732,8998 
19;ELECTROCAQUETA;CQTC;ELECTROCAQUETA;4;N/A;N/A;N/A;25; 312,4245 ; 9,7791 ; 55,9536 ; 34,0530 ; 144,4631 ; 30,3063 ; 586,9796 
23;ELECTROHUILA;HLAC;ELECTROHUILA;1;AEREA;NIVEL 1-2;100% OPERADOR;25;396,2664;81,8185; 55,9536 ;288,0311;183,8273;25,5469; 1.031,4438 
23;ELECTROHUILA;HLAC;ELECTROHUILA;1;AEREA;NIVEL 1-2;50% OPERADOR;25; 396,2664 ; 81,8185 ; 55,9536 ;262,7396; 183,8273 ; 25,5469 ; 1.006,1523 
23;ELECTROHUILA;HLAC;ELECTROHUILA;1;AEREA;NIVEL 1-2;100% USUARIO;25; 396,2664 ; 81,8185 ; 55,9536 ;237,4481; 183,8273 ; 25,5469 ; 980,8608 
23;ELECTROHUILA;HLAC;ELECTROHUILA;2;N/A;N/A;N/A;25; 396,2664 ;32,484; 55,9536 ;186,4289;196,2638; 25,5469 ; 892,9436 
23;ELECTROHUILA;HLAC;ELECTROHUILA;3;N/A;N/A;N/A;25; 396,2664 ;25,0997; 55,9536 ;117,2929;193,6708; 25,5469 ; 813,8303 
23;ELECTROHUILA;HLAC;ELECTROHUILA;4;N/A;N/A;N/A;25; 396,2664 ;18,2098; 55,9536 ;34,053;165,0077; 25,5469 ; 695,0374 
45;EMCALI;EMIC;EMCALI;1;AEREA;NIVEL 1-2;100% OPERADOR;25; 334,0819 ; 54,7053 ; 55,9536 ; 277,5855 ; 71,5853 ; 26,6960 ; 820,6076 
45;EMCALI;EMIC;EMCALI;1;AEREA;NIVEL 1-2;100% USUARIO;25; 334,0819 ; 54,7053 ; 55,9536 ; 246,2922 ; 71,5853 ; 26,6960 ; 789,3143 
45;EMCALI;EMIC;EMCALI;2;N/A;N/A;N/A;25; 334,0819 ; 25,1117 ; 55,9536 ; 165,3710 ; 71,5853 ; 26,6960 ; 678,7995 
45;EMCALI;EMIC;EMCALI;3;N/A;N/A;N/A;25; 334,0819 ; 23,4425 ; 55,9536 ; 96,6989 ; 71,5853 ; 26,6960 ; 608,4582 
25;ELECTROMETA;EMSC;ELECTROMETA;1;AEREA;NIVEL 1-2;100% OPERADOR;25; 302,8500 ; 61,7600 ; 55,9536 ; 272,4500 ; 98,2200 ; 30,8100 ; 822,0436 
25;ELECTROMETA;EMSC;ELECTROMETA;1;AEREA;NIVEL 1-2;50% OPERADOR;25; 302,8500 ; 61,7600 ; 55,9536 ; 254,6600 ; 98,2200 ; 30,8100 ; 804,2536 
25;ELECTROMETA;EMSC;ELECTROMETA;1;AEREA;NIVEL 1-2;100% USUARIO;25; 302,8500 ; 61,7600 ; 55,9536 ; 236,8700 ; 98,2200 ; 30,8100 ; 786,4636 
25;ELECTROMETA;EMSC;ELECTROMETA;2;N/A;N/A;N/A;25; 302,8500 ; 26,4000 ; 55,9536 ; 185,5400 ; 145,2200 ; 30,8100 ; 746,7736 
25;ELECTROMETA;EMSC;ELECTROMETA;3;N/A;N/A;N/A;25; 302,8500 ; 20,7300 ; 55,9536 ; 89,7600 ; 98,2200 ; 30,8100 ; 598,3236 
25;ELECTROMETA;EMSC;ELECTROMETA;4;N/A;N/A;N/A;25; 302,8500 ; 12,0200 ; 55,9536 ; 34,0600 ; 98,2200 ; 30,8100 ; 533,9136 
39;ENELAR;ENIC;ENELAR;1;AEREA;NIVEL 1-2;100% OPERADOR;25; 278,2844 ; 43,9549 ; 55,9536 ; 288,0311 ; 193,5807 ; 40,4604 ; 900,2651 
39;ENELAR;ENIC;ENELAR;1;AEREA;NIVEL 1-2;50% OPERADOR;25; 278,2844 ; 43,9549 ; 55,9536 ; 264,4500 ; 193,5807 ; 40,4604 ; 876,6840 
39;ENELAR;ENIC;ENELAR;1;AEREA;NIVEL 1-2;100% USUARIO;25; 278,2844 ; 43,9549 ; 55,9536 ; 240,8690 ; 193,5807 ; 40,4604 ; 853,1030 
39;ENELAR;ENIC;ENELAR;2;N/A;N/A;N/A;25; 278,2844 ; 15,4779 ; 55,9536 ; 186,4289 ; 193,5807 ; 40,4604 ; 770,1859 
39;ENELAR;ENIC;ENELAR;3;N/A;N/A;N/A;25; 278,2844 ; 8,9338 ; 55,9536 ; 117,2929 ; 193,5807 ; 40,4604 ; 694,5058 
39;ENELAR;ENIC;ENELAR;4;N/A;N/A;N/A;25; 278,2844 ; 7,8953 ; 55,9536 ; 34,0430 ; 193,5807 ; 40,4604 ; 610,2174 
75;ENERCA;CASC;ENERCA;1;AEREA;NIVEL 1-2;100% OPERADOR;25;310,0807;58,4886; 55,9536 ;272,4521;102,5963;36,0198; 835,5911 
75;ENERCA;CASC;ENERCA;1;AEREA;NIVEL 1-2;100% USUARIO;25; 310,0807 ; 58,4886 ; 55,9536 ;198,8177; 102,5963 ; 36,0198 ; 761,9567 
75;ENERCA;CASC;ENERCA;2;N/A;N/A;N/A;25; 310,0807 ;14,5454; 55,9536 ;185,5445;78,9813; 36,0198 ; 681,1253 
75;ENERCA;CASC;ENERCA;3;N/A;N/A;N/A;25; 310,0807 ;10,1986; 55,9536 ;89,7601; 78,9813 ; 36,0198 ; 580,9941 
75;ENERCA;CASC;ENERCA;4;N/A;N/A;N/A;25; 310,0807 ;6,8312; 55,9536 ;34,053; 78,9813 ; 36,0198 ; 521,9196 
26;ENERTOLIMA;CTSC;ENERTOLIMA;1;AEREA;NIVEL 1-2;100% OPERADOR;25; 286,9100 ; 73,6000 ; 55,9536 ; 288,0300 ; 224,0400 ; 27,6500 ; 956,1836 
26;ENERTOLIMA;CTSC;ENERTOLIMA;1;AEREA;NIVEL 1-2;50% OPERADOR;25; 286,9100 ; 73,6000 ; 55,9536 ; 237,5700 ; 224,0400 ; 27,6500 ; 905,7236 
26;ENERTOLIMA;CTSC;ENERTOLIMA;1;AEREA;NIVEL 1-2;100% USUARIO;25; 286,9100 ; 73,6000 ; 55,9536 ; 187,1100 ; 224,0400 ; 27,6500 ; 855,2636 
26;ENERTOLIMA;CTSC;ENERTOLIMA;2;N/A;N/A;N/A;25; 286,9100 ; 33,9700 ; 55,9536 ; 186,4300 ; 114,0800 ; 27,6500 ; 704,9936 
26;ENERTOLIMA;CTSC;ENERTOLIMA;3;N/A;N/A;N/A;25; 286,9100 ; 25,6800 ; 55,9536 ; 117,2900 ; 114,0800 ; 27,6500 ; 627,5636 
26;ENERTOLIMA;CTSC;ENERTOLIMA;4;N/A;N/A;N/A;25; 286,9100 ; 14,8800 ; 55,9536 ; 34,0500 ; 114,0800 ; 27,6500 ; 533,5236 
45;EMCALI;ETTC;ENERTOTAL;1;AEREA;NIVEL 1-2;100% OPERADOR;25; 423,4400 ; 66,2400 ; 55,9536 ; 277,5900 ; 47,0100 ; 22,9500 ; 893,1836 
45;EMCALI;ETTC;ENERTOTAL;1;AEREA;NIVEL 1-2;100% USUARIO;25; 423,4400 ; 66,2400 ; 55,9536 ; 242,4500 ; 47,0100 ; 22,9500 ; 858,0436 
45;EMCALI;ETTC;ENERTOTAL;2;N/A;N/A;N/A;25; 423,4400 ; 29,8600 ; 55,9536 ; 165,3700 ; 47,0100 ; 22,9500 ; 744,5836 
45;EMCALI;ETTC;ENERTOTAL;3;N/A;N/A;N/A;25; 423,4400 ; 27,8100 ; 55,9536 ; 96,7000 ; 47,0100 ; 22,9500 ; 673,8636 
34;EPSA;ETTC;ENERTOTAL;1;AEREA;NIVEL 1-2;100% OPERADOR;25; 427,7100 ; 78,6700 ; 55,9536 ; 277,5900 ; 40,0000 ; 22,9500 ; 902,8736 
34;EPSA;ETTC;ENERTOTAL;1;AEREA;NIVEL 1-2;100% USUARIO;25; 427,7100 ; 78,6700 ; 55,9536 ; 207,2800 ; 40,0000 ; 22,9500 ; 832,5636 
34;EPSA;ETTC;ENERTOTAL;2;N/A;N/A;N/A;25; 427,7100 ; 32,6700 ; 55,9536 ; 165,3700 ; 40,0000 ; 22,9500 ; 744,6536 
34;EPSA;ETTC;ENERTOTAL;3;N/A;N/A;N/A;25; 427,7100 ; 27,9100 ; 55,9536 ; 96,7000 ; 40,0000 ; 22,9500 ; 671,2236 
34;EPSA;ETTC;ENERTOTAL;4;N/A;N/A;N/A;25; 427,7100 ; 15,5500 ; 55,9536 ; 34,0500 ; 40,0000 ; 22,9500 ; 596,2136 
3;CEDENAR;ETTC;ENERTOTAL;1;AEREA;NIVEL 1-2;100% OPERADOR;25; 423,6500 ; 79,5600 ; 55,9536 ; 277,5900 ; 109,7600 ; 22,9500 ; 969,4636 
3;CEDENAR;ETTC;ENERTOTAL;1;AEREA;NIVEL 1-2;100% USUARIO;25; 423,6500 ; 79,5600 ; 55,9536 ; 221,3000 ; 109,7600 ; 22,9500 ; 913,1736 
3;CEDENAR;ETTC;ENERTOTAL;2;N/A;N/A;N/A;25; 423,6500 ; 26,7300 ; 55,9536 ; 165,3700 ; 109,8400 ; 22,9500 ; 804,4936 
74;EPM-EADE;ETTC;ENERTOTAL;1;AEREA;NIVEL 1-2;100% OPERADOR;25; 410,0600 ; 81,2500 ; 55,9536 ; 315,7000 ; 70,3000 ; 22,9500 ; 956,2136 
74;EPM-EADE;ETTC;ENERTOTAL;1;AEREA;NIVEL 1-2;100% USUARIO;25; 410,0600 ; 81,2500 ; 55,9536 ; 252,0500 ; 70,3000 ; 22,9500 ; 892,5636 
74;EPM-EADE;ETTC;ENERTOTAL;2;N/A;N/A;N/A;25; 410,0600 ; 24,1000 ; 55,9536 ; 206,0700 ; 46,3600 ; 22,9500 ; 765,4936 
74;EPM-EADE;ETTC;ENERTOTAL;3;N/A;N/A;N/A;25; 410,0600 ; 21,1300 ; 55,9536 ; 90,6700 ; 53,7300 ; 22,9500 ; 654,4936 
4;CEDELCA;ETTC;ENERTOTAL;1;AEREA;NIVEL 1-2;100% OPERADOR;25; 432,3800 ; 88,2100 ; 55,9536 ; 277,5900 ; 59,8600 ; 22,9500 ; 936,9436 
4;CEDELCA;ETTC;ENERTOTAL;1;AEREA;NIVEL 1-2;100% USUARIO;25; 432,3800 ; 88,2100 ; 55,9536 ; 185,7300 ; 59,8600 ; 22,9500 ; 845,0836 
4;CEDELCA;ETTC;ENERTOTAL;2;N/A;N/A;N/A;25; 432,3800 ; 33,8600 ; 55,9536 ; 165,3700 ; 59,8600 ; 22,9500 ; 770,3736 
4;CEDELCA;ETTC;ENERTOTAL;3;N/A;N/A;N/A;25; 432,3800 ; 28,3800 ; 55,9536 ; 96,7000 ; 59,8600 ; 22,9500 ; 696,2236 
29;EBSA;ETTC;ENERTOTAL;1;AEREA;NIVEL 1-2;100% OPERADOR;25; 380,0300 ; 81,4300 ; 55,9536 ; 288,0300 ; 41,9800 ; 22,9500 ; 870,3736 
29;EBSA;ETTC;ENERTOTAL;1;AEREA;NIVEL 1-2;100% USUARIO;25; 380,0300 ; 81,4300 ; 55,9536 ; 203,2500 ; 41,9800 ; 22,9500 ; 785,5936 
29;EBSA;ETTC;ENERTOTAL;2;N/A;N/A;N/A;25; 380,0300 ; 23,3200 ; 55,9536 ; 186,4300 ; 56,8300 ; 22,9500 ; 725,5136 
83;CARIBEMAR;ETTC;ENERTOTAL;1;AEREA;NIVEL 1-2;100% OPERADOR;25; 402,3800 ; 82,6500 ; 55,9536 ; 177,4800 ; 111,9300 ; 22,9500 ; 853,3436 
83;CARIBEMAR;ETTC;ENERTOTAL;1;AEREA;NIVEL 1-2;100% USUARIO;25; 402,3800 ; 82,6500 ; 55,9536 ; 147,6000 ; 111,9300 ; 22,9500 ; 823,4636 
83;CARIBEMAR;ETTC;ENERTOTAL;2;N/A;N/A;N/A;25; 402,3800 ; 18,2100 ; 55,9536 ; 123,1500 ; 91,4000 ; 22,9500 ; 714,0436 
82;CARIBESOL;ETTC;ENERTOTAL;1;AEREA;NIVEL 1-2;100% OPERADOR;25; 402,3800 ; 95,3700 ; 55,9536 ; 127,3400 ; 79,8900 ; 22,9500 ; 783,8836 
82;CARIBESOL;ETTC;ENERTOTAL;1;AEREA;NIVEL 1-2;100% USUARIO;25; 402,3800 ; 95,3700 ; 55,9536 ; 104,6300 ; 79,8900 ; 22,9500 ; 761,1736 
82;CARIBESOL;ETTC;ENERTOTAL;2;N/A;N/A;N/A;25; 402,3800 ; 30,1800 ; 55,9536 ; 85,9200 ; 21,8100 ; 22,9500 ; 619,1936 
2;CHEC;ETTC;ENERTOTAL;1;AEREA;NIVEL 1-2;100% OPERADOR;25; 386,5100 ; 72,0300 ; 55,9536 ; 315,7000 ; 88,2800 ; 22,9500 ; 941,4236 
2;CHEC;ETTC;ENERTOTAL;1;AEREA;NIVEL 1-2;100% USUARIO;25; 386,5100 ; 72,0300 ; 55,9536 ; 241,1100 ; 88,2800 ; 22,9500 ; 866,8336 
2;CHEC;ETTC;ENERTOTAL;2;N/A;N/A;N/A;25; 386,5100 ; 32,3400 ; 55,9536 ; 206,0700 ; 19,8300 ; 22,9500 ; 723,6536 
46;EMCARTAGO;ETTC;ENERTOTAL;1;AEREA;NIVEL 1-2;100% OPERADOR;25; 433,7400 ; 84,8300 ; 55,9536 ; 277,5900 ; 23,5500 ; 22,9500 ; 898,6136 
46;EMCARTAGO;ETTC;ENERTOTAL;1;AEREA;NIVEL 1-2;100% USUARIO;25; 433,7400 ; 84,8300 ; 55,9536 ; 238,9300 ; 23,5500 ; 22,9500 ; 859,9536 
46;EMCARTAGO;ETTC;ENERTOTAL;2;N/A;N/A;N/A;25; 433,7400 ; 29,9600 ; 55,9536 ; 165,3700 ; 23,5500 ; 22,9500 ; 731,5236 
26;ENERTOLIMA;ETTC;ENERTOTAL;1;AEREA;NIVEL 1-2;100% OPERADOR;25; 433,6100 ; 102,3400 ; 55,9536 ; 288,0300 ; 131,8200 ; 22,9500 ; 1.034,7036 
26;ENERTOLIMA;ETTC;ENERTOTAL;1;AEREA;NIVEL 1-2;100% USUARIO;25; 433,6100 ; 102,3400 ; 55,9536 ; 187,1100 ; 131,8200 ; 22,9500 ; 933,7836 
26;ENERTOLIMA;ETTC;ENERTOTAL;2;N/A;N/A;N/A;25; 433,6100 ; 45,7200 ; 55,9536 ; 186,4300 ; 21,8500 ; 22,9500 ; 766,5136 
32;EEP;ETTC;ENERTOTAL;1;AEREA;NIVEL 1-2;100% OPERADOR;25; 420,6800 ; 73,1900 ; 55,9536 ; 315,7000 ; 22,2200 ; 22,9500 ; 910,6936 
32;EEP;ETTC;ENERTOTAL;1;AEREA;NIVEL 1-2;100% USUARIO;25; 420,6800 ; 73,1900 ; 55,9536 ; 271,7100 ; 22,2200 ; 22,9500 ; 866,7036 
32;EEP;ETTC;ENERTOTAL;2;N/A;N/A;N/A;25; 420,6800 ; 29,4900 ; 55,9536 ; 206,0700 ; 22,2200 ; 22,9500 ; 757,3636 
36;EDEQ;ETTC;ENERTOTAL;1;AEREA;NIVEL 1-2;100% OPERADOR;25; 410,5300 ; 75,3100 ; 55,9536 ; 315,7000 ; 105,7400 ; 22,9500 ; 986,1836 
36;EDEQ;ETTC;ENERTOTAL;1;AEREA;NIVEL 1-2;100% USUARIO;25; 410,5300 ; 75,3100 ; 55,9536 ; 264,8000 ; 105,7400 ; 22,9500 ; 935,2836 
36;EDEQ;ETTC;ENERTOTAL;2;N/A;N/A;N/A;25; 410,5300 ; 31,5100 ; 55,9536 ; 206,0700 ; 25,5700 ; 22,9500 ; 752,5836 
36;EDEQ;ETTC;ENERTOTAL;3;N/A;N/A;N/A;25; 410,5300 ; 23,8300 ; 55,9536 ; 90,6700 ; 62,1100 ; 22,9500 ; 666,0436 
10;CETSA;ETTC;ENERTOTAL;1;AEREA;NIVEL 1-2;100% OPERADOR;25; 416,4400 ; 73,3900 ; 55,9536 ; 277,5900 ; 58,5300 ; 22,9500 ; 904,8536 
10;CETSA;ETTC;ENERTOTAL;1;AEREA;NIVEL 1-2;100% USUARIO;25; 416,4400 ; 73,3900 ; 55,9536 ; 223,9700 ; 58,5300 ; 22,9500 ; 851,2336 
10;CETSA;ETTC;ENERTOTAL;2;N/A;N/A;N/A;25; 416,4400 ; 30,8800 ; 55,9536 ; 165,3700 ; 130,1500 ; 22,9500 ; 821,7436 
10;CETSA;ETTC;ENERTOTAL;3;N/A;N/A;N/A;25; 416,4400 ; 23,6400 ; 55,9536 ; 96,7000 ; 127,4200 ; 22,9500 ; 743,1036 
16;ESSA;ETTC;ENERTOTAL;1;AEREA;NIVEL 1-2;100% OPERADOR;25; 378,4200 ; 81,2900 ; 55,9536 ; 315,7000 ; 23,2300 ; 22,9500 ; 877,5436 
16;ESSA;ETTC;ENERTOTAL;1;AEREA;NIVEL 1-2;100% USUARIO;25; 378,4200 ; 81,2900 ; 55,9536 ; 228,5700 ; 23,2300 ; 22,9500 ; 790,4136 
16;ESSA;ETTC;ENERTOTAL;2;N/A;N/A;N/A;25; 378,4200 ; 29,6700 ; 55,9536 ; 206,0700 ; 23,2300 ; 22,9500 ; 716,2936 
16;ESSA;ETTC;ENERTOTAL;3;N/A;N/A;N/A;25; 378,4200 ; 22,4900 ; 55,9536 ; 90,6700 ; 23,2300 ; 22,9500 ; 593,7136 
74;EPM-EADE;EPMC;EPM;1;AEREA;NIVEL 1-2;100% OPERADOR;25;284,77;60,59; 55,9536 ; 315,7000 ; 121,0500 ; 26,0000 ; 864,0636 
74;EPM-EADE;EPMC;EPM;1;AEREA;NIVEL 1-2;50% OPERADOR;25; 284,7700 ; 60,5900 ; 55,9536 ; 283,8800 ; 121,0500 ; 26,0000 ; 832,2436 
74;EPM-EADE;EPMC;EPM;1;AEREA;NIVEL 1-2;100% USUARIO;25; 284,7700 ; 60,5900 ; 55,9536 ; 252,0500 ; 121,0500 ; 26,0000 ; 800,4136 
74;EPM-EADE;EPMC;EPM;2;N/A;N/A;N/A;25; 284,7700 ; 18,8464 ; 55,9536 ;206,07;97,11; 26,0000 ;688,75
74;EPM-EADE;EPMC;EPM;3;N/A;N/A;N/A;25; 284,7700 ;16,676393; 55,9536 ;90,67;104,48; 26,0000 ;578,55
74;EPM-EADE;EPMC;EPM;4;N/A;N/A;N/A;25; 284,7700 ; 13,00 ; 55,9536 ;34,05;76,08; 26,0000 ;489,85
34;EPSA;EPSC;EPSA;1;AEREA;NIVEL 1-2;100% OPERADOR;25; 285,8500 ; 56,6900 ; 55,9536 ; 277,5900 ; 151,1100 ; 27,6500 ; 854,8436 
34;EPSA;EPSC;EPSA;1;AEREA;NIVEL 1-2;100% USUARIO;25; 285,8500 ; 56,6900 ; 55,9536 ; 208,4000 ; 151,1100 ; 27,6500 ; 785,6536 
34;EPSA;EPSC;EPSA;2;N/A;N/A;N/A;25; 285,8500 ; 24,2000 ; 55,9536 ; 165,3700 ; 151,1100 ; 27,6500 ; 710,1336 
34;EPSA;EPSC;EPSA;3;N/A;N/A;N/A;25; 285,8500 ; 20,8400 ; 55,9536 ; 96,7000 ; 151,1100 ; 27,6500 ; 638,1036 
34;EPSA;EPSC;EPSA;4;N/A;N/A;N/A;25; 285,8500 ; 12,1100 ; 55,9536 ; 34,0500 ; 151,1100 ; 27,6500 ; 566,7236 
16;ESSA;ESSC;ESSA;1;AEREA;NIVEL 1-2;100% OPERADOR;25; 290,3000 ; 65,5300 ; 55,9536 ; 315,7000 ; 93,9500 ; 29,1800 ; 850,6136 
16;ESSA;ESSC;ESSA;1;AEREA;NIVEL 1-2;100% USUARIO;25; 290,3000 ; 65,5300 ; 55,9536 ; 272,1400 ; 93,9500 ; 29,1800 ; 807,0536 
16;ESSA;ESSC;ESSA;1;AEREA;NIVEL 1-2;50% OPERADOR;25; 290,3000 ; 65,5300 ; 55,9536 ; 228,5700 ; 93,9500 ; 29,1800 ; 763,4836 
16;ESSA;ESSC;ESSA;2;N/A;N/A;N/A;25; 290,3000 ; 24,3900 ; 55,9536 ; 206,0700 ; 93,9500 ; 29,1800 ; 699,8436 
16;ESSA;ESSC;ESSA;3;N/A;N/A;N/A;25; 290,3000 ; 18,6700 ; 55,9536 ; 90,6700 ; 93,9500 ; 29,1800 ; 578,7236 
16;ESSA;ESSC;ESSA;4;N/A;N/A;N/A;25; 290,3000 ; 11,9100 ; 55,9536 ; 34,0600 ; 93,9500 ; 29,1800 ; 515,3536 
35;PUTUMAYO;EPTC;PUTUMAYO;1;AEREA;NIVEL 1-2;100% OPERADOR;25; 308,5331 ; 62,6834 ; 55,9536 ; 272,4521 ; 124,1579 ; 27,6236 ; 851,4037 
35;PUTUMAYO;EPTC;PUTUMAYO;1;AEREA;NIVEL 1-2;50% OPERADOR;25; 308,5331 ; 62,6834 ; 55,9536 ; 247,7049 ; 124,1579 ; 27,6236 ; 826,6565 
35;PUTUMAYO;EPTC;PUTUMAYO;1;AEREA;NIVEL 1-2;100% USUARIO;25; 308,5331 ; 62,6834 ; 55,9536 ; 222,9578 ; 124,1579 ; 27,6236 ; 801,9094 
35;PUTUMAYO;EPTC;PUTUMAYO;2;N/A;N/A;N/A;25; 308,5331 ; 24,1744 ; 55,9536 ; 185,5445 ; 124,1579 ; 27,6236 ; 725,9871 
35;PUTUMAYO;EPTC;PUTUMAYO;3;N/A;N/A;N/A;25; 308,5331 ; 13,1921 ; 55,9536 ; 89,7600 ; 124,1579 ; 27,6236 ; 619,2203 
33;BAJO PUTUMAYO;EBPC;BAJO PUTUMAYO;1;AEREA;NIVEL 1-2;100% OPERADOR;25; 423,1062 ; 59,6951 ; 55,9536 ; 272,4521 ; 131,7779 ; 30,7152 ; 973,7000 
33;BAJO PUTUMAYO;EBPC;BAJO PUTUMAYO;1;AEREA;NIVEL 1-2;100% USUARIO;25; 423,1062 ; 59,6951 ; 55,9536 ; 215,3474 ; 131,7779 ; 30,7152 ; 916,5954 
33;BAJO PUTUMAYO;EBPC;BAJO PUTUMAYO;1;AEREA;NIVEL 1-2;50% OPERADOR;25; 423,1062 ; 59,6951 ; 55,9536 ; 243,8998 ; 131,7779 ; 30,7152 ; 945,1477 
33;BAJO PUTUMAYO;EBPC;BAJO PUTUMAYO;2;N/A;N/A;N/A;25; 423,1062 ; 23,1055 ; 55,9536 ; 185,5445 ; 131,7779 ; 30,7152 ; 850,2029 
81;CODENSA-EEC;QIEC;QI ENERGY;1;AEREA;NIVEL 1-2;100% OPERADOR;25; 363,5898 ; 70,9256 ; 55,9536 ; 288,0311 ; 29,0263 ; 23,3025 ; 830,8289 
81;CODENSA-EEC;QIEC;QI ENERGY;1;AEREA;NIVEL 1-2;100% USUARIO;25; 363,5898 ; 70,9256 ; 55,9536 ; 238,3040 ; 29,0263 ; 23,3025 ; 781,1018 
81;CODENSA-EEC;QIEC;QI ENERGY;1;AEREA;NIVEL 1-2;50% OPERADOR;25; 363,5898 ; 70,9256 ; 55,9536 ; 263,1675 ; 29,0263 ; 23,3025 ; 805,9653 
81;CODENSA-EEC;CDSC;CODENSA;2;N/A;N/A;N/A;25; 306,1200 ; 21,0877 ; 55,9536 ; 186,4289 ; 81,8842 ; 25,8997 ; 677,3741 
81;CODENSA-EEC;CDSC;CODENSA;3;N/A;N/A;N/A;25; 306,1200 ; 20,4804 ; 55,9536 ; 117,2929 ; 81,8842 ; 25,8997 ; 607,6308 
81;CODENSA-EEC;CDSC;CODENSA;4;N/A;N/A;N/A;25; 306,1200 ; 12,6725 ; 55,9536 ; 34,0530 ; 81,8842 ; 25,8997 ; 516,5830 
19;ELECTROCAQUETA;QIEC;QI ENERGY;1;AEREA;NIVEL 1-2;100% OPERADOR;25; 345,7939 ; 75,7891 ; 55,9536 ; 272,4521 ; 115,3183 ; 23,3025 ; 888,6095 
19;ELECTROCAQUETA;QIEC;QI ENERGY;1;AEREA;NIVEL 1-2;100% USUARIO;25; 345,7939 ; 75,7891 ; 55,9536 ; 215,5477 ; 115,3183 ; 23,3025 ; 831,7051 
19;ELECTROCAQUETA;QIEC;QI ENERGY;2;N/A;N/A;N/A;25; 345,7939 ; 25,3118 ; 55,9536 ; 185,5445 ; 114,4983 ; 23,3025 ; 750,4046 
81;CODENSA-EEC;ETTC;ENERTOTAL;2;N/A;N/A;N/A;25; 378,1800 ; 24,5500 ; 55,9536 ; 186,4300 ; 19,7400 ; 22,9500 ; 687,8036 
81;CODENSA-EEC;ETTC;ENERTOTAL;3;N/A;N/A;N/A;25; 378,1800 ; 23,8200 ; 55,9536 ; 117,2900 ; 19,7400 ; 22,9500 ; 617,9336 
45;EMCALI;QIEC;QI ENERGY;1;AEREA;NIVEL 1-2;100% OPERADOR;25; 362,1733 ; 58,1776 ; 55,9536 ; 277,5855 ; 31,2837 ; 23,3025 ; 808,4762 
45;EMCALI;QIEC;QI ENERGY;1;AEREA;NIVEL 1-2;100% USUARIO;25; 362,1733 ; 58,1776 ; 55,9536 ; 242,4482 ; 31,2837 ; 23,3025 ; 773,3389 
45;EMCALI;QIEC;QI ENERGY;2;N/A;N/A;N/A;25; 362,1733 ; 26,4698 ; 55,9536 ; 165,3711 ; 31,2837 ; 23,3025 ; 664,5540 
45;EMCALI;QIEC;QI ENERGY;3;N/A;N/A;N/A;25; 362,1733 ; 24,6812 ; 55,9536 ; 96,6989 ; 31,2837 ; 23,3025 ; 594,0932 
83;CARIBEMAR;QIEC;QI ENERGY;1;AEREA;NIVEL 1-2;100% OPERADOR;25; 358,8492 ; 118,0170 ; 55,9536 ; 191,5108 ; 134,0841 ; 23,3025 ; 881,7172 
83;CARIBEMAR;QIEC;QI ENERGY;1;AEREA;NIVEL 1-2;100% USUARIO;25; 358,8492 ; 118,0170 ; 55,9536 ; 159,7035 ; 134,0841 ; 23,3025 ; 849,9099 
83;CARIBEMAR;QIEC;QI ENERGY;2;N/A;N/A;N/A;25; 358,8492 ; 25,2109 ; 55,9536 ; 125,6524 ; 113,5503 ; 23,3025 ; 702,5189 
83;CARIBEMAR;QIEC;QI ENERGY;3;N/A;N/A;N/A;25; 358,8492 ; 14,6298 ; 55,9536 ; 93,2121 ; 49,5248 ; 23,3025 ; 595,4720 
82;CARIBESOL;QIEC;QI ENERGY;1;AEREA;NIVEL 1-2;100% OPERADOR;25; 358,8492 ; 86,3328 ; 55,9536 ; 127,3434 ; 98,6234 ; 23,3025 ; 750,4049 
82;CARIBESOL;QIEC;QI ENERGY;1;AEREA;NIVEL 1-2;100% USUARIO;25; 358,8492 ; 86,3328 ; 55,9536 ; 104,6297 ; 98,6234 ; 23,3025 ; 727,6912 
82;CARIBESOL;QIEC;QI ENERGY;2;N/A;N/A;N/A;25; 358,8492 ; 27,3744 ; 55,9536 ; 85,9238 ; 44,2237 ; 23,3025 ; 595,6272 
82;CARIBESOL;QIEC;QI ENERGY;3;N/A;N/A;N/A;25; 358,8492 ; 23,3707 ; 55,9536 ; 63,4522 ; 44,2237 ; 23,3025 ; 569,1519 
2;CHEC;QIEC;QI ENERGY;1;AEREA;NIVEL 1-2;100% OPERADOR;25; 350,5894 ; 66,6090 ; 55,9536 ; 315,7034 ; 95,2200 ; 23,3025 ; 907,3779 
2;CHEC;QIEC;QI ENERGY;1;AEREA;NIVEL 1-2;100% USUARIO;25; 350,5894 ; 66,6090 ; 55,9536 ; 241,1091 ; 95,2200 ; 23,3025 ; 832,7836 
2;CHEC;QIEC;QI ENERGY;2;N/A;N/A;N/A;25; 350,5894 ; 30,1598 ; 55,9536 ; 206,0710 ; 26,7702 ; 23,3025 ; 692,8465 
2;CHEC;QIEC;QI ENERGY;3;N/A;N/A;N/A;25; 350,5894 ; 22,2926 ; 55,9536 ; 90,6662 ; 26,7702 ; 23,3025 ; 569,5745 
34;EPSA;QIEC;QI ENERGY;1;AEREA;NIVEL 1-2;100% OPERADOR;25; 355,9409 ; 67,3985 ; 55,9536 ; 277,5855 ; 28,8699 ; 23,3025 ; 809,0509 
34;EPSA;QIEC;QI ENERGY;1;AEREA;NIVEL 1-2;100% USUARIO;25; 355,9409 ; 67,3985 ; 55,9536 ; 208,4145 ; 28,8699 ; 23,3025 ; 739,8799 
34;EPSA;QIEC;QI ENERGY;2;N/A;N/A;N/A;25; 355,9409 ; 28,2583 ; 55,9536 ; 165,3711 ; 28,8699 ; 23,3025 ; 657,6963 
34;EPSA;QIEC;QI ENERGY;3;N/A;N/A;N/A;25; 355,9409 ; 24,2065 ; 55,9536 ; 96,6989 ; 28,8699 ; 23,3025 ; 584,9723 
10;CETSA;QIEC;QI ENERGY;1;AEREA;NIVEL 1-2;100% OPERADOR;25; 362,9712 ; 65,2935 ; 55,9536 ; 277,5855 ; 26,4910 ; 23,3025 ; 811,5973 
10;CETSA;QIEC;QI ENERGY;1;AEREA;NIVEL 1-2;100% USUARIO;25; 362,9712 ; 65,2935 ; 55,9536 ; 223,9683 ; 26,4910 ; 23,3025 ; 757,9801 
10;CETSA;QIEC;QI ENERGY;2;N/A;N/A;N/A;25; 362,9712 ; 27,6191 ; 55,9536 ; 165,3711 ; 98,1110 ; 23,3025 ; 733,3285 
10;CETSA;QIEC;QI ENERGY;3;N/A;N/A;N/A;25; 362,9712 ; 21,2053 ; 55,9536 ; 96,6989 ; 95,3810 ; 23,3025 ; 655,5125 
26;ENERTOLIMA;QIEC;QI ENERGY;1;AEREA;NIVEL 1-2;100% OPERADOR;25; 352,3609 ; 86,2541 ; 55,9536 ; 288,0311 ; 140,6225 ; 23,3025 ; 946,5247 
26;ENERTOLIMA;QIEC;QI ENERGY;1;AEREA;NIVEL 1-2;100% USUARIO;25; 352,3609 ; 86,2541 ; 55,9536 ; 187,1072 ; 140,6225 ; 23,3025 ; 845,6008 
26;ENERTOLIMA;QIEC;QI ENERGY;2;N/A;N/A;N/A;25; 352,3609 ; 39,0759 ; 55,9536 ; 186,4289 ; 30,6525 ; 23,3025 ; 687,7743 
26;ENERTOLIMA;QIEC;QI ENERGY;3;N/A;N/A;N/A;25; 352,3609 ; 29,1965 ; 55,9536 ; 117,2929 ; 30,6525 ; 23,3025 ; 608,7589 
74;EPM-EADE;QIEC;QI ENERGY;1;AEREA;NIVEL 1-2;100% OPERADOR;25; 361,7386 ; 73,1777 ; 55,9536 ; 315,7034 ; 72,0029 ; 23,3025 ; 901,8787 
74;EPM-EADE;QIEC;QI ENERGY;1;AEREA;NIVEL 1-2;100% USUARIO;25; 361,7386 ; 73,1777 ; 55,9536 ; 252,0488 ; 72,0029 ; 23,3025 ; 838,2241 
74;EPM-EADE;QIEC;QI ENERGY;2;N/A;N/A;N/A;25; 361,7386 ; 21,9946 ; 55,9536 ; 206,0710 ; 48,0629 ; 23,3025 ; 717,1232 
74;EPM-EADE;QIEC;QI ENERGY;3;N/A;N/A;N/A;25; 361,7386 ; 19,3334 ; 55,9536 ; 90,6662 ; 55,4329 ; 23,3025 ; 606,4272 
36;EDEQ;QIEC;QI ENERGY;1;AEREA;NIVEL 1-2;100% OPERADOR;25; 360,5265 ; 67,6205 ; 55,9536 ; 315,7034 ; 107,7849 ; 23,3025 ; 930,8914 
36;EDEQ;QIEC;QI ENERGY;1;AEREA;NIVEL 1-2;100% USUARIO;25; 360,5265 ; 67,6205 ; 55,9536 ; 264,7957 ; 107,7849 ; 23,3025 ; 879,9837 
36;EDEQ;QIEC;QI ENERGY;2;N/A;N/A;N/A;25; 360,5265 ; 28,5461 ; 55,9536 ; 206,0710 ; 27,6098 ; 23,3025 ; 702,0095 
36;EDEQ;QIEC;QI ENERGY;3;N/A;N/A;N/A;25; 360,5265 ; 21,6909 ; 55,9536 ; 90,6662 ; 64,1576 ; 23,3025 ; 616,2973 
23;ELECTROHUILA;QIEC;QI ENERGY;1;AEREA;NIVEL 1-2;100% OPERADOR;25; 353,3195 ; 74,8053 ; 55,9536 ; 288,0311 ; 51,0622 ; 23,3025 ; 846,4742 
23;ELECTROHUILA;QIEC;QI ENERGY;1;AEREA;NIVEL 1-2;100% USUARIO;25; 353,3195 ; 74,8053 ; 55,9536 ; 236,6242 ; 51,0622 ; 23,3025 ; 795,0673 
23;ELECTROHUILA;QIEC;QI ENERGY;2;N/A;N/A;N/A;25; 353,3195 ; 30,1533 ; 55,9536 ; 186,4289 ; 63,4987 ; 23,3025 ; 712,6565 
23;ELECTROHUILA;QIEC;QI ENERGY;3;N/A;N/A;N/A;25; 353,3195 ; 23,4700 ; 55,9536 ; 117,2929 ; 60,9057 ; 23,3025 ; 634,2442 
4;CEDELCA;QIEC;QI ENERGY;1;AEREA;NIVEL 1-2;100% OPERADOR;25; 348,7360 ; 74,2307 ; 55,9536 ; 277,5855 ; 31,3728 ; 23,3025 ; 811,1811 
4;CEDELCA;QIEC;QI ENERGY;1;AEREA;NIVEL 1-2;100% USUARIO;25; 348,7360 ; 74,2307 ; 55,9536 ; 185,7270 ; 31,3728 ; 23,3025 ; 719,3226 
4;CEDELCA;QIEC;QI ENERGY;2;N/A;N/A;N/A;25; 348,7360 ; 29,2330 ; 55,9536 ; 165,3711 ; 31,3728 ; 23,3025 ; 653,9690 
4;CEDELCA;QIEC;QI ENERGY;3;N/A;N/A;N/A;25; 348,7360 ; 24,6968 ; 55,9536 ; 96,6989 ; 31,3728 ; 23,3025 ; 580,7606 
16;ESSA;QIEC;QI ENERGY;1;AEREA;NIVEL 1-2;100% OPERADOR;25; 358,7334 ; 77,6578 ; 55,9536 ; 315,7034 ; 31,1551 ; 23,3025 ; 862,5058 
16;ESSA;QIEC;QI ENERGY;1;AEREA;NIVEL 1-2;100% USUARIO;25; 358,7334 ; 77,6578 ; 55,9536 ; 228,5672 ; 31,1551 ; 23,3025 ; 775,3696 
16;ESSA;QIEC;QI ENERGY;2;N/A;N/A;N/A;25; 358,7334 ; 28,3986 ; 55,9536 ; 206,0710 ; 31,1551 ; 23,3025 ; 703,6142 
16;ESSA;QIEC;QI ENERGY;3;N/A;N/A;N/A;25; 358,7334 ; 21,5534 ; 55,9536 ; 90,6662 ; 31,1551 ; 23,3025 ; 581,3642 
46;EMCARTAGO;QIEC;QI ENERGY;1;AEREA;NIVEL 1-2;100% OPERADOR;25; 365,1253 ; 73,2513 ; 55,9536 ; 277,5855 ; 28,9745 ; 23,3025 ; 824,1927 
46;EMCARTAGO;QIEC;QI ENERGY;1;AEREA;NIVEL 1-2;100% USUARIO;25; 365,1253 ; 73,2513 ; 55,9536 ; 238,9285 ; 28,9745 ; 23,3025 ; 785,5357 
46;EMCARTAGO;QIEC;QI ENERGY;2;N/A;N/A;N/A;25; 365,1253 ; 26,1030 ; 55,9536 ; 165,3711 ; 28,9745 ; 23,3025 ; 664,8300 
46;EMCARTAGO;QIEC;QI ENERGY;3;N/A;N/A;N/A;25; 365,1253 ; 21,7970 ; 55,9536 ; 96,6989 ; 28,9745 ; 23,3025 ; 591,8518 
32;EEP;QIEC;QI ENERGY;1;AEREA;NIVEL 1-2;100% OPERADOR;25; 364,7246 ; 65,2425 ; 55,9536 ; 315,7034 ; 30,9551 ; 23,3025 ; 855,8817 
32;EEP;QIEC;QI ENERGY;1;AEREA;NIVEL 1-2;100% USUARIO;25; 364,7246 ; 65,2425 ; 55,9536 ; 271,7123 ; 30,9551 ; 23,3025 ; 811,8906 
32;EEP;QIEC;QI ENERGY;2;N/A;N/A;N/A;25; 364,7246 ; 26,7043 ; 55,9536 ; 206,0710 ; 30,9551 ; 23,3025 ; 707,7111 
32;EEP;QIEC;QI ENERGY;3;N/A;N/A;N/A;25; 364,7246 ; 23,2724 ; 55,9536 ; 90,6662 ; 30,9551 ; 23,3025 ; 588,8744 
25;ELECTROMETA;QIEC;QI ENERGY;1;AEREA;NIVEL 1-2;100% OPERADOR;25; 355,8443 ; 70,1984 ; 55,9536 ; 272,4521 ; 27,9004 ; 23,3025 ; 805,6513 
25;ELECTROMETA;QIEC;QI ENERGY;1;AEREA;NIVEL 1-2;100% USUARIO;25; 355,8443 ; 70,1984 ; 55,9536 ; 236,8792 ; 27,9004 ; 23,3025 ; 770,0784 
25;ELECTROMETA;QIEC;QI ENERGY;2;N/A;N/A;N/A;25; 355,8443 ; 29,6395 ; 55,9536 ; 185,5445 ; 74,8954 ; 23,3025 ; 725,1798 
25;ELECTROMETA;QIEC;QI ENERGY;3;N/A;N/A;N/A;25; 355,8443 ; 23,1447 ; 55,9536 ; 89,7601 ; 27,9004 ; 23,3025 ; 575,9056 
29;EBSA;QIEC;QI ENERGY;1;AEREA;NIVEL 1-2;100% OPERADOR;25; 345,3163 ; 74,8770 ; 55,9536 ; 288,0311 ; 49,5354 ; 23,3025 ; 837,0159 
29;EBSA;QIEC;QI ENERGY;1;AEREA;NIVEL 1-2;100% USUARIO;25; 345,3163 ; 74,8770 ; 55,9536 ; 203,2519 ; 49,5354 ; 23,3025 ; 752,2367 
29;EBSA;QIEC;QI ENERGY;2;N/A;N/A;N/A;25; 345,3163 ; 21,4328 ; 55,9536 ; 186,4289 ; 64,4024 ; 23,3025 ; 696,8365 
29;EBSA;QIEC;QI ENERGY;3;N/A;N/A;N/A;25; 345,3163 ; 18,2770 ; 55,9536 ; 117,2929 ; 78,5259 ; 23,3025 ; 638,6682 
3;CEDENAR;QIEC;QI ENERGY;1;AEREA;NIVEL 1-2;100% OPERADOR;25; 336,9267 ; 65,5116 ; 55,9536 ; 277,5855 ; 72,6502 ; 23,3025 ; 831,9301 
3;CEDENAR;QIEC;QI ENERGY;1;AEREA;NIVEL 1-2;100% USUARIO;25; 336,9267 ; 65,5116 ; 55,9536 ; 221,3042 ; 72,6502 ; 23,3025 ; 775,6488 
3;CEDENAR;QIEC;QI ENERGY;1;AEREA;NIVEL 1-2;50% OPERADOR;25; 336,9267 ; 65,5116 ; 55,9536 ; 249,4449 ; 72,6502 ; 23,3025 ; 803,7895 
3;CEDENAR;QIEC;QI ENERGY;2;N/A;N/A;N/A;25; 336,9267 ; 22,2863 ; 55,9536 ; 165,3711 ; 72,7302 ; 23,3025 ; 676,5704 
3;CEDENAR;QIEC;QI ENERGY;3;N/A;N/A;N/A;25; 336,9267 ; 15,6350 ; 55,9536 ; 96,6989 ; 55,7902 ; 23,3025 ; 584,3069 
19;ELECTROCAQUETA;QIEC;QI ENERGY;3;N/A;N/A;N/A;25; 345,7939 ; 19,8371 ; 55,9536 ; 89,7601 ; 107,4183 ; 23,3025 ; 642,0655 
75;ENERCA;QIEC;QI ENERGY;1;AEREA;NIVEL 1-2;100% OPERADOR;25; 345,3159 ; 64,0804 ; 55,9536 ; 272,4521 ; 49,5983 ; 23,3025 ; 810,7028 
75;ENERCA;QIEC;QI ENERGY;1;AEREA;NIVEL 1-2;100% USUARIO;25; 345,3159 ; 64,0804 ; 55,9536 ; 198,8177 ; 49,5983 ; 23,3025 ; 737,0684 
75;ENERCA;QIEC;QI ENERGY;2;N/A;N/A;N/A;25; 345,3159 ; 15,9472 ; 55,9536 ; 185,5445 ; 25,9833 ; 23,3025 ; 652,0470 
75;ENERCA;QIEC;QI ENERGY;3;N/A;N/A;N/A;25; 345,3159 ; 11,1858 ; 55,9536 ; 89,7601 ; 25,9833 ; 23,3025 ; 551,5012 
5;CENS;QIEC;QI ENERGY;1;AEREA;NIVEL 1-2;100% OPERADOR;25; 355,3697 ; 72,8589 ; 55,9536 ; 315,7034 ; 77,8706 ; 23,3025 ; 901,0587 
5;CENS;QIEC;QI ENERGY;1;AEREA;NIVEL 1-2;100% USUARIO;25; 355,3697 ; 72,8589 ; 55,9536 ; 263,6247 ; 77,8706 ; 23,3025 ; 848,9800 
5;CENS;QIEC;QI ENERGY;2;N/A;N/A;N/A;25; 355,3697 ; 24,1281 ; 55,9536 ; 206,0710 ; 54,8135 ; 23,3025 ; 719,6384 
5;CENS;QIEC;QI ENERGY;3;N/A;N/A;N/A;25; 355,3697 ; 24,7439 ; 55,9536 ; 90,6662 ; 29,5873 ; 23,3025 ; 579,6232 
67;RUITOQUE;QIEC;QI ENERGY;1;AEREA;NIVEL 1-2;100% OPERADOR;25; 366,3901 ; 60,4878 ; 55,9536 ; 315,7034 ; 25,9958 ; 23,3025 ; 847,8332 
67;RUITOQUE;QIEC;QI ENERGY;1;AEREA;NIVEL 1-2;100% USUARIO;25; 366,3901 ; 60,4878 ; 55,9536 ; 269,7609 ; 25,9958 ; 23,3025 ; 801,8907 
67;RUITOQUE;QIEC;QI ENERGY;2;N/A;N/A;N/A;25; 366,3901 ; 13,7137 ; 55,9536 ; 206,0710 ; 25,9958 ; 23,3025 ; 691,4267 
67;RUITOQUE;QIEC;QI ENERGY;3;N/A;N/A;N/A;25; 366,3901 ; 5,0709 ; 55,9536 ; 90,6662 ; 25,9958 ; 23,3025 ; 567,3791 
81;CODENSA-EEC;QIEC;QI ENERGY;2;N/A;N/A;N/A;25; 363,5898 ; 23,7770 ; 55,9536 ; 186,4289 ; 29,0263 ; 23,3025 ; 682,0781 
81;CODENSA-EEC;QIEC;QI ENERGY;3;N/A;N/A;N/A;25; 363,5898 ; 23,0732 ; 55,9536 ; 117,2929 ; 29,0263 ; 23,3025 ; 612,2383 
82;CARIBESOL;TREC;TRANSACCIONES ENERGETICAS;1;AEREA;NIVEL 1-2;100% OPERADOR;25;316,8000;77,7500; 55,9536 ;55,9500;185,1800;22,8500;679,2200
82;CARIBESOL;TREC;TRANSACCIONES ENERGETICAS;1;AEREA;NIVEL 1-2;100% USUARIO;25;316,8000;77,7500; 55,9536 ;55,9500;162,4700;22,8500;656,5100
82;CARIBESOL;TREC;TRANSACCIONES ENERGETICAS;2;N/A;N/A;N/A;25;316,8000;24,7800; 55,9536 ;55,9500;85,9200;22,8500;526,9900
82;CARIBESOL;TREC;TRANSACCIONES ENERGETICAS;3;N/A;N/A;N/A;25;316,8000;21,1800; 55,9536 ;55,9500;63,4500;22,8500;500,9200
81;CODENSA-EEC;TREC;TRANSACCIONES ENERGETICAS;1;AEREA;NIVEL 1-2;100% OPERADOR;25;317,1800;63,5000; 55,9536 ;55,9500;288,0500;22,8500;774,1700
81;CODENSA-EEC;TREC;TRANSACCIONES ENERGETICAS;1;AEREA;NIVEL 1-2;100% USUARIO;25;317,1800;63,5000; 55,9536 ;55,9500;238,3200;22,8500;724,4400
81;CODENSA-EEC;TREC;TRANSACCIONES ENERGETICAS;2;N/A;N/A;N/A;25;317,1800;21,5800; 55,9536 ;55,9500;186,4400;22,8500;630,6400
81;CODENSA-EEC;TREC;TRANSACCIONES ENERGETICAS;3;N/A;N/A;N/A;25;317,1800;20,9600; 55,9536 ;55,9500;117,3000;22,8500;560,8800
45;EMCALI;TREC;TRANSACCIONES ENERGETICAS;1;AEREA;NIVEL 1-2;100% OPERADOR;25;317,0700;52,3500; 55,9536 ;55,9500;277,5900;22,8500;750,6600
45;EMCALI;TREC;TRANSACCIONES ENERGETICAS;1;AEREA;NIVEL 1-2;100% USUARIO;25;317,0700;52,3500; 55,9536 ;55,9500;242,4600;22,8500;715,5300
45;EMCALI;TREC;TRANSACCIONES ENERGETICAS;2;N/A;N/A;N/A;25;317,0700;24,0700; 55,9536 ;55,9500;165,3800;22,8500;610,1700
45;EMCALI;TREC;TRANSACCIONES ENERGETICAS;3;N/A;N/A;N/A;25;317,0700;22,4800; 55,9536 ;55,9500;96,7000;22,8500;539,9000
83;CARIBEMAR;TREC;TRANSACCIONES ENERGETICAS;1;AEREA;NIVEL 1-2;100% OPERADOR;25;316,8000;65,3600; 55,9536 ;55,9500;262,0400;22,8500;748,0500
83;CARIBEMAR;TREC;TRANSACCIONES ENERGETICAS;1;AEREA;NIVEL 1-2;100% USUARIO;25;316,8000;65,3600; 55,9536 ;55,9500;232,1600;22,8500;718,1700
83;CARIBEMAR;TREC;TRANSACCIONES ENERGETICAS;2;N/A;N/A;N/A;25;316,8000;13,0000; 55,9536 ;55,9500;187,1900;22,8500;620,8400
83;CARIBEMAR;TREC;TRANSACCIONES ENERGETICAS;3;N/A;N/A;N/A;25;316,8000;10,1500; 55,9536 ;55,9500;92,7600;22,8500;523,5600
74;EPM-EADE;NEUC;NEU Energy;1;AEREA;NIVEL 1-2;100% USUARIO;25; 341,2500 ; 69,9500 ; 55,9500 ; 252,0500 ; 73,1400 ; 22,9200 ; 815,2600 
74;EPM-EADE;NEUC;NEU Energy;1;AEREA;NIVEL 1-2;50% OPERADOR;25; 341,2500 ; 69,9500 ; 55,9500 ; 283,8800 ; 73,1400 ; 22,9200 ; 847,0900 
74;EPM-EADE;NEUC;NEU Energy;1;AEREA;NIVEL 1-2;100% OPERADOR;25; 341,2500 ; 69,9500 ; 55,9500 ; 315,7000 ; 73,1400 ; 22,9200 ; 878,9100 
74;EPM-EADE;NEUC;NEU Energy;2;N/A;N/A;N/A;25; 341,2500 ; 21,2600 ; 55,9500 ; 206,0700 ; 49,2000 ; 22,9200 ; 696,6500 
74;EPM-EADE;NEUC;NEU Energy;3;N/A;N/A;N/A;25; 341,2500 ; 18,7200 ; 55,9500 ; 90,6700 ; 56,5700 ; 22,9200 ; 586,0800 
2;CHEC;NEUC;NEU Energy;1;AEREA;NIVEL 1-2;100% USUARIO;25; 336,6200 ; 64,6800 ; 55,9500 ; 241,1100 ; 97,4398 ; 22,9200 ; 818,7198 
2;CHEC;NEUC;NEU Energy;1;AEREA;NIVEL 1-2;50% OPERADOR;25; 336,6200 ; 64,6800 ; 55,9500 ; 278,4100 ; 97,4398 ; 22,9200 ; 856,0198 
2;CHEC;NEUC;NEU Energy;1;AEREA;NIVEL 1-2;100% OPERADOR;25; 336,6200 ; 64,6800 ; 55,9500 ; 315,7000 ; 97,4398 ; 22,9200 ; 893,3098 
2;CHEC;NEUC;NEU Energy;2;N/A;N/A;N/A;25; 336,6200 ; 29,4700 ; 55,9500 ; 206,0700 ; 28,9900 ; 22,9200 ; 680,0200 
2;CHEC;NEUC;NEU Energy;3;N/A;N/A;N/A;25; 336,6200 ; 21,8700 ; 55,9500 ; 90,6700 ; 28,9900 ; 22,9200 ; 557,0200 
32;EEP;NEUC;NEU Energy;1;AEREA;NIVEL 1-2;100% USUARIO;25; 342,6600 ; 69,6500 ; 55,9500 ; 238,9300 ; 29,1700 ; 22,9200 ; 759,2800 
32;EEP;NEUC;NEU Energy;1;AEREA;NIVEL 1-2;50% OPERADOR;25; 342,6600 ; 69,6500 ; 55,9500 ; 258,2600 ; 29,1700 ; 22,9200 ; 778,6100 
32;EEP;NEUC;NEU Energy;1;AEREA;NIVEL 1-2;100% OPERADOR;25; 342,6600 ; 69,6500 ; 55,9500 ; 277,5900 ; 29,1700 ; 22,9200 ; 797,9400 
32;EEP;NEUC;NEU Energy;2;N/A;N/A;N/A;25; 342,6600 ; 25,0000 ; 55,9500 ; 165,3700 ; 29,1700 ; 22,9200 ; 641,0700 
32;EEP;NEUC;NEU Energy;3;N/A;N/A;N/A;25; 342,6600 ; 20,9200 ; 55,9500 ; 96,7000 ; 29,1700 ; 22,9200 ; 568,3200 
36;EDEQ;NEUC;NEU Energy;1;AEREA;NIVEL 1-2;100% USUARIO;25; 340,7500 ; 64,7300 ; 55,9500 ; 264,8000 ; 108,9651 ; 22,9200 ; 858,1151 
36;EDEQ;NEUC;NEU Energy;1;AEREA;NIVEL 1-2;50% OPERADOR;25; 340,7500 ; 64,7300 ; 55,9500 ; 290,2500 ; 108,9651 ; 22,9200 ; 883,5651 
36;EDEQ;NEUC;NEU Energy;1;AEREA;NIVEL 1-2;100% OPERADOR;25; 340,7500 ; 64,7300 ; 55,9500 ; 315,7000 ; 108,9651 ; 22,9200 ; 909,0151 
36;EDEQ;NEUC;NEU Energy;2;N/A;N/A;N/A;25; 340,7500 ; 27,4900 ; 55,9500 ; 206,0700 ; 28,7900 ; 22,9200 ; 681,9700 
36;EDEQ;NEUC;NEU Energy;3;N/A;N/A;N/A;25; 340,7500 ; 20,9600 ; 55,9500 ; 90,6700 ; 65,3378 ; 22,9200 ; 596,5878 
81;CODENSA-EEC;NEUC;NEU Energy;1;AEREA;NIVEL 1-2;100% USUARIO;25; 342,0200 ; 67,6100 ; 55,9500 ; 238,3000 ; 29,4200 ; 22,9200 ; 756,2200 
81;CODENSA-EEC;NEUC;NEU Energy;1;AEREA;NIVEL 1-2;50% OPERADOR;25; 342,0200 ; 67,6100 ; 55,9500 ; 263,1700 ; 29,4200 ; 22,9200 ; 781,0900 
81;CODENSA-EEC;NEUC;NEU Energy;1;AEREA;NIVEL 1-2;100% OPERADOR;25; 342,0200 ; 67,6100 ; 55,9500 ; 288,0300 ; 29,4200 ; 22,9200 ; 805,9500 
81;CODENSA-EEC;NEUC;NEU Energy;2;N/A;N/A;N/A;25; 342,0200 ; 22,8600 ; 55,9500 ; 186,4300 ; 29,4200 ; 22,9200 ; 659,6000 
81;CODENSA-EEC;NEUC;NEU Energy;3;N/A;N/A;N/A;25; 342,0200 ; 22,2000 ; 55,9500 ; 117,2900 ; 29,4200 ; 22,9200 ; 589,8000 
45;EMCALI;NEUC;NEU Energy;1;AEREA;NIVEL 1-2;100% USUARIO;25; 341,4300 ; 55,6200 ; 55,9500 ; 242,4500 ; 27,4400 ; 22,9200 ; 745,8100 
45;EMCALI;NEUC;NEU Energy;1;AEREA;NIVEL 1-2;50% OPERADOR;25; 341,4300 ; 55,6200 ; 55,9500 ; 260,0200 ; 27,4400 ; 22,9200 ; 763,3800 
45;EMCALI;NEUC;NEU Energy;1;AEREA;NIVEL 1-2;100% OPERADOR;25; 341,4300 ; 55,6200 ; 55,9500 ; 277,5900 ; 27,4400 ; 22,9200 ; 780,9500 
45;EMCALI;NEUC;NEU Energy;2;N/A;N/A;N/A;25; 341,4300 ; 25,4800 ; 55,9500 ; 165,3700 ; 27,4400 ; 22,9200 ; 638,5900 
45;EMCALI;NEUC;NEU Energy;3;N/A;N/A;N/A;25; 341,4300 ; 23,7800 ; 55,9500 ; 96,7000 ; 27,4400 ; 22,9200 ; 568,2200 
16;ESSA;NEUC;NEU Energy;1;AEREA;NIVEL 1-2;100% USUARIO;25; 340,0100 ; 74,4400 ; 55,9500 ; 228,5700 ; 30,9900 ; 22,9200 ; 752,8800 
16;ESSA;NEUC;NEU Energy;1;AEREA;NIVEL 1-2;50% OPERADOR;25; 340,0100 ; 74,4400 ; 55,9500 ; 272,1400 ; 30,9900 ; 22,9200 ; 796,4500 
16;ESSA;NEUC;NEU Energy;1;AEREA;NIVEL 1-2;100% OPERADOR;25; 340,0100 ; 74,4400 ; 55,9500 ; 315,7000 ; 30,9900 ; 22,9200 ; 840,0100 
16;ESSA;NEUC;NEU Energy;2;N/A;N/A;N/A;25; 340,0100 ; 27,3800 ; 55,9500 ; 206,0700 ; 30,9900 ; 22,9200 ; 683,3200 
16;ESSA;NEUC;NEU Energy;3;N/A;N/A;N/A;25; 340,0100 ; 20,8500 ; 55,9500 ; 90,6700 ; 30,9900 ; 22,9200 ; 561,3900 
5;CENS;NEUC;NEU Energy;1;AEREA;NIVEL 1-2;100% USUARIO;25; 338,6100 ; 70,1500 ; 55,9500 ; 263,6200 ; 78,4768 ; 22,9200 ; 829,7268 
5;CENS;NEUC;NEU Energy;1;AEREA;NIVEL 1-2;50% OPERADOR;25; 338,6100 ; 70,1500 ; 55,9500 ; 289,6600 ; 78,4768 ; 22,9200 ; 855,7668 
5;CENS;NEUC;NEU Energy;1;AEREA;NIVEL 1-2;100% OPERADOR;25; 338,6100 ; 70,1500 ; 55,9500 ; 315,7000 ; 78,4768 ; 22,9200 ; 881,8068 
5;CENS;NEUC;NEU Energy;2;N/A;N/A;N/A;25; 338,6100 ; 23,3900 ; 55,9500 ; 206,0700 ; 55,4197 ; 22,9200 ; 702,3597 
5;CENS;NEUC;NEU Energy;3;N/A;N/A;N/A;25; 338,6100 ; 23,9800 ; 55,9500 ; 90,6700 ; 30,1935 ; 22,9200 ; 562,3235 
3;CEDENAR;NEUC;NEU Energy;1;AEREA;NIVEL 1-2;100% USUARIO;25; 330,9400 ; 64,7000 ; 55,9500 ; 221,3000 ; 69,7100 ; 22,9200 ; 765,5200 
3;CEDENAR;NEUC;NEU Energy;1;AEREA;NIVEL 1-2;50% OPERADOR;25; 330,9400 ; 64,7000 ; 55,9500 ; 249,4400 ; 69,7100 ; 22,9200 ; 793,6600 
3;CEDENAR;NEUC;NEU Energy;1;AEREA;NIVEL 1-2;100% OPERADOR;25; 330,9400 ; 64,7000 ; 55,9500 ; 277,5900 ; 69,7100 ; 22,9200 ; 821,8100 
3;CEDENAR;NEUC;NEU Energy;2;N/A;N/A;N/A;25; 330,9400 ; 22,1100 ; 55,9500 ; 165,3700 ; 69,7900 ; 22,9200 ; 667,0800 
3;CEDENAR;NEUC;NEU Energy;3;N/A;N/A;N/A;25; 330,9400 ; 15,5500 ; 55,9500 ; 96,7000 ; 52,8500 ; 22,9200 ; 574,9100 
82;CARIBESOL;NEUC;NEU Energy;1;AEREA;NIVEL 1-2;100% USUARIO;25; 340,0500 ; 82,6400 ; 55,9500 ; 104,6300 ; 85,5897 ; 22,9200 ; 691,7797 
82;CARIBESOL;NEUC;NEU Energy;1;AEREA;NIVEL 1-2;50% OPERADOR;25; 340,0500 ; 82,6400 ; 55,9500 ; 115,9900 ; 85,5897 ; 22,9200 ; 703,1397 
82;CARIBESOL;NEUC;NEU Energy;1;AEREA;NIVEL 1-2;100% OPERADOR;25; 340,0500 ; 82,6400 ; 55,9500 ; 127,3400 ; 85,5897 ; 22,9200 ; 714,4897 
82;CARIBESOL;NEUC;NEU Energy;2;N/A;N/A;N/A;25; 340,0500 ; 26,3300 ; 55,9500 ; 85,9200 ; 31,1900 ; 22,9200 ; 562,3600 
82;CARIBESOL;NEUC;NEU Energy;3;N/A;N/A;N/A;25; 340,0500 ; 22,5000 ; 55,9500 ; 63,4500 ; 31,1900 ; 22,9200 ; 536,0600 
83;CARIBEMAR;NEUC;NEU Energy;1;AEREA;NIVEL 1-2;100% USUARIO;25; 340,0500 ; 69,0300 ; 55,9500 ; 159,7000 ; 119,9993 ; 22,9200 ; 767,6493 
83;CARIBEMAR;NEUC;NEU Energy;1;AEREA;NIVEL 1-2;50% OPERADOR;25; 340,0500 ; 69,0300 ; 55,9500 ; 175,6100 ; 119,9993 ; 22,9200 ; 783,5593 
83;CARIBEMAR;NEUC;NEU Energy;1;AEREA;NIVEL 1-2;100% OPERADOR;25; 340,0500 ; 69,0300 ; 55,9500 ; 191,5100 ; 119,9993 ; 22,9200 ; 799,4593 
83;CARIBEMAR;NEUC;NEU Energy;2;N/A;N/A;N/A;25; 340,0500 ; 13,3700 ; 55,9500 ; 125,6500 ; 99,4655 ; 22,9200 ; 657,4055 
83;CARIBEMAR;NEUC;NEU Energy;3;N/A;N/A;N/A;25; 340,0500 ; 10,3400 ; 55,9500 ; 93,2100 ; 35,4400 ; 22,9200 ; 557,9100 
26;ENERTOLIMA;NEUC;NEU Energy;1;AEREA;NIVEL 1-2;100% USUARIO;25; 337,3600 ; 83,4600 ; 55,9500 ; 187,1100 ; 138,0400 ; 22,9200 ; 824,8400 
26;ENERTOLIMA;NEUC;NEU Energy;1;AEREA;NIVEL 1-2;50% OPERADOR;25; 337,3600 ; 83,4600 ; 55,9500 ; 237,5700 ; 138,0400 ; 22,9200 ; 875,3000 
26;ENERTOLIMA;NEUC;NEU Energy;1;AEREA;NIVEL 1-2;100% OPERADOR;25; 337,3600 ; 83,4600 ; 55,9500 ; 288,0300 ; 138,0400 ; 22,9200 ; 925,7600 
26;ENERTOLIMA;NEUC;NEU Energy;2;N/A;N/A;N/A;25; 337,3600 ; 38,0000 ; 55,9500 ; 186,4300 ; 28,0700 ; 22,9200 ; 668,7300 
26;ENERTOLIMA;NEUC;NEU Energy;3;N/A;N/A;N/A;25; 337,3600 ; 28,4800 ; 55,9500 ; 117,2900 ; 28,0700 ; 22,9200 ; 590,0700 
46;EMCARTAGO;NEUC;NEU Energy;1;AEREA;NIVEL 1-2;100% USUARIO;25; 342,6600 ; 69,6500 ; 55,9500 ; 238,9300 ; 29,1700 ; 22,9200 ; 759,2800 
46;EMCARTAGO;NEUC;NEU Energy;1;AEREA;NIVEL 1-2;50% OPERADOR;25; 342,6600 ; 69,6500 ; 55,9500 ; 258,2600 ; 29,1700 ; 22,9200 ; 778,6100 
46;EMCARTAGO;NEUC;NEU Energy;1;AEREA;NIVEL 1-2;100% OPERADOR;25; 342,6600 ; 69,6500 ; 55,9500 ; 277,5900 ; 29,1700 ; 22,9200 ; 797,9400 
46;EMCARTAGO;NEUC;NEU Energy;2;N/A;N/A;N/A;25; 342,6600 ; 25,0000 ; 55,9500 ; 165,3700 ; 29,1700 ; 22,9200 ; 641,0700 
46;EMCARTAGO;NEUC;NEU Energy;3;N/A;N/A;N/A;25; 342,6600 ; 20,9200 ; 55,9500 ; 96,7000 ; 29,1700 ; 22,9200 ; 568,3200 
25;ELECTROMETA;NEUC;NEU Energy;1;AEREA;NIVEL 1-2;100% USUARIO;25; 338,8000 ; 67,5600 ; 55,9500 ; 236,8800 ; 26,7800 ; 22,9200 ; 748,8900 
25;ELECTROMETA;NEUC;NEU Energy;1;AEREA;NIVEL 1-2;50% OPERADOR;25; 338,8000 ; 67,5600 ; 55,9500 ; 254,6700 ; 26,7800 ; 22,9200 ; 766,6800 
25;ELECTROMETA;NEUC;NEU Energy;1;AEREA;NIVEL 1-2;100% OPERADOR;25; 338,8000 ; 67,5600 ; 55,9500 ; 272,4500 ; 26,7800 ; 22,9200 ; 784,4600 
25;ELECTROMETA;NEUC;NEU Energy;2;N/A;N/A;N/A;25; 338,8000 ; 28,6600 ; 55,9500 ; 185,5400 ; 73,7700 ; 22,9200 ; 705,6400 
25;ELECTROMETA;NEUC;NEU Energy;3;N/A;N/A;N/A;25; 338,8000 ; 22,4400 ; 55,9500 ; 89,7600 ; 26,7800 ; 22,9200 ; 556,6500 
23;ELECTROHUILA;NEUC;NEU Energy;1;AEREA;NIVEL 1-2;100% USUARIO;25; 337,7500 ; 72,0000 ; 55,9500 ; 236,6200 ; 50,6296 ; 22,9200 ; 775,8696 
23;ELECTROHUILA;NEUC;NEU Energy;1;AEREA;NIVEL 1-2;50% OPERADOR;25; 337,7500 ; 72,0000 ; 55,9500 ; 262,3300 ; 50,6296 ; 22,9200 ; 801,5796 
23;ELECTROHUILA;NEUC;NEU Energy;1;AEREA;NIVEL 1-2;100% OPERADOR;25; 337,7500 ; 72,0000 ; 55,9500 ; 288,0300 ; 50,6296 ; 22,9200 ; 827,2796 
23;ELECTROHUILA;NEUC;NEU Energy;2;N/A;N/A;N/A;25; 337,7500 ; 29,0300 ; 55,9500 ; 186,4300 ; 63,0661 ; 22,9200 ; 695,1461 
23;ELECTROHUILA;NEUC;NEU Energy;3;N/A;N/A;N/A;25; 337,7500 ; 22,6000 ; 55,9500 ; 117,2900 ; 60,4731 ; 22,9200 ; 616,9831 
75;ENERCA;NEUC;NEU Energy;1;AEREA;NIVEL 1-2;100% USUARIO;25; 342,9200 ; 69,8200 ; 55,9500 ; 198,8200 ; 49,0350 ; 22,9200 ; 739,4650 
75;ENERCA;NEUC;NEU Energy;1;AEREA;NIVEL 1-2;50% OPERADOR;25; 342,9200 ; 69,8200 ; 55,9500 ; 235,6300 ; 49,0350 ; 22,9200 ; 776,2750 
75;ENERCA;NEUC;NEU Energy;1;AEREA;NIVEL 1-2;100% OPERADOR;25; 342,9200 ; 69,8200 ; 55,9500 ; 272,4500 ; 49,0350 ; 22,9200 ; 813,0950 
75;ENERCA;NEUC;NEU Energy;2;N/A;N/A;N/A;25; 342,9200 ; 21,9500 ; 55,9500 ; 185,5400 ; 25,4200 ; 22,9200 ; 654,7000 
75;ENERCA;NEUC;NEU Energy;3;N/A;N/A;N/A;25; 342,9200 ; 17,2100 ; 55,9500 ; 89,7600 ; 25,4200 ; 22,9200 ; 554,1800 
34;EPSA;NEUC;NEU Energy;1;AEREA;NIVEL 1-2;100% USUARIO;25; 338,8400 ; 64,8900 ; 55,9500 ; 208,4100 ; 32,8200 ; 22,9200 ; 723,8300 
34;EPSA;NEUC;NEU Energy;1;AEREA;NIVEL 1-2;50% OPERADOR;25; 338,8400 ; 64,8900 ; 55,9500 ; 243,0000 ; 32,8200 ; 22,9200 ; 758,4200 
34;EPSA;NEUC;NEU Energy;1;AEREA;NIVEL 1-2;100% OPERADOR;25; 338,8400 ; 64,8900 ; 55,9500 ; 277,5900 ; 32,8200 ; 22,9200 ; 793,0100 
34;EPSA;NEUC;NEU Energy;2;N/A;N/A;N/A;25; 338,8400 ; 27,3500 ; 55,9500 ; 165,3700 ; 32,8200 ; 22,9200 ; 643,2500 
34;EPSA;NEUC;NEU Energy;3;N/A;N/A;N/A;25; 338,8400 ; 23,4700 ; 55,9500 ; 96,7000 ; 32,8200 ; 22,9200 ; 570,7000 
29;EBSA;NEUC;NEU Energy;1;AEREA;NIVEL 1-2;100% USUARIO;25; 334,4300 ; 73,0000 ; 55,9500 ; 203,2500 ; 51,2547 ; 22,9200 ; 740,8047 
29;EBSA;NEUC;NEU Energy;1;AEREA;NIVEL 1-2;50% OPERADOR;25; 334,4300 ; 73,0000 ; 55,9500 ; 245,6400 ; 51,2547 ; 22,9200 ; 783,1947 
29;EBSA;NEUC;NEU Energy;1;AEREA;NIVEL 1-2;100% OPERADOR;25; 334,4300 ; 73,0000 ; 55,9500 ; 288,0300 ; 30,0900 ; 22,9200 ; 804,4200 
29;EBSA;NEUC;NEU Energy;2;N/A;N/A;N/A;25; 334,4300 ; 20,9800 ; 55,9500 ; 186,4300 ; 65,0222 ; 22,9200 ; 685,7322 
29;EBSA;NEUC;NEU Energy;3;N/A;N/A;N/A;25; 334,4300 ; 17,9100 ; 55,9500 ; 117,2900 ; 79,1561 ; 22,9200 ; 627,6561 
67;RUITOQUE;RTQC;RUITOQUE;1;AEREA;NIVEL 1-2;100% OPERADOR;25; 285,4538 ; 48,8377 ; 55,9536 ; 315,7034 ; 124,7966 ; 22,9218 ; 853,6669 
67;RUITOQUE;RTQC;RUITOQUE;1;AEREA;NIVEL 1-2;100% USUARIO;25; 285,4538 ; 48,8377 ; 55,9536 ; 269,7609 ; 124,7966 ; 22,9218 ; 807,7244 
67;RUITOQUE;RTQC;RUITOQUE;2;N/A;N/A;N/A;25; 285,4538 ; 11,0377 ; 55,9536 ; 206,0710 ; 124,7966 ; 22,9218 ; 706,2345 
67;RUITOQUE;RTQC;RUITOQUE;3;N/A;N/A;N/A;25; 285,4538 ; 4,0530 ; 55,9536 ; 90,6662 ; 124,7966 ; 22,9218 ; 583,8450 
16;ESSA;RTQC;RUITOQUE;1;AEREA;NIVEL 1-2;100% OPERADOR;25; 285,3280 ; 64,5563 ; 55,9536 ; 315,7034 ; 36,1522 ; 22,9218 ; 780,6153 
16;ESSA;RTQC;RUITOQUE;1;AEREA;NIVEL 1-2;100% USUARIO;25; 285,3280 ; 64,5563 ; 55,9536 ; 228,5672 ; 36,1522 ; 22,9218 ; 693,4791 
16;ESSA;RTQC;RUITOQUE;2;N/A;N/A;N/A;25; 285,3280 ; 24,0253 ; 55,9536 ; 206,0710 ; 36,1522 ; 22,9218 ; 630,4519 
16;ESSA;RTQC;RUITOQUE;3;N/A;N/A;N/A;25; 285,3280 ; 18,3930 ; 55,9536 ; 90,6662 ; 36,1522 ; 22,9218 ; 509,4148 
81;CODENSA-EEC;RTQC;RUITOQUE;1;AEREA;NIVEL 1-2;100% OPERADOR;25; 285,3208 ; 58,4510 ; 55,9536 ; 288,0311 ; 33,3767 ; 22,9218 ; 744,0550 
81;CODENSA-EEC;RTQC;RUITOQUE;1;AEREA;NIVEL 1-2;100% USUARIO;25; 285,3208 ; 58,4510 ; 55,9536 ; 238,3040 ; 33,3767 ; 22,9218 ; 694,3279 
81;CODENSA-EEC;RTQC;RUITOQUE;2;N/A;N/A;N/A;25; 285,3208 ; 20,1083 ; 55,9536 ; 186,4289 ; 33,3767 ; 22,9218 ; 604,1101 
81;CODENSA-EEC;RTQC;RUITOQUE;3;N/A;N/A;N/A;25; 285,3208 ; 19,5359 ; 55,9536 ; 117,2929 ; 33,3767 ; 22,9218 ; 534,4017 
5;CENS;RTQC;RUITOQUE;1;AEREA;NIVEL 1-2;100% OPERADOR;25; 284,9304 ; 60,9708 ; 55,9536 ; 315,7034 ; 80,2587 ; 22,9218 ; 820,7387 
5;CENS;RTQC;RUITOQUE;1;AEREA;NIVEL 1-2;100% USUARIO;25; 284,9304 ; 60,9708 ; 55,9536 ; 263,6247 ; 80,2587 ; 22,9218 ; 768,6600 
5;CENS;RTQC;RUITOQUE;2;N/A;N/A;N/A;25; 284,9304 ; 20,5928 ; 55,9536 ; 206,0710 ; 57,2016 ; 22,9218 ; 647,6712 
5;CENS;RTQC;RUITOQUE;3;N/A;N/A;N/A;25; 284,9304 ; 21,1030 ; 55,9536 ; 90,6662 ; 31,9754 ; 22,9218 ; 507,5504 
83;CARIBEMAR;RTQC;RUITOQUE;1;AEREA;NIVEL 1-2;100% OPERADOR;25; 285,0956 ; 59,0517 ; 55,9536 ; 177,4803 ; 131,5013 ; 22,9218 ; 732,0043 
83;CARIBEMAR;RTQC;RUITOQUE;1;AEREA;NIVEL 1-2;100% USUARIO;25; 285,0956 ; 59,0517 ; 55,9536 ; 147,5959 ; 131,5013 ; 22,9218 ; 702,1199 
83;CARIBEMAR;RTQC;RUITOQUE;2;N/A;N/A;N/A;25; 285,0956 ; 11,1453 ; 55,9536 ; 123,1534 ; 110,9675 ; 22,9218 ; 609,2372 
83;CARIBEMAR;RTQC;RUITOQUE;3;N/A;N/A;N/A;25; 285,0956 ; 8,5378 ; 55,9536 ; 92,7612 ; 46,9420 ; 22,9218 ; 512,2120 
25;ELECTROMETA;RTQC;RUITOQUE;1;AEREA;NIVEL 1-2;100% OPERADOR;25; 284,9529 ; 58,7041 ; 55,9536 ; 272,4521 ; 27,5329 ; 22,9218 ; 722,5174 
25;ELECTROMETA;RTQC;RUITOQUE;1;AEREA;NIVEL 1-2;100% USUARIO;25; 284,9529 ; 58,7041 ; 55,9536 ; 236,8792 ; 27,5329 ; 22,9218 ; 686,9445 
25;ELECTROMETA;RTQC;RUITOQUE;2;N/A;N/A;N/A;25; 284,9529 ; 25,1338 ; 55,9536 ; 185,5445 ; 27,5329 ; 22,9218 ; 602,0395 
25;ELECTROMETA;RTQC;RUITOQUE;3;N/A;N/A;N/A;25; 284,9529 ; 19,7581 ; 55,9536 ; 89,7601 ; 27,5329 ; 22,9218 ; 500,8794 
36;EDEQ;RTQC;RUITOQUE;1;AEREA;NIVEL 1-2;100% OPERADOR;25; 285,1752 ; 56,2975 ; 55,9536 ; 315,7034 ; 117,8644 ; 22,9218 ; 853,9159 
36;EDEQ;RTQC;RUITOQUE;1;AEREA;NIVEL 1-2;100% USUARIO;25; 285,1752 ; 56,2975 ; 55,9536 ; 264,7957 ; 117,8644 ; 22,9218 ; 803,0082 
36;EDEQ;RTQC;RUITOQUE;2;N/A;N/A;N/A;25; 285,1752 ; 24,3000 ; 55,9536 ; 206,0710 ; 37,6893 ; 22,9218 ; 632,1109 
36;EDEQ;RTQC;RUITOQUE;3;N/A;N/A;N/A;25; 285,1752 ; 18,6864 ; 55,9536 ; 90,6662 ; 74,2371 ; 22,9218 ; 547,6403 
82;CARIBESOL;RTQC;RUITOQUE;1;AEREA;NIVEL 1-2;100% OPERADOR;25; 285,0956 ; 71,3237 ; 55,9536 ; 127,3434 ; 102,6212 ; 22,9218 ; 665,2593 
82;CARIBESOL;RTQC;RUITOQUE;1;AEREA;NIVEL 1-2;100% USUARIO;25; 285,0956 ; 71,3237 ; 55,9536 ; 104,6297 ; 102,6212 ; 22,9218 ; 642,5456 
82;CARIBESOL;RTQC;RUITOQUE;2;N/A;N/A;N/A;25; 285,0956 ; 22,8592 ; 55,9536 ; 85,9238 ; 44,7780 ; 22,9218 ; 517,5320 
82;CARIBESOL;RTQC;RUITOQUE;3;N/A;N/A;N/A;25; 285,0956 ; 19,5680 ; 55,9536 ; 63,4522 ; 44,7780 ; 22,9218 ; 491,7692 
75;ENERCA;RTQC;RUITOQUE;1;AEREA;NIVEL 1-2;100% OPERADOR;25; 284,4529 ; 54,0800 ; 55,9536 ; 272,4521 ; 52,8182 ; 22,9218 ; 742,6786 
75;ENERCA;RTQC;RUITOQUE;1;AEREA;NIVEL 1-2;100% USUARIO;25; 284,4529 ; 54,0800 ; 55,9536 ; 198,8177 ; 52,8182 ; 22,9218 ; 669,0442 
75;ENERCA;RTQC;RUITOQUE;2;N/A;N/A;N/A;25; 284,4529 ; 13,2512 ; 55,9536 ; 185,5445 ; 29,2032 ; 22,9218 ; 591,3272 
75;ENERCA;RTQC;RUITOQUE;3;N/A;N/A;N/A;25; 284,4529 ; 9,2123 ; 55,9536 ; 89,7601 ; 29,2032 ; 22,9218 ; 491,5039 
23;ELECTROHUILA;RTQC;RUITOQUE;1;AEREA;NIVEL 1-2;100% OPERADOR;25; 284,8331 ; 63,5111 ; 55,9536 ; 277,5855 ; 48,7528 ; 22,9218 ; 753,5579 
23;ELECTROHUILA;RTQC;RUITOQUE;1;AEREA;NIVEL 1-2;100% USUARIO;25; 284,8331 ; 63,5111 ; 55,9536 ; 226,1787 ; 48,7528 ; 22,9218 ; 702,1511 
23;ELECTROHUILA;RTQC;RUITOQUE;2;N/A;N/A;N/A;25; 284,8331 ; 26,2025 ; 55,9536 ; 165,3711 ; 61,1893 ; 22,9218 ; 616,4714 
23;ELECTROHUILA;RTQC;RUITOQUE;3;N/A;N/A;N/A;25; 284,8331 ; 20,7392 ; 55,9536 ; 96,6989 ; 58,5963 ; 22,9218 ; 539,7429 
74;EPM-EADE;RTQC;RUITOQUE;1;AEREA;NIVEL 1-2;100% OPERADOR;25; 285,2329 ; 60,6738 ; 55,9536 ; 315,7034 ; 73,8990 ; 22,9218 ; 814,3845 
74;EPM-EADE;RTQC;RUITOQUE;1;AEREA;NIVEL 1-2;100% USUARIO;25; 285,2329 ; 60,6738 ; 55,9536 ; 252,0488 ; 73,8990 ; 22,9218 ; 750,7299 
74;EPM-EADE;RTQC;RUITOQUE;2;N/A;N/A;N/A;25; 285,2329 ; 18,8756 ; 55,9536 ; 206,0710 ; 49,9590 ; 22,9218 ; 639,0139 
74;EPM-EADE;RTQC;RUITOQUE;3;N/A;N/A;N/A;25; 285,2329 ; 16,7024 ; 55,9536 ; 90,6662 ; 57,3290 ; 22,9218 ; 528,8059 
32;EEP;ENBC;ENERBIT;1;AEREA;NIVEL 1-2;100% USUARIO;25; 334,4100 ; 60,7200 ; 55,9536 ; 271,7100 ; 41,7600 ; 30,5000 ; 795,0536 
32;EEP;ENBC;ENERBIT;1;AEREA;NIVEL 1-2;50% OPERADOR;25; 334,4100 ; 60,7200 ; 55,9536 ; 293,7100 ; 41,7600 ; 30,5000 ; 817,0536 
32;EEP;ENBC;ENERBIT;1;AEREA;NIVEL 1-2;100% OPERADOR;25; 334,4100 ; 60,7200 ; 55,9536 ; 315,7000 ; 41,7600 ; 30,5000 ; 839,0436 
32;EEP;ENBC;ENERBIT;2;N/A;N/A;N/A;25; 334,4100 ; 25,0100 ; 55,9536 ; 206,0700 ; 41,7600 ; 30,5000 ; 693,7036 
32;EEP;ENBC;ENERBIT;3;N/A;N/A;N/A;25; 334,4100 ; 21,8300 ; 55,9536 ; 90,6700 ; 41,7600 ; 30,5000 ; 575,1236 
83;CARIBEMAR;ENBC;ENERBIT;1;AEREA;NIVEL 1-2;100% USUARIO;25; 281,0300 ; 57,8400 ; 55,9536 ; 147,6000 ; 138,5200 ; 30,5000 ; 711,4436 
83;CARIBEMAR;ENBC;ENERBIT;1;AEREA;NIVEL 1-2;50% OPERADOR;25; 281,0300 ; 57,8400 ; 55,9536 ; 162,5400 ; 138,5200 ; 30,5000 ; 726,3836 
83;CARIBEMAR;ENBC;ENERBIT;1;AEREA;NIVEL 1-2;100% OPERADOR;25; 281,0300 ; 57,8400 ; 55,9536 ; 177,4800 ; 138,5200 ; 30,5000 ; 741,3236 
83;CARIBEMAR;ENBC;ENERBIT;2;N/A;N/A;N/A;25; 281,0300 ; 10,5900 ; 55,9536 ; 123,1500 ; 117,9900 ; 30,5000 ; 619,2136 
83;CARIBEMAR;ENBC;ENERBIT;3;N/A;N/A;N/A;25; 281,0300 ; 8,0200 ; 55,9536 ; 92,7600 ; 53,9600 ; 30,5000 ; 522,2236 
34;EPSA;ENBC;ENERBIT;1;AEREA;NIVEL 1-2;100% USUARIO;25; 338,6700 ; 64,4300 ; 55,9536 ; 208,4100 ; 45,5200 ; 30,5000 ; 743,4836 
34;EPSA;ENBC;ENERBIT;1;AEREA;NIVEL 1-2;50% OPERADOR;25; 338,6700 ; 64,4300 ; 55,9536 ; 243,0000 ; 45,5200 ; 30,5000 ; 778,0736 
34;EPSA;ENBC;ENERBIT;1;AEREA;NIVEL 1-2;100% OPERADOR;25; 338,6700 ; 64,4300 ; 55,9536 ; 277,5900 ; 45,5200 ; 30,5000 ; 812,6636 
34;EPSA;ENBC;ENERBIT;2;N/A;N/A;N/A;25; 338,6700 ; 26,9800 ; 55,9536 ; 165,3700 ; 45,5200 ; 30,5000 ; 662,9936 
34;EPSA;ENBC;ENERBIT;3;N/A;N/A;N/A;25; 338,6700 ; 23,1000 ; 55,9536 ; 96,7000 ; 45,5200 ; 30,5000 ; 590,4436 
74;EPM-EADE;ENBC;ENERBIT;1;AEREA;NIVEL 1-2;100% USUARIO;25; 266,2300 ; 57,1800 ; 55,9536 ; 252,0500 ; 76,7800 ; 30,5000 ; 738,6936 
74;EPM-EADE;ENBC;ENERBIT;1;AEREA;NIVEL 1-2;50% OPERADOR;25; 266,2300 ; 57,1800 ; 55,9536 ; 283,8800 ; 76,7800 ; 30,5000 ; 770,5236 
74;EPM-EADE;ENBC;ENERBIT;1;AEREA;NIVEL 1-2;100% OPERADOR;25; 266,2300 ; 57,1800 ; 55,9536 ; 315,7000 ; 76,7800 ; 30,5000 ; 802,3436 
74;EPM-EADE;ENBC;ENERBIT;2;N/A;N/A;N/A;25; 266,2300 ; 17,7900 ; 55,9536 ; 206,0700 ; 52,8400 ; 30,5000 ; 629,3836 
74;EPM-EADE;ENBC;ENERBIT;3;N/A;N/A;N/A;25; 266,2300 ; 15,7400 ; 55,9536 ; 90,6700 ; 60,2100 ; 30,5000 ; 519,3036 
81;CODENSA-EEC;EXEC;ENEL X;1;AEREA;NIVEL 1-2;100% USUARIO;25; 348,6444 ; 68,6382 ; 55,9536 ; 238,3040 ; 29,8966 ; 23,4448 ; 764,8816 
81;CODENSA-EEC;EXEC;ENEL X;1;AEREA;NIVEL 1-2;50% OPERADOR;25; 348,6444 ; 68,6382 ; 55,9536 ; 263,1675 ; 29,8966 ; 23,4448 ; 789,7451 
81;CODENSA-EEC;EXEC;ENEL X;1;AEREA;NIVEL 1-2;100% OPERADOR;25; 348,6444 ; 68,6382 ; 55,9536 ; 288,0311 ; 29,8966 ; 23,4448 ; 814,6087 
81;CODENSA-EEC;EXEC;ENEL X;2;N/A;N/A;N/A;25; 348,6444 ; 23,1536 ; 55,9536 ; 186,4289 ; 29,8966 ; 23,4448 ; 667,5219 
81;CODENSA-EEC;EXEC;ENEL X;3;N/A;N/A;N/A;25; 348,6444 ; 22,4746 ; 55,9536 ; 117,2929 ; 29,8966 ; 23,4448 ; 597,7069 
83;CARIBEMAR;EXEC;ENEL X;1;AEREA;NIVEL 1-2;100% USUARIO;25; 345,7993 ; 71,2793 ; 55,9536 ; 147,5959 ; 116,2643 ; 23,4448 ; 760,3372 
83;CARIBEMAR;EXEC;ENEL X;1;AEREA;NIVEL 1-2;50% OPERADOR;25; 345,7993 ; 71,2793 ; 55,9536 ; 162,5381 ; 116,2643 ; 23,4448 ; 775,2794 
83;CARIBEMAR;EXEC;ENEL X;1;AEREA;NIVEL 1-2;100% OPERADOR;25; 345,7993 ; 71,2793 ; 55,9536 ; 177,4803 ; 116,2643 ; 23,4448 ; 790,2216 
83;CARIBEMAR;EXEC;ENEL X;2;N/A;N/A;N/A;25; 345,7993 ; 14,8127 ; 55,9536 ; 123,1534 ; 95,7305 ; 23,4448 ; 658,8943 
83;CARIBEMAR;EXEC;ENEL X;3;N/A;N/A;N/A;25; 345,7993 ; 11,7394 ; 55,9536 ; 92,7612 ; 31,7050 ; 23,4448 ; 561,4033 
74;EPM-EADE;EXEC;ENEL X;1;AEREA;NIVEL 1-2;100% USUARIO;25; 451,7397 ; 88,2032 ; 55,9536 ; 252,0488 ; 78,9316 ; 23,4448 ; 950,3217 
74;EPM-EADE;EXEC;ENEL X;1;AEREA;NIVEL 1-2;50% OPERADOR;25; 451,7397 ; 88,2032 ; 55,9536 ; 283,8761 ; 78,9316 ; 23,4448 ; 982,1490 
74;EPM-EADE;EXEC;ENEL X;1;AEREA;NIVEL 1-2;100% OPERADOR;25; 451,7397 ; 88,2032 ; 55,9536 ; 315,7034 ; 78,9316 ; 23,4448 ; 1.013,9763 
74;EPM-EADE;EXEC;ENEL X;3;N/A;N/A;N/A;25; 451,7397 ; 22,6781 ; 55,9536 ; 90,6662 ; 62,3616 ; 23,4448 ; 706,8440 
74;EPM-EADE;EXEC;ENEL X;2;N/A;N/A;N/A;25; 451,7397 ; 25,9164 ; 55,9536 ; 206,0710 ; 54,9916 ; 23,4448 ; 818,1171 
81;CODENSA-EEC;BIAC;BIA;1;AEREA;NIVEL 1-2;100% USUARIO;25; 309,7400 ; 62,3600 ; 55,9500 ; 238,3000 ; 28,0800 ; 23,6100 ; 718,0600 
81;CODENSA-EEC;BIAC;BIA;1;AEREA;NIVEL 1-2;50% OPERADOR;25; 309,7400 ; 62,3600 ; 55,9500 ; 263,1700 ; 28,0800 ; 23,6100 ; 742,9200 
81;CODENSA-EEC;BIAC;BIA;1;AEREA;NIVEL 1-2;100% OPERADOR;25; 309,7400 ; 62,3600 ; 55,9500 ; 288,0300 ; 28,0800 ; 23,6100 ; 767,7800 
81;CODENSA-EEC;BIAC;BIA;2;N/A;N/A;N/A;25; 309,7400 ; 21,2700 ; 55,9500 ; 186,4300 ; 28,0800 ; 23,6100 ; 625,0900 
45;EMCALI;BIAC;BIA;1;AEREA;NIVEL 1-2;100% USUARIO;25; 309,1800 ; 51,3800 ; 55,9500 ; 242,4500 ; 26,3600 ; 23,6100 ; 708,9400 
45;EMCALI;BIAC;BIA;1;AEREA;NIVEL 1-2;50% OPERADOR;25; 309,1800 ; 51,3800 ; 55,9500 ; 260,0200 ; 26,3600 ; 23,6100 ; 726,5100 
45;EMCALI;BIAC;BIA;1;AEREA;NIVEL 1-2;100% OPERADOR;25; 309,1800 ; 51,3800 ; 55,9500 ; 277,5900 ; 26,3600 ; 23,6100 ; 744,0700 
45;EMCALI;BIAC;BIA;2;N/A;N/A;N/A;25; 309,1800 ; 23,6900 ; 55,9500 ; 165,3700 ; 26,3600 ; 23,6100 ; 604,1700 
82;CARIBESOL;BIAC;BIA;1;AEREA;NIVEL 1-2;100% USUARIO;25; 307,8800 ; 75,9800 ; 55,9500 ; 104,6300 ; 81,0800 ; 23,6100 ; 649,1400 
82;CARIBESOL;BIAC;BIA;1;AEREA;NIVEL 1-2;50% OPERADOR;25; 307,8800 ; 75,9800 ; 55,9500 ; 115,9900 ; 81,0800 ; 23,6100 ; 660,5000 
82;CARIBESOL;BIAC;BIA;1;AEREA;NIVEL 1-2;100% OPERADOR;25; 307,8800 ; 75,9800 ; 55,9500 ; 127,3400 ; 81,0800 ; 23,6100 ; 671,8500 
82;CARIBESOL;BIAC;BIA;2;N/A;N/A;N/A;25; 307,8800 ; 24,2700 ; 55,9500 ; 85,9200 ; 23,2400 ; 23,6100 ; 520,8800 
83;CARIBEMAR;BIAC;BIA;1;AEREA;NIVEL 1-2;100% USUARIO;25; 307,8800 ; 63,6200 ; 55,9500 ; 147,6000 ; 110,7500 ; 23,6100 ; 709,4200 
83;CARIBEMAR;BIAC;BIA;1;AEREA;NIVEL 1-2;50% OPERADOR;25; 307,8800 ; 63,6200 ; 55,9500 ; 162,5400 ; 110,7500 ; 23,6100 ; 724,3600 
83;CARIBEMAR;BIAC;BIA;1;AEREA;NIVEL 1-2;100% OPERADOR;25; 307,8800 ; 63,6200 ; 55,9500 ; 177,4800 ; 110,7500 ; 23,6100 ; 739,3100 
83;CARIBEMAR;BIAC;BIA;2;N/A;N/A;N/A;25; 307,8800 ; 12,5100 ; 55,9500 ; 123,1500 ; 90,2200 ; 23,6100 ; 613,3300 
74;EPM-EADE;BIAC;BIA;1;AEREA;NIVEL 1-2;100% USUARIO;25; 309,0100 ; 64,5800 ; 55,9500 ; 252,0500 ; 71,5100 ; 23,6100 ; 776,7200 
74;EPM-EADE;BIAC;BIA;1;AEREA;NIVEL 1-2;50% OPERADOR;25; 309,0100 ; 64,5800 ; 55,9500 ; 283,8800 ; 71,5100 ; 23,6100 ; 808,5500 
74;EPM-EADE;BIAC;BIA;1;AEREA;NIVEL 1-2;100% OPERADOR;25; 309,0100 ; 64,5800 ; 55,9500 ; 315,7000 ; 71,5100 ; 23,6100 ; 840,3700 
74;EPM-EADE;BIAC;BIA;2;N/A;N/A;N/A;25; 309,0100 ; 19,8600 ; 55,9500 ; 206,0700 ; 47,5700 ; 23,6100 ; 662,0800 
10;CETSA;ENBC;ENERBIT;1;AEREA;NIVEL 1-2;100% USUARIO;25; 265,7100 ; 50,5000 ; 55,9536 ; 223,9700 ; 32,0200 ; 30,5000 ; 658,6536 
10;CETSA;ENBC;ENERBIT;1;AEREA;NIVEL 1-2;50% OPERADOR;25; 265,7100 ; 50,5000 ; 55,9536 ; 250,7800 ; 32,0200 ; 30,5000 ; 685,4636 
10;CETSA;ENBC;ENERBIT;1;AEREA;NIVEL 1-2;100% OPERADOR;25; 265,7100 ; 50,5000 ; 55,9536 ; 277,5900 ; 32,0200 ; 30,5000 ; 712,2736 
10;CETSA;ENBC;ENERBIT;2;N/A;N/A;N/A;25; 265,7100 ; 21,6400 ; 55,9536 ; 165,3700 ; 103,6400 ; 30,5000 ; 642,8136 
10;CETSA;ENBC;ENERBIT;3;N/A;N/A;N/A;25; 265,7100 ; 16,7300 ; 55,9536 ; 96,7000 ; 100,9100 ; 30,5000 ; 566,5036 
81;CODENSA-EEC;ENBC;ENERBIT;1;AEREA;NIVEL 1-2;100% USUARIO;25; 334,9600 ; 66,0400 ; 55,9536 ; 238,3000 ; 93,2200 ; 30,5000 ; 818,9736 
81;CODENSA-EEC;ENBC;ENERBIT;1;AEREA;NIVEL 1-2;50% OPERADOR;25; 334,9600 ; 66,0400 ; 55,9536 ; 263,1700 ; 93,2200 ; 30,5000 ; 843,8436 
81;CODENSA-EEC;ENBC;ENERBIT;1;AEREA;NIVEL 1-2;100% OPERADOR;25; 334,9600 ; 66,0400 ; 55,9536 ; 288,0300 ; 93,2200 ; 30,5000 ; 868,7036 
81;CODENSA-EEC;ENBC;ENERBIT;2;N/A;N/A;N/A;25; 334,9600 ; 22,1700 ; 55,9536 ; 186,4300 ; 93,2200 ; 30,5000 ; 723,2336 
81;CODENSA-EEC;ENBC;ENERBIT;3;N/A;N/A;N/A;25; 334,9600 ; 21,5100 ; 55,9536 ; 117,2900 ; 93,2200 ; 30,5000 ; 653,4336 
10;CETSA;NEUC;NEU Energy;1;AEREA;NIVEL 1-2;100% USUARIO;25; 341,7700 ; 62,2700 ; 55,9500 ; 223,9700 ; 31,5500 ; 22,9200 ; 738,4300 
10;CETSA;NEUC;NEU Energy;1;AEREA;NIVEL 1-2;50% OPERADOR;25; 341,7700 ; 62,2700 ; 55,9500 ; 250,7800 ; 31,5500 ; 22,9200 ; 765,2400 
10;CETSA;NEUC;NEU Energy;1;AEREA;NIVEL 1-2;100% OPERADOR;25; 341,7700 ; 62,2700 ; 55,9500 ; 277,5900 ; 31,5500 ; 22,9200 ; 792,0500 
10;CETSA;NEUC;NEU Energy;2;N/A;N/A;N/A;25; 341,7700 ; 26,4900 ; 55,9500 ; 165,3700 ; 103,1700 ; 22,9200 ; 715,6700 
10;CETSA;NEUC;NEU Energy;3;N/A;N/A;N/A;25; 341,7700 ; 20,3900 ; 55,9500 ; 96,7000 ; 100,4400 ; 22,9200 ; 638,1700 
4;CEDELCA;NEUC;NEU Energy;1;AEREA;NIVEL 1-2;100% USUARIO;25; 335,8500 ; 72,2500 ; 55,9500 ; 185,7300 ; 32,7800 ; 22,9200 ; 705,4800 
4;CEDELCA;NEUC;NEU Energy;1;AEREA;NIVEL 1-2;50% OPERADOR;25; 335,8500 ; 72,2500 ; 55,9500 ; 231,6600 ; 32,7800 ; 22,9200 ; 751,4100 
4;CEDELCA;NEUC;NEU Energy;1;AEREA;NIVEL 1-2;100% OPERADOR;25; 335,8500 ; 72,2500 ; 55,9500 ; 277,5900 ; 32,7800 ; 22,9200 ; 797,3400 
4;CEDELCA;NEUC;NEU Energy;2;N/A;N/A;N/A;25; 335,8500 ; 28,6600 ; 55,9500 ; 165,3700 ; 32,7800 ; 22,9200 ; 641,5300 
4;CEDELCA;NEUC;NEU Energy;3;N/A;N/A;N/A;25; 335,8500 ; 24,2600 ; 55,9500 ; 96,7000 ; 32,7800 ; 22,9200 ; 568,4600 
45;EMCALI;EXEC;ENEL X;1;AEREA;NIVEL 1-2;100% OPERADOR;25; 347,7942 ; 56,4181 ; 55,9536 ; 277,5855 ; 29,8227 ; 23,4448 ; 791,0189 
45;EMCALI;EXEC;ENEL X;1;AEREA;NIVEL 1-2;100% USUARIO;25; 347,7942 ; 56,4181 ; 55,9536 ; 242,4482 ; 29,8227 ; 23,4448 ; 755,8816 
45;EMCALI;EXEC;ENEL X;2;N/A;N/A;N/A;25; 347,7942 ; 25,7902 ; 55,9536 ; 165,3711 ; 29,8227 ; 23,4448 ; 648,1766 
45;EMCALI;EXEC;ENEL X;3;N/A;N/A;N/A;25; 347,7942 ; 24,0625 ; 55,9536 ; 96,6989 ; 29,8227 ; 23,4448 ; 577,7767 
82;CARIBESOL;EXEC;ENEL X;1;AEREA;NIVEL 1-2;100% OPERADOR;25; 345,8032 ; 83,7809 ; 55,9536 ; 127,3434 ; 84,1205 ; 23,4448 ; 720,4464 
82;CARIBESOL;EXEC;ENEL X;1;AEREA;NIVEL 1-2;50% OPERADOR;25; 345,8032 ; 83,7809 ; 55,9536 ; 115,9866 ; 84,1205 ; 23,4448 ; 709,0896 
82;CARIBESOL;EXEC;ENEL X;1;AEREA;NIVEL 1-2;100% USUARIO;25; 345,8032 ; 83,7809 ; 55,9536 ; 104,6297 ; 84,1205 ; 23,4448 ; 697,7327 
82;CARIBESOL;EXEC;ENEL X;2;N/A;N/A;N/A;25; 345,8032 ; 26,6558 ; 55,9536 ; 85,9238 ; 26,2773 ; 23,4448 ; 564,0585 
82;CARIBESOL;EXEC;ENEL X;3;N/A;N/A;N/A;25; 345,8032 ; 22,7767 ; 55,9536 ; 63,4522 ; 26,2773 ; 23,4448 ; 537,7078 
16;ESSA;EXEC;ENEL X;1;AEREA;NIVEL 1-2;100% OPERADOR;25; 345,7298 ; 75,4356 ; 55,9536 ; 315,7034 ; 32,2944 ; 23,4448 ; 848,5616 
16;ESSA;EXEC;ENEL X;1;AEREA;NIVEL 1-2;50% OPERADOR;25; 345,7298 ; 75,4356 ; 55,9536 ; 272,1353 ; 32,2944 ; 23,4448 ; 804,9935 
16;ESSA;EXEC;ENEL X;1;AEREA;NIVEL 1-2;100% USUARIO;25; 345,7298 ; 75,4356 ; 55,9536 ; 228,5672 ; 32,2944 ; 23,4448 ; 761,4254 
16;ESSA;EXEC;ENEL X;2;N/A;N/A;N/A;25; 345,7298 ; 27,7036 ; 55,9536 ; 206,0710 ; 32,2944 ; 23,4448 ; 691,1972 
16;ESSA;EXEC;ENEL X;3;N/A;N/A;N/A;25; 345,7298 ; 21,0708 ; 55,9536 ; 90,6662 ; 32,2944 ; 23,4448 ; 569,1596 
75;ENERCA;EXEC;ENEL X;1;AEREA;NIVEL 1-2;100% OPERADOR;25; 337,4475 ; 62,8875 ; 55,9536 ; 272,4521 ; 50,9259 ; 23,4448 ; 803,1114 
75;ENERCA;EXEC;ENEL X;1;AEREA;NIVEL 1-2;100% USUARIO;25; 337,4475 ; 62,8875 ; 55,9536 ; 198,8177 ; 50,9259 ; 23,4448 ; 729,4770 
75;ENERCA;EXEC;ENEL X;2;N/A;N/A;N/A;25; 337,4475 ; 15,6791 ; 55,9536 ; 185,5445 ; 27,3109 ; 23,4448 ; 645,3804 
75;ENERCA;EXEC;ENEL X;3;N/A;N/A;N/A;25; 337,4475 ; 11,0093 ; 55,9536 ; 89,7601 ; 27,3109 ; 23,4448 ; 544,9262 
2;CHEC;EXEC;ENEL X;1;AEREA;NIVEL 1-2;100% OPERADOR;25; 340,8425 ; 65,2745 ; 55,9536 ; 315,7034 ; 108,5626 ; 23,4448 ; 909,7814 
2;CHEC;EXEC;ENEL X;1;AEREA;NIVEL 1-2;50% OPERADOR;25; 340,8425 ; 65,2745 ; 55,9536 ; 278,4063 ; 108,5626 ; 23,4448 ; 872,4843 
2;CHEC;EXEC;ENEL X;1;AEREA;NIVEL 1-2;100% USUARIO;25; 340,8425 ; 65,2745 ; 55,9536 ; 241,1091 ; 108,5626 ; 23,4448 ; 835,1871 
2;CHEC;EXEC;ENEL X;2;N/A;N/A;N/A;25; 340,8425 ; 29,6855 ; 55,9536 ; 206,0710 ; 40,1128 ; 23,4448 ; 696,1102 
2;CHEC;EXEC;ENEL X;3;N/A;N/A;N/A;25; 340,8425 ; 22,0040 ; 55,9536 ; 90,6662 ; 40,1128 ; 23,4448 ; 573,0239 
45;EMCALI;ENBC;ENERBIT;1;AEREA;NIVEL 1-2;100% USUARIO;25; 335,6500 ; 54,4600 ; 55,9536 ; 242,4500 ; 40,6000 ; 30,5000 ; 759,6136 
45;EMCALI;ENBC;ENERBIT;1;AEREA;NIVEL 1-2;50% OPERADOR;25; 335,6500 ; 54,4600 ; 55,9536 ; 260,0200 ; 40,6000 ; 30,5000 ; 777,1836 
45;EMCALI;ENBC;ENERBIT;1;AEREA;NIVEL 1-2;100% OPERADOR;25; 335,6500 ; 54,4600 ; 55,9536 ; 277,5900 ; 40,6000 ; 30,5000 ; 794,7536 
45;EMCALI;ENBC;ENERBIT;2;N/A;N/A;N/A;25; 335,6500 ; 24,8000 ; 55,9536 ; 165,3700 ; 40,6000 ; 30,5000 ; 652,8736 
45;EMCALI;ENBC;ENERBIT;3;N/A;N/A;N/A;25; 335,6500 ; 23,1300 ; 55,9536 ; 96,7000 ; 40,6000 ; 30,5000 ; 582,5336 
5;CENS;EXEC;ENEL X;1;AEREA;NIVEL 1-2;100% OPERADOR;25; 446,7711 ; 88,6181 ; 55,9536 ; 315,7034 ; 83,0050 ; 23,4448 ; 1.013,4960 
5;CENS;EXEC;ENEL X;1;AEREA;NIVEL 1-2;50% OPERADOR;25; 446,7711 ; 88,6181 ; 55,9536 ; 289,6640 ; 83,0050 ; 23,4448 ; 987,4566 
5;CENS;EXEC;ENEL X;1;AEREA;NIVEL 1-2;100% USUARIO;25; 446,7711 ; 88,6181 ; 55,9536 ; 263,6247 ; 83,0050 ; 23,4448 ; 961,4173 
5;CENS;EXEC;ENEL X;2;N/A;N/A;N/A;25; 446,7711 ; 28,9846 ; 55,9536 ; 206,0710 ; 59,9479 ; 23,4448 ; 821,1730 
5;CENS;EXEC;ENEL X;3;N/A;N/A;N/A;25; 446,7711 ; 29,7381 ; 55,9536 ; 90,6662 ; 34,7217 ; 23,4448 ; 681,2955 
25;ELECTROMETA;EXEC;ENEL X;1;AEREA;NIVEL 1-2;100% OPERADOR;25; 343,9792 ; 68,3713 ; 55,9536 ; 272,4521 ; 30,4514 ; 23,4448 ; 794,6524 
25;ELECTROMETA;EXEC;ENEL X;1;AEREA;NIVEL 1-2;50% OPERADOR;25; 343,9792 ; 68,3713 ; 55,9536 ; 254,6656 ; 30,4514 ; 23,4448 ; 776,8659 
25;ELECTROMETA;EXEC;ENEL X;1;AEREA;NIVEL 1-2;100% USUARIO;25; 343,9792 ; 68,3713 ; 55,9536 ; 236,8792 ; 30,4514 ; 23,4448 ; 759,0795 
25;ELECTROMETA;EXEC;ENEL X;2;N/A;N/A;N/A;25; 343,9792 ; 28,9663 ; 55,9536 ; 185,5445 ; 77,4464 ; 23,4448 ; 715,3348 
25;ELECTROMETA;EXEC;ENEL X;3;N/A;N/A;N/A;25; 343,9792 ; 22,6564 ; 55,9536 ; 89,7601 ; 30,4514 ; 23,4448 ; 566,2455 
36;EDEQ;EXEC;ENEL X;1;AEREA;NIVEL 1-2;100% OPERADOR;25; 346,8059 ; 65,6524 ; 55,9536 ; 315,7034 ; 128,9060 ; 23,4448 ; 936,4661 
36;EDEQ;EXEC;ENEL X;1;AEREA;NIVEL 1-2;50% OPERADOR;25; 346,8059 ; 65,6524 ; 55,9536 ; 290,2495 ; 128,9060 ; 23,4448 ; 911,0122 
36;EDEQ;EXEC;ENEL X;1;AEREA;NIVEL 1-2;100% USUARIO;25; 346,8059 ; 65,6524 ; 55,9536 ; 264,7957 ; 128,9060 ; 23,4448 ; 885,5584 
36;EDEQ;EXEC;ENEL X;2;N/A;N/A;N/A;25; 346,8059 ; 27,8520 ; 55,9536 ; 206,0710 ; 48,7309 ; 23,4448 ; 708,8582 
36;EDEQ;EXEC;ENEL X;3;N/A;N/A;N/A;25; 346,8059 ; 21,2204 ; 55,9536 ; 90,6662 ; 85,2787 ; 23,4448 ; 623,3696 
3;CEDENAR;EXEC;ENEL X;1;AEREA;NIVEL 1-2;100% OPERADOR;25; 332,6570 ; 64,9392 ; 55,9536 ; 277,5855 ; 71,7467 ; 23,4448 ; 826,3268 
3;CEDENAR;EXEC;ENEL X;1;AEREA;NIVEL 1-2;50% OPERADOR;25; 332,6570 ; 64,9392 ; 55,9536 ; 249,4449 ; 71,7467 ; 23,4448 ; 798,1862 
3;CEDENAR;EXEC;ENEL X;1;AEREA;NIVEL 1-2;100% USUARIO;25; 332,6570 ; 64,9392 ; 55,9536 ; 221,3042 ; 71,7467 ; 23,4448 ; 770,0455 
3;CEDENAR;EXEC;ENEL X;2;N/A;N/A;N/A;25; 332,6570 ; 22,1649 ; 55,9536 ; 165,3711 ; 71,8267 ; 23,4448 ; 671,4181 
3;CEDENAR;EXEC;ENEL X;3;N/A;N/A;N/A;25; 332,6570 ; 15,5831 ; 55,9536 ; 96,6989 ; 54,8867 ; 23,4448 ; 579,2241 
32;EEP;EXEC;ENEL X;1;AEREA;NIVEL 1-2;100% OPERADOR;25; 349,3251 ; 63,1952 ; 55,9536 ; 315,7034 ; 27,8776 ; 23,4448 ; 835,4997 
32;EEP;EXEC;ENEL X;1;AEREA;NIVEL 1-2;50% OPERADOR;25; 349,3251 ; 63,1952 ; 55,9536 ; 293,7079 ; 27,8776 ; 23,4448 ; 813,5042 
32;EEP;EXEC;ENEL X;1;AEREA;NIVEL 1-2;100% USUARIO;25; 349,3251 ; 63,1952 ; 55,9536 ; 271,7123 ; 27,8776 ; 23,4448 ; 791,5086 
32;EEP;EXEC;ENEL X;2;N/A;N/A;N/A;25; 349,3251 ; 26,0552 ; 55,9536 ; 206,0710 ; 27,8776 ; 23,4448 ; 688,7273 
32;EEP;EXEC;ENEL X;3;N/A;N/A;N/A;25; 349,3251 ; 22,7479 ; 55,9536 ; 90,6662 ; 27,8776 ; 23,4448 ; 570,0152 
23;ELECTROHUILA;EXEC;ENEL X;1;AEREA;NIVEL 1-2;100% OPERADOR;25; 445,1716 ; 90,2234 ; 55,9536 ; 288,0311 ; 61,3048 ; 23,4448 ; 964,1293 
23;ELECTROHUILA;EXEC;ENEL X;1;AEREA;NIVEL 1-2;50% OPERADOR;25; 445,1716 ; 90,2234 ; 55,9536 ; 262,3276 ; 61,3048 ; 23,4448 ; 938,4258 
23;ELECTROHUILA;EXEC;ENEL X;1;AEREA;NIVEL 1-2;100% USUARIO;25; 445,1716 ; 90,2234 ; 55,9536 ; 236,6242 ; 61,3048 ; 23,4448 ; 912,7224 
23;ELECTROHUILA;EXEC;ENEL X;2;N/A;N/A;N/A;25; 445,1716 ; 35,4816 ; 55,9536 ; 186,4289 ; 73,7413 ; 23,4448 ; 820,2218 
23;ELECTROHUILA;EXEC;ENEL X;3;N/A;N/A;N/A;25; 445,1716 ; 27,2887 ; 55,9536 ; 117,2929 ; 71,1483 ; 23,4448 ; 740,2999 
10;CETSA;EXEC;ENEL X;1;AEREA;NIVEL 1-2;100% OPERADOR;25; 348,0714 ; 63,1783 ; 55,9536 ; 277,5855 ; 28,0025 ; 23,4448 ; 796,2361 
10;CETSA;EXEC;ENEL X;2;N/A;N/A;N/A;25; 348,0714 ; 26,8314 ; 55,9536 ; 165,3711 ; 99,6225 ; 23,4448 ; 719,2948 
10;CETSA;EXEC;ENEL X;1;AEREA;NIVEL 1-2;100% USUARIO;25; 348,0714 ; 63,1783 ; 55,9536 ; 223,9683 ; 28,0025 ; 23,4448 ; 742,6189 
10;CETSA;EXEC;ENEL X;2;N/A;N/A;N/A;25; 348,0714 ; 26,8314 ; 55,9536 ; 165,3711 ; 99,6225 ; 23,4448 ; 719,2948 
10;CETSA;EXEC;ENEL X;3;N/A;N/A;N/A;25; 348,0714 ; 20,6437 ; 55,9536 ; 96,6989 ; 96,8925 ; 23,4448 ; 641,7049 
16;ESSA;BIAC;BIA;1;AEREA;NIVEL 1-2;100% USUARIO;25; 306,9700 ; 68,4400 ; 55,9500 ; 228,5700 ; 30,2100 ; 23,6100 ; 713,7500 
16;ESSA;BIAC;BIA;1;AEREA;NIVEL 1-2;50% OPERADOR;25; 306,9700 ; 68,4400 ; 55,9500 ; 272,1400 ; 30,2100 ; 23,6100 ; 757,3200 
16;ESSA;BIAC;BIA;1;AEREA;NIVEL 1-2;100% OPERADOR;25; 306,9700 ; 68,4400 ; 55,9500 ; 315,7000 ; 30,2100 ; 23,6100 ; 800,8900 
16;ESSA;BIAC;BIA;2;N/A;N/A;N/A;25; 306,9700 ; 25,3300 ; 55,9500 ; 206,0700 ; 30,2100 ; 23,6100 ; 648,1500 
82;CARIBESOL;ENBC;ENERBIT;1;AEREA;NIVEL 1-2;100% USUARIO;25; 268,4500 ; 67,5200 ; 55,9536 ; 104,6300 ; 96,8000 ; 30,5000 ; 623,8536 
82;CARIBESOL;ENBC;ENERBIT;1;AEREA;NIVEL 1-2;50% OPERADOR;25; 268,4500 ; 67,5200 ; 55,9536 ; 115,9900 ; 96,8000 ; 30,5000 ; 635,2136 
82;CARIBESOL;ENBC;ENERBIT;1;AEREA;NIVEL 1-2;100% OPERADOR;25; 268,4500 ; 67,5200 ; 55,9536 ; 127,3400 ; 96,8000 ; 30,5000 ; 646,5636 
82;CARIBESOL;ENBC;ENERBIT;2;N/A;N/A;N/A;25; 268,4500 ; 21,5200 ; 55,9536 ; 85,9200 ; 38,9600 ; 30,5000 ; 501,3036 
82;CARIBESOL;ENBC;ENERBIT;3;N/A;N/A;N/A;25; 268,4500 ; 18,3900 ; 55,9536 ; 63,4500 ; 38,9600 ; 30,5000 ; 475,7036 
5;CENS;BIAC;BIA;1;AEREA;NIVEL 1-2;100% USUARIO;25; 306,5100 ; 64,6300 ; 55,9500 ; 263,6200 ; 76,9500 ; 23,6100 ; 791,2900 
5;CENS;BIAC;BIA;1;AEREA;NIVEL 1-2;50% OPERADOR;25; 306,5100 ; 64,6300 ; 55,9500 ; 289,6600 ; 76,9500 ; 23,6100 ; 817,3300 
5;CENS;BIAC;BIA;1;AEREA;NIVEL 1-2;100% OPERADOR;25; 306,5100 ; 64,6300 ; 55,9500 ; 315,7000 ; 76,9500 ; 23,6100 ; 843,3700 
5;CENS;BIAC;BIA;2;N/A;N/A;N/A;25; 306,5100 ; 21,6900 ; 55,9500 ; 206,0700 ; 53,8900 ; 23,6100 ; 667,7400 
32;EEP;BIAC;BIA;1;AEREA;NIVEL 1-2;100% USUARIO;25; 310,1800 ; 57,6900 ; 55,9500 ; 271,7100 ; 25,7900 ; 23,6100 ; 744,9500 
32;EEP;BIAC;BIA;1;AEREA;NIVEL 1-2;50% OPERADOR;25; 310,1800 ; 57,6900 ; 55,9500 ; 293,7100 ; 25,7900 ; 23,6100 ; 766,9400 
32;EEP;BIAC;BIA;1;AEREA;NIVEL 1-2;100% OPERADOR;25; 310,1800 ; 57,6900 ; 55,9500 ; 315,7000 ; 25,7900 ; 23,6100 ; 788,9400 
32;EEP;BIAC;BIA;2;N/A;N/A;N/A;25; 310,1800 ; 24,1500 ; 55,9500 ; 206,0700 ; 25,7900 ; 23,6100 ; 645,7700 
26;ENERTOLIMA;BIAC;BIA;1;AEREA;NIVEL 1-2;100% USUARIO;25; 305,3300 ; 77,1200 ; 55,9500 ; 187,1100 ; 136,5400 ; 23,6100 ; 785,6700 
26;ENERTOLIMA;BIAC;BIA;1;AEREA;NIVEL 1-2;50% OPERADOR;25; 305,3300 ; 77,1200 ; 55,9500 ; 237,5700 ; 136,5400 ; 23,6100 ; 836,1300 
26;ENERTOLIMA;BIAC;BIA;1;AEREA;NIVEL 1-2;100% OPERADOR;25; 305,3300 ; 77,1200 ; 55,9500 ; 288,0300 ; 136,5400 ; 23,6100 ; 886,5900 
26;ENERTOLIMA;BIAC;BIA;2;N/A;N/A;N/A;25; 305,3300 ; 35,3700 ; 55,9500 ; 186,4300 ; 26,5700 ; 23,6100 ; 633,2700 
75;ENERCA;BIAC;BIA;1;AEREA;NIVEL 1-2;100% USUARIO;25; 302,5700 ; 57,0700 ; 55,9500 ; 198,8200 ; 48,9800 ; 23,6100 ; 687,0000 
75;ENERCA;BIAC;BIA;1;AEREA;NIVEL 1-2;50% OPERADOR;25; 302,5700 ; 57,0700 ; 55,9500 ; 235,6300 ; 48,9800 ; 23,6100 ; 723,8200 
75;ENERCA;BIAC;BIA;1;AEREA;NIVEL 1-2;100% OPERADOR;25; 302,5700 ; 57,0700 ; 55,9500 ; 272,4500 ; 48,9800 ; 23,6100 ; 760,6400 
75;ENERCA;BIAC;BIA;2;N/A;N/A;N/A;25; 302,5700 ; 14,0700 ; 55,9500 ; 185,5400 ; 25,3600 ; 23,6100 ; 607,1100 
23;ELECTROHUILA;BIAC;BIA;1;AEREA;NIVEL 1-2;100% USUARIO;25; 305,7100 ; 67,0100 ; 55,9500 ; 236,6200 ; 50,3400 ; 23,6100 ; 739,2500 
23;ELECTROHUILA;BIAC;BIA;1;AEREA;NIVEL 1-2;50% OPERADOR;25; 305,7100 ; 67,0100 ; 55,9500 ; 262,3300 ; 50,3400 ; 23,6100 ; 764,9500 
23;ELECTROHUILA;BIAC;BIA;1;AEREA;NIVEL 1-2;100% OPERADOR;25; 305,7100 ; 67,0100 ; 55,9500 ; 288,0300 ; 50,3400 ; 23,6100 ; 790,6600 
23;ELECTROHUILA;BIAC;BIA;2;N/A;N/A;N/A;25; 305,7100 ; 27,5500 ; 55,9500 ; 186,4300 ; 62,7800 ; 23,6100 ; 662,0400 
25;ELECTROMETA;BIAC;BIA;1;AEREA;NIVEL 1-2;100% USUARIO;25; 306,7000 ; 62,2500 ; 55,9500 ; 236,8800 ; 26,7800 ; 23,6100 ; 712,1800 
25;ELECTROMETA;BIAC;BIA;1;AEREA;NIVEL 1-2;50% OPERADOR;25; 306,7000 ; 62,2500 ; 55,9500 ; 254,6700 ; 26,7800 ; 23,6100 ; 729,9600 
25;ELECTROMETA;BIAC;BIA;1;AEREA;NIVEL 1-2;100% OPERADOR;25; 306,7000 ; 62,2500 ; 55,9500 ; 272,4500 ; 26,7800 ; 23,6100 ; 747,7500 
25;ELECTROMETA;BIAC;BIA;2;N/A;N/A;N/A;25; 306,7000 ; 26,5300 ; 55,9500 ; 185,5400 ; 73,7700 ; 23,6100 ; 672,1100 
29;EBSA;BIAC;BIA;1;AEREA;NIVEL 1-2;100% USUARIO;25; 302,5700 ; 67,0300 ; 55,9500 ; 203,2500 ; 48,9300 ; 23,6100 ; 701,3500 
29;EBSA;BIAC;BIA;1;AEREA;NIVEL 1-2;50% OPERADOR;25; 302,5700 ; 67,0300 ; 55,9500 ; 245,6400 ; 48,9300 ; 23,6100 ; 743,7400 
29;EBSA;BIAC;BIA;1;AEREA;NIVEL 1-2;100% OPERADOR;25; 302,5700 ; 67,0300 ; 55,9500 ; 288,0300 ; 48,9300 ; 23,6100 ; 786,1300 
29;EBSA;BIAC;BIA;2;N/A;N/A;N/A;25; 302,5700 ; 19,2800 ; 55,9500 ; 186,4300 ; 63,8000 ; 23,6100 ; 651,6500 
29;EBSA;BIAC;BIA;3;N/A;N/A;N/A;25; 302,5700 ; 16,4600 ; 55,9500 ; 117,2900 ; 77,9200 ; 23,6100 ; 593,8100 
26;ENERTOLIMA;BIAC;BIA;3;N/A;N/A;N/A;25; 305,3300 ; 26,6300 ; 55,9500 ; 117,2900 ; 26,5700 ; 23,6100 ; 555,4000 
23;ELECTROHUILA;BIAC;BIA;3;N/A;N/A;N/A;25; 305,7100 ; 21,6400 ; 55,9500 ; 117,2900 ; 60,1800 ; 23,6100 ; 584,4000 
25;ELECTROMETA;BIAC;BIA;3;N/A;N/A;N/A;25; 306,7000 ; 20,8100 ; 55,9500 ; 89,7600 ; 26,7800 ; 23,6100 ; 523,6200 
82;CARIBESOL;BIAC;BIA;3;N/A;N/A;N/A;25; 307,8800 ; 20,7600 ; 55,9500 ; 63,4500 ; 23,2400 ; 23,6100 ; 494,9000 
83;CARIBEMAR;BIAC;BIA;3;N/A;N/A;N/A;25; 307,8800 ; 9,7300 ; 55,9500 ; 92,7600 ; 26,1900 ; 23,6100 ; 516,1300 
45;EMCALI;BIAC;BIA;3;N/A;N/A;N/A;25; 309,1800 ; 22,1300 ; 55,9500 ; 96,7000 ; 26,3600 ; 23,6100 ; 533,9400 
81;CODENSA-EEC;BIAC;BIA;3;N/A;N/A;N/A;25; 309,7400 ; 20,6600 ; 55,9500 ; 117,2900 ; 28,0800 ; 23,6100 ; 555,3400 
74;EPM-EADE;BIAC;BIA;3;N/A;N/A;N/A;25; 309,0100 ; 17,5400 ; 55,9500 ; 90,6700 ; 54,9400 ; 23,6100 ; 551,7200 
16;ESSA;BIAC;BIA;3;N/A;N/A;N/A;25; 306,9700 ; 19,3400 ; 55,9500 ; 90,6700 ; 30,2100 ; 23,6100 ; 526,7500 
75;ENERCA;BIAC;BIA;3;N/A;N/A;N/A;25; 302,5700 ; 9,8100 ; 55,9500 ; 89,7600 ; 25,3600 ; 23,6100 ; 507,0700 
32;EEP;BIAC;BIA;3;N/A;N/A;N/A;25; 310,1800 ; 21,1600 ; 55,9500 ; 90,6700 ; 25,7900 ; 23,6100 ; 527,3700 
5;CENS;BIAC;BIA;3;N/A;N/A;N/A;25; 306,5100 ; 22,2300 ; 55,9500 ; 90,6700 ; 28,6600 ; 23,6100 ; 527,6500 
34;EPSA;EXEC;ENEL X;1;AEREA;NIVEL 1-2;100% OPERADOR;25; 344,0543 ; 65,6634 ; 55,9536 ; 277,5855 ; 28,7151 ; 23,4448 ; 795,4167 
34;EPSA;EXEC;ENEL X;1;AEREA;NIVEL 1-2;100% USUARIO;25; 344,0543 ; 65,6634 ; 55,9536 ; 208,4145 ; 28,7151 ; 23,4448 ; 726,2457 
34;EPSA;EXEC;ENEL X;2;N/A;N/A;N/A;25; 344,0543 ; 27,6387 ; 55,9536 ; 165,3711 ; 28,7151 ; 23,4448 ; 645,1776 
34;EPSA;EXEC;ENEL X;3;N/A;N/A;N/A;25; 344,0543 ; 23,7024 ; 55,9536 ; 96,6989 ; 28,7151 ; 23,4448 ; 572,5691 
26;ENERTOLIMA;EXEC;ENEL X;1;AEREA;NIVEL 1-2;100% OPERADOR;25; 444,4238 ; 104,5394 ; 55,9536 ; 288,0311 ; 142,7025 ; 23,4448 ; 1.059,0952 
26;ENERTOLIMA;EXEC;ENEL X;1;AEREA;NIVEL 1-2;50% OPERADOR;25; 444,4238 ; 104,5394 ; 55,9536 ; 237,5691 ; 142,7025 ; 23,4448 ; 1.008,6332 
26;ENERTOLIMA;EXEC;ENEL X;1;AEREA;NIVEL 1-2;100% USUARIO;25; 444,4238 ; 104,5394 ; 55,9536 ; 187,1072 ; 142,7025 ; 23,4448 ; 958,1713 
26;ENERTOLIMA;EXEC;ENEL X;2;N/A;N/A;N/A;25; 444,4238 ; 46,6495 ; 55,9536 ; 186,4289 ; 32,7325 ; 23,4448 ; 789,6331 
26;ENERTOLIMA;EXEC;ENEL X;3;N/A;N/A;N/A;25; 444,4238 ; 34,5279 ; 55,9536 ; 117,2929 ; 32,7325 ; 23,4448 ; 708,3755 
45;EMCALI;EPSC;EPSA;1;AEREA;NIVEL 1-2;100% OPERADOR;25; 284,0100 ; 48,2000 ; 55,9536 ; 277,5900 ; 27,5000 ; 27,6500 ; 720,9036 
45;EMCALI;EPSC;EPSA;1;AEREA;NIVEL 1-2;100% USUARIO;25; 284,0100 ; 48,2000 ; 55,9536 ; 242,5100 ; 27,5000 ; 27,6500 ; 685,8236 
45;EMCALI;EPSC;EPSA;2;N/A;N/A;N/A;25; 284,0100 ; 22,4100 ; 55,9536 ; 165,3700 ; 27,5000 ; 27,6500 ; 582,8936 
45;EMCALI;EPSC;EPSA;3;N/A;N/A;N/A;25; 284,0100 ; 20,9600 ; 55,9536 ; 96,7000 ; 27,5000 ; 27,6500 ; 512,7736 
45;EMCALI;EPSC;EPSA;4;N/A;N/A;N/A;25; 284,0100 ; 12,5200 ; 55,9536 ; 34,0500 ; 27,5000 ; 27,6500 ; 441,6836 
29;EBSA;EXEC;ENEL X;1;AEREA;NIVEL 1-2;100% OPERADOR;25; 337,6784 ; 73,5760 ; 55,9536 ; 288,0311 ; 56,8681 ; 23,4448 ; 835,5520 
29;EBSA;EXEC;ENEL X;1;AEREA;NIVEL 1-2;50% OPERADOR;25; 337,6784 ; 73,5760 ; 55,9536 ; 245,6415 ; 56,8681 ; 23,4448 ; 793,1624 
29;EBSA;EXEC;ENEL X;1;AEREA;NIVEL 1-2;100% USUARIO;25; 337,6784 ; 73,5760 ; 55,9536 ; 203,2519 ; 56,8681 ; 23,4448 ; 750,7728 
29;EBSA;EXEC;ENEL X;2;N/A;N/A;N/A;25; 337,6784 ; 21,1275 ; 55,9536 ; 186,4289 ; 71,7351 ; 23,4448 ; 696,3683 
29;EBSA;EXEC;ENEL X;3;N/A;N/A;N/A;25; 337,6784 ; 18,0306 ; 55,9536 ; 117,2929 ; 85,8586 ; 23,4448 ; 638,2589 
34;EPSA;BIAC;BIA;1;AEREA;NIVEL 1-2;100% USUARIO;25; 306,7400 ; 59,8400 ; 55,9500 ; 208,4100 ; 27,0900 ; 23,6100 ; 681,6500 
34;EPSA;BIAC;BIA;1;AEREA;NIVEL 1-2;50% OPERADOR;25; 306,7400 ; 59,8400 ; 55,9500 ; 243,0000 ; 27,0900 ; 23,6100 ; 716,2300 
34;EPSA;BIAC;BIA;1;AEREA;NIVEL 1-2;100% OPERADOR;25; 306,7400 ; 59,8400 ; 55,9500 ; 277,5900 ; 27,0900 ; 23,6100 ; 750,8200 
34;EPSA;BIAC;BIA;2;N/A;N/A;N/A;25; 306,7400 ; 25,3800 ; 55,9500 ; 165,3700 ; 27,0900 ; 23,6100 ; 604,1400 
34;EPSA;BIAC;BIA;3;N/A;N/A;N/A;25; 306,7400 ; 21,8100 ; 55,9500 ; 96,7000 ; 27,0900 ; 23,6100 ; 531,9000 
3;CEDENAR;BIAC;BIA;1;AEREA;NIVEL 1-2;100% USUARIO;25; 299,2800 ; 59,5600 ; 55,9500 ; 221,3000 ; 68,9000 ; 23,6100 ; 728,6100 
3;CEDENAR;BIAC;BIA;1;AEREA;NIVEL 1-2;50% OPERADOR;25; 299,2800 ; 59,5600 ; 55,9500 ; 249,4400 ; 68,9000 ; 23,6100 ; 756,7500 
3;CEDENAR;BIAC;BIA;1;AEREA;NIVEL 1-2;100% OPERADOR;25; 299,2800 ; 59,5600 ; 55,9500 ; 277,5900 ; 68,9000 ; 23,6100 ; 784,8900 
3;CEDENAR;BIAC;BIA;2;N/A;N/A;N/A;25; 299,2800 ; 20,4800 ; 55,9500 ; 165,3700 ; 68,9800 ; 23,6100 ; 633,6700 
3;CEDENAR;BIAC;BIA;3;N/A;N/A;N/A;25; 299,2800 ; 14,4600 ; 55,9500 ; 96,7000 ; 52,0400 ; 23,6100 ; 542,0500 
4;CEDELCA;BIAC;BIA;1;AEREA;NIVEL 1-2;100% USUARIO;25; 303,9100 ; 66,9000 ; 55,9500 ; 185,7300 ; 30,1700 ; 23,6100 ; 666,2700 
4;CEDELCA;BIAC;BIA;1;AEREA;NIVEL 1-2;50% OPERADOR;25; 303,9100 ; 66,9000 ; 55,9500 ; 231,6600 ; 30,1700 ; 23,6100 ; 712,2000 
4;CEDELCA;BIAC;BIA;1;AEREA;NIVEL 1-2;100% OPERADOR;25; 303,9100 ; 66,9000 ; 55,9500 ; 277,5900 ; 30,1700 ; 23,6100 ; 758,1300 
4;CEDELCA;BIAC;BIA;2;N/A;N/A;N/A;25; 303,9100 ; 26,8900 ; 55,9500 ; 165,3700 ; 30,1700 ; 23,6100 ; 605,9100 
4;CEDELCA;BIAC;BIA;3;N/A;N/A;N/A;25; 303,9100 ; 22,8500 ; 55,9500 ; 96,7000 ; 30,1700 ; 23,6100 ; 533,2000 
34;EPSA;CETC;CETSA;1;AEREA;NIVEL 1-2;100% OPERADOR;25;286,91;56,9; 55,9536 ;277,59;28,44; 27,5200 ; 733,3136 
34;EPSA;CETC;CETSA;1;AEREA;NIVEL 1-2;100% USUARIO;25; 286,9100 ; 56,9000 ; 55,9536 ;208,4; 28,44 ; 27,5200 ; 664,1236 
34;EPSA;CETC;CETSA;2;N/A;N/A;N/A;25; 286,9100 ;24,31; 55,9536 ;165,37;28,44; 27,5200 ; 588,5036 
34;EPSA;CETC;CETSA;3;N/A;N/A;N/A;25; 286,9100 ;20,93; 55,9536 ;96,7;28,44; 27,5200 ; 516,4536 
26;ENERTOLIMA;CETC;CETSA;1;AEREA;NIVEL 1-2;100% OPERADOR;25;287,71;73,81; 55,9536 ;288,03;134,02; 27,5200 ; 867,0436 
26;ENERTOLIMA;CETC;CETSA;1;AEREA;NIVEL 1-2;100% USUARIO;25; 287,7100 ; 73,8100 ; 55,9536 ;187,11; 134,0200 ; 27,5200 ; 766,1236 
26;ENERTOLIMA;CETC;CETSA;2;N/A;N/A;N/A;25; 287,7100 ;34,08; 55,9536 ;186,43;24,05; 27,5200 ; 615,7436 
26;ENERTOLIMA;CETC;CETSA;3;N/A;N/A;N/A;25; 287,7100 ;25,76; 55,9536 ;117,29;24,05; 27,5200 ; 538,2836 
23;ELECTROHUILA;ETTC;ENERTOTAL;1;AEREA;NIVEL 1-2;100% OPERADOR;25; 358,1900 ; 75,6900 ; 55,9536 ; 288,0300 ; 43,0200 ; 22,9500 ; 843,8336 
23;ELECTROHUILA;ETTC;ENERTOTAL;1;AEREA;NIVEL 1-2;100% USUARIO;25; 358,1900 ; 75,6900 ; 55,9536 ; 236,6200 ; 43,0200 ; 22,9500 ; 792,4236 
23;ELECTROHUILA;ETTC;ENERTOTAL;2;N/A;N/A;N/A;25; 358,1900 ; 30,4900 ; 55,9536 ; 186,4300 ; 55,4500 ; 22,9500 ; 709,4636 
23;ELECTROHUILA;ETTC;ENERTOTAL;3;N/A;N/A;N/A;25; 358,1900 ; 23,7300 ; 55,9536 ; 117,2900 ; 52,8600 ; 22,9500 ; 630,9736 
25;ELECTROMETA;ETTC;ENERTOTAL;1;AEREA;NIVEL 1-2;100% OPERADOR;25; 399,2100 ; 77,4000 ; 55,9536 ; 272,4500 ; 20,1400 ; 22,9500 ; 848,1036 
25;ELECTROMETA;ETTC;ENERTOTAL;1;AEREA;NIVEL 1-2;100% USUARIO;25; 399,2100 ; 77,4000 ; 55,9536 ; 236,8800 ; 20,1400 ; 22,9500 ; 812,5336 
25;ELECTROMETA;ETTC;ENERTOTAL;2;N/A;N/A;N/A;25; 399,2100 ; 32,5400 ; 55,9536 ; 185,5400 ; 67,1400 ; 22,9500 ; 763,3336 
25;ELECTROMETA;ETTC;ENERTOTAL;3;N/A;N/A;N/A;25; 399,2100 ; 25,3500 ; 55,9536 ; 89,7600 ; 20,1400 ; 22,9500 ; 613,3636 
5;CENS;ETTC;ENERTOTAL;1;AEREA;NIVEL 1-2;100% OPERADOR;25; 325,2600 ; 67,9400 ; 55,9536 ; 315,7000 ; 145,0600 ; 31,0300 ; 940,9436 
5;CENS;ETTC;ENERTOTAL;1;AEREA;NIVEL 1-2;100% USUARIO;25; 325,2600 ; 67,9400 ; 55,9536 ; 262,7200 ; 145,0600 ; 31,0300 ; 887,9636 
5;CENS;ETTC;ENERTOTAL;2;N/A;N/A;N/A;25; 325,2600 ; 22,7500 ; 55,9536 ; 206,0700 ; 122,0100 ; 31,0300 ; 763,0736 
5;CENS;ETTC;ENERTOTAL;3;N/A;N/A;N/A;25; 325,2600 ; 23,3200 ; 55,9536 ; 90,6700 ; 96,7800 ; 31,0300 ; 623,0136 
36;EDEQ;BIAC;BIA;1;AEREA;NIVEL 1-2;100% USUARIO;25; 308,5400 ; 59,8300 ; 55,9500 ; 264,8000 ; 106,9100 ; 23,6100 ; 819,6400 
36;EDEQ;BIAC;BIA;1;AEREA;NIVEL 1-2;50% OPERADOR;25; 308,5400 ; 59,8300 ; 55,9500 ; 290,2500 ; 106,9100 ; 23,6100 ; 845,1000 
36;EDEQ;BIAC;BIA;1;AEREA;NIVEL 1-2;100% OPERADOR;25; 308,5400 ; 59,8300 ; 55,9500 ; 315,7000 ; 106,9100 ; 23,6100 ; 870,5500 
36;EDEQ;BIAC;BIA;2;N/A;N/A;N/A;25; 308,5400 ; 25,6300 ; 55,9500 ; 206,0700 ; 26,7300 ; 23,6100 ; 646,5400 
36;EDEQ;BIAC;BIA;3;N/A;N/A;N/A;25; 308,5400 ; 19,6300 ; 55,9500 ; 90,6700 ; 63,2800 ; 23,6100 ; 561,6900 
2;CHEC;BIAC;BIA;1;AEREA;NIVEL 1-2;100% USUARIO;25; 304,6400 ; 59,8800 ; 55,9500 ; 241,1100 ; 97,0500 ; 23,6100 ; 782,2500 
2;CHEC;BIAC;BIA;1;AEREA;NIVEL 1-2;50% OPERADOR;25; 304,6400 ; 59,8800 ; 55,9500 ; 278,4100 ; 97,0500 ; 23,6100 ; 819,5500 
2;CHEC;BIAC;BIA;1;AEREA;NIVEL 1-2;100% OPERADOR;25; 304,6400 ; 59,8800 ; 55,9500 ; 315,7000 ; 97,0500 ; 23,6100 ; 856,8500 
2;CHEC;BIAC;BIA;2;N/A;N/A;N/A;25; 304,6400 ; 27,5600 ; 55,9500 ; 206,0700 ; 28,6000 ; 23,6100 ; 646,4400 
2;CHEC;BIAC;BIA;3;N/A;N/A;N/A;25; 304,6400 ; 20,5800 ; 55,9500 ; 90,6700 ; 28,6000 ; 23,6100 ; 524,0500 
10;CETSA;BIAC;BIA;1;AEREA;NIVEL 1-2;100% USUARIO;25; 309,5000 ; 57,3900 ; 55,9500 ; 223,9700 ; 26,2100 ; 23,6100 ; 696,6300 
10;CETSA;BIAC;BIA;1;AEREA;NIVEL 1-2;50% OPERADOR;25; 309,5000 ; 57,3900 ; 55,9500 ; 250,7800 ; 26,2100 ; 23,6100 ; 723,4400 
10;CETSA;BIAC;BIA;1;AEREA;NIVEL 1-2;100% OPERADOR;25; 309,5000 ; 57,3900 ; 55,9500 ; 277,5900 ; 26,2100 ; 23,6100 ; 750,2500 
10;CETSA;BIAC;BIA;2;N/A;N/A;N/A;25; 309,5000 ; 24,5300 ; 55,9500 ; 165,3700 ; 97,8300 ; 23,6100 ; 676,7900 
10;CETSA;BIAC;BIA;3;N/A;N/A;N/A;25; 309,5000 ; 18,9300 ; 55,9500 ; 96,7000 ; 95,1000 ; 23,6100 ; 599,8000 
46;EMCARTAGO;BIAC;BIA;1;AEREA;NIVEL 1-2;100% USUARIO;25; 310,3400 ; 64,1900 ; 55,9500 ; 238,9300 ; 31,6500 ; 23,6100 ; 724,6800 
46;EMCARTAGO;BIAC;BIA;1;AEREA;NIVEL 1-2;50% OPERADOR;25; 310,3400 ; 64,1900 ; 55,9500 ; 258,2600 ; 31,6500 ; 23,6100 ; 744,0100 
46;EMCARTAGO;BIAC;BIA;1;AEREA;NIVEL 1-2;100% OPERADOR;25; 310,3400 ; 64,1900 ; 55,9500 ; 277,5900 ; 31,6500 ; 23,6100 ; 763,3300 
46;EMCARTAGO;BIAC;BIA;2;N/A;N/A;N/A;25; 310,3400 ; 23,1800 ; 55,9500 ; 165,3700 ; 31,6500 ; 23,6100 ; 610,1100 
46;EMCARTAGO;BIAC;BIA;3;N/A;N/A;N/A;25; 310,3400 ; 19,4300 ; 55,9500 ; 96,7000 ; 31,6500 ; 23,6100 ; 537,6900 
34;EPSA;EPMC;EPM;1;AEREA;NIVEL 1-2;100% OPERADOR;25;295,07;58,04; 55,9536 ;277,59;25,04; 26,0000 ; 737,6936 
34;EPSA;EPMC;EPM;1;AEREA;NIVEL 1-2;100% USUARIO;25; 295,0700 ; 58,0400 ; 55,9536 ;207,28; 25,0400 ; 26,0000 ; 667,3836 
34;EPSA;EPMC;EPM;2;N/A;N/A;N/A;25; 295,0700 ;24,69; 55,9536 ;165,37; 25,0400 ; 26,0000 ; 592,1236 
34;EPSA;EPMC;EPM;3;N/A;N/A;N/A;25; 295,0700 ;21,24; 55,9536 ;96,7; 25,0400 ; 26,0000 ; 520,0036 
45;EMCALI;EPMC;EPM;1;AEREA;NIVEL 1-2;100% OPERADOR;25;292,33;49,2; 55,9536 ;277,59;22,11; 26,0000 ; 723,1836 
45;EMCALI;EPMC;EPM;1;AEREA;NIVEL 1-2;100% USUARIO;25; 292,3300 ; 49,2000 ; 55,9536 ;246,29; 22,1100 ; 26,0000 ; 691,8836 
45;EMCALI;EPMC;EPM;2;N/A;N/A;N/A;25; 292,3300 ;22,8; 55,9536 ;165,37; 22,1100 ; 26,0000 ; 584,5636 
45;EMCALI;EPMC;EPM;3;N/A;N/A;N/A;25; 292,3300 ;21,31; 55,9536 ;96,7; 22,1100 ; 26,0000 ; 514,4036 
81;CODENSA-EEC;EPMC;EPM;1;AEREA;NIVEL 1-2;100% OPERADOR;25;291,71;59,48; 55,9536 ;288,03;24,57; 26,0000 ; 745,7436 
81;CODENSA-EEC;EPMC;EPM;1;AEREA;NIVEL 1-2;100% USUARIO;25; 291,7100 ; 59,4800 ; 55,9536 ;238,3; 24,5700 ; 26,0000 ; 696,0136 
81;CODENSA-EEC;EPMC;EPM;2;N/A;N/A;N/A;25; 291,7100 ;20,41; 55,9536 ;186,43; 24,5700 ; 26,0000 ; 605,0736 
81;CODENSA-EEC;EPMC;EPM;3;N/A;N/A;N/A;25; 291,7100 ;19,83; 55,9536 ;117,29; 24,5700 ; 26,0000 ; 535,3536 
46;EMCARTAGO;ENBC;ENERBIT;1;AEREA;NIVEL 1-2;100% USUARIO;25; 334,2200 ; 67,7900 ; 55,9536 ; 238,9300 ; 36,4300 ; 30,5000 ; 763,8236 
46;EMCARTAGO;ENBC;ENERBIT;1;AEREA;NIVEL 1-2;50% OPERADOR;25; 334,2200 ; 67,7900 ; 55,9536 ; 258,2600 ; 36,4300 ; 30,5000 ; 783,1536 
46;EMCARTAGO;ENBC;ENERBIT;1;AEREA;NIVEL 1-2;100% OPERADOR;25; 334,2200 ; 67,7900 ; 55,9536 ; 277,5900 ; 36,4300 ; 30,5000 ; 802,4836 
46;EMCARTAGO;ENBC;ENERBIT;2;N/A;N/A;N/A;25; 334,2200 ; 24,1700 ; 55,9536 ; 165,3700 ; 36,4300 ; 30,5000 ; 646,6436 
46;EMCARTAGO;ENBC;ENERBIT;3;N/A;N/A;N/A;25; 334,2200 ; 20,1900 ; 55,9536 ; 96,7000 ; 36,4300 ; 30,5000 ; 573,9936 
36;EDEQ;ENBC;ENERBIT;1;AEREA;NIVEL 1-2;100% USUARIO;25; 266,7400 ; 53,1400 ; 55,9536 ; 264,8000 ; 111,6500 ; 30,5000 ; 782,7836 
36;EDEQ;ENBC;ENERBIT;1;AEREA;NIVEL 1-2;50% OPERADOR;25; 266,7400 ; 53,1400 ; 55,9536 ; 290,2500 ; 111,6500 ; 30,5000 ; 808,2336 
36;EDEQ;ENBC;ENERBIT;1;AEREA;NIVEL 1-2;100% OPERADOR;25; 266,7400 ; 53,1400 ; 55,9536 ; 315,7000 ; 111,6500 ; 30,5000 ; 833,6836 
36;EDEQ;ENBC;ENERBIT;2;N/A;N/A;N/A;25; 266,7400 ; 22,9400 ; 55,9536 ; 206,0700 ; 31,4700 ; 30,5000 ; 613,6736 
23;EDEQ;ENBC;ENERBIT;3;N/A;N/A;N/A;25; 269,7800 ; 19,9300 ; 55,9536 ; 117,2900 ; 109,7500 ; 30,5000 ; 603,2036 
23;ELECTROHUILA;ENBC;ENERBIT;1;AEREA;NIVEL 1-2;100% USUARIO;25; 269,7800 ; 60,7000 ; 55,9536 ; 236,6200 ; 99,9100 ; 30,5000 ; 753,4636 
23;ELECTROHUILA;ENBC;ENERBIT;1;AEREA;NIVEL 1-2;50% OPERADOR;25; 269,7800 ; 60,7000 ; 55,9536 ; 262,3300 ; 81,0900 ; 30,5000 ; 760,3536 
23;ELECTROHUILA;ENBC;ENERBIT;1;AEREA;NIVEL 1-2;100% OPERADOR;25; 269,7800 ; 60,7000 ; 55,9536 ; 288,0300 ; 99,9100 ; 30,5000 ; 804,8736 
23;ELECTROHUILA;ENBC;ENERBIT;2;N/A;N/A;N/A;25; 269,7800 ; 25,2400 ; 55,9536 ; 186,4300 ; 112,3500 ; 30,5000 ; 680,2536 
23;ELECTROHUILA;ENBC;ENERBIT;3;N/A;N/A;N/A;25; 269,7800 ; 19,9300 ; 55,9536 ; 117,2900 ; 109,7500 ; 30,5000 ; 603,2036 
2;CHEC;ENBC;ENERBIT;1;AEREA;NIVEL 1-2;100% USUARIO;25; 270,9400 ; 54,5400 ; 55,9536 ; 241,1100 ; 100,3900 ; 30,5000 ; 753,4336 
2;CHEC;ENBC;ENERBIT;1;AEREA;NIVEL 1-2;50% OPERADOR;25; 270,9400 ; 54,5400 ; 55,9536 ; 278,4100 ; 100,3900 ; 30,5000 ; 790,7336 
2;CHEC;ENBC;ENERBIT;1;AEREA;NIVEL 1-2;100% OPERADOR;25; 270,9400 ; 54,5400 ; 55,9536 ; 315,7000 ; 100,3900 ; 30,5000 ; 828,0236 
2;CHEC;ENBC;ENERBIT;2;N/A;N/A;N/A;25; 270,9400 ; 25,3000 ; 55,9536 ; 206,0700 ; 31,9400 ; 30,5000 ; 620,7036 
2;CHEC;ENBC;ENERBIT;3;N/A;N/A;N/A;25; 270,9400 ; 18,9800 ; 55,9536 ; 90,6700 ; 31,9400 ; 30,5000 ; 498,9836 
16;ESSA;ENBC;ENERBIT;1;AEREA;NIVEL 1-2;100% USUARIO;25; 267,5000 ; 60,9700 ; 55,9536 ; 228,5700 ; 32,4700 ; 30,5000 ; 675,9636 
16;ESSA;ENBC;ENERBIT;1;AEREA;NIVEL 1-2;50% OPERADOR;25; 267,5000 ; 60,9700 ; 55,9536 ; 272,1400 ; 32,4700 ; 30,5000 ; 719,5336 
16;ESSA;ENBC;ENERBIT;1;AEREA;NIVEL 1-2;100% OPERADOR;25; 267,5000 ; 60,9700 ; 55,9536 ; 315,7000 ; 32,4700 ; 30,5000 ; 763,0936 
16;ESSA;ENBC;ENERBIT;2;N/A;N/A;N/A;25; 267,5000 ; 22,6400 ; 55,9536 ; 206,0700 ; 32,4700 ; 30,5000 ; 615,1336 
16;ESSA;ENBC;ENERBIT;3;N/A;N/A;N/A;25; 267,5000 ; 17,3100 ; 55,9536 ; 90,6700 ; 32,4700 ; 30,5000 ; 494,4036 
19;ELECTROCAQUETA;TREC;TRANSACCIONES ENERGETICAS;1;AEREA;NIVEL 1-2;100% OPERADOR;25;315,7400;70,1900; 55,9536 ;55,9500;361,9800;22,8500;849,7500
19;ELECTROCAQUETA;TREC;TRANSACCIONES ENERGETICAS;1;AEREA;NIVEL 1-2;100% USUARIO;25;315,7400;70,1900; 55,9536 ;55,9500;305,0700;22,8500;792,8400
19;ELECTROCAQUETA;TREC;TRANSACCIONES ENERGETICAS;2;N/A;N/A;N/A;25;315,7400;23,4900; 55,9536 ;55,9500;274,2500;22,8500;715,3200
19;;TREC;TRANSACCIONES ENERGETICAS;3;N/A;N/A;N/A;25;315,7400;18,4300; 55,9536 ;55,9500;171,3800;22,8500;607,3900
3;CEDENAR;TREC;TRANSACCIONES ENERGETICAS;1;AEREA;NIVEL 1-2;100% OPERADOR;25;315,0200;62,0400; 55,9536 ;55,9500;316,2400;22,8500;812,7500
3;CEDENAR;TREC;TRANSACCIONES ENERGETICAS;1;AEREA;NIVEL 1-2;100% USUARIO;25;315,0200;62,0400; 55,9536 ;55,9500;259,9600;22,8500;756,4700
3;CEDENAR;TREC;TRANSACCIONES ENERGETICAS;2;N/A;N/A;N/A;25;315,0200;21,2300; 55,9536 ;55,9500;204,1000;22,8500;659,8000
3;CEDENAR;TREC;TRANSACCIONES ENERGETICAS;3;N/A;N/A;N/A;25;315,0200;14,9500; 55,9536 ;55,9500;118,4900;22,8500;567,9100
5;CENS;TREC;TRANSACCIONES ENERGETICAS;1;AEREA;NIVEL 1-2;100% OPERADOR;25;316,5100;66,2800; 55,9536 ;55,9500;366,9300;22,8500;854,3500
5;CENS;TREC;TRANSACCIONES ENERGETICAS;1;AEREA;NIVEL 1-2;100% USUARIO;25;316,5100;66,2800; 55,9536 ;55,9500;314,8600;22,8500;802,2800
5;CENS;TREC;TRANSACCIONES ENERGETICAS;2;N/A;N/A;N/A;25;316,5100;22,1600; 55,9536 ;55,9500;234,2400;22,8500;677,5400
5;CENS;TREC;TRANSACCIONES ENERGETICAS;3;N/A;N/A;N/A;25;316,5100;22,7200; 55,9536 ;55,9500;93,6000;22,8500;537,4600
2;CHEC;TREC;TRANSACCIONES ENERGETICAS;1;AEREA;NIVEL 1-2;100% OPERADOR;25;316,1300;61,5400; 55,9536 ;55,9500;384,1500;22,8500;865,7600
2;CHEC;TREC;TRANSACCIONES ENERGETICAS;1;AEREA;NIVEL 1-2;100% USUARIO;25;316,1300;61,5400; 55,9536 ;55,9500;309,5500;22,8500;791,1600
2;CHEC;TREC;TRANSACCIONES ENERGETICAS;2;N/A;N/A;N/A;25;316,1300;28,1800; 55,9536 ;55,9500;206,0700;22,8500;654,3200
2;CHEC;TREC;TRANSACCIONES ENERGETICAS;3;N/A;N/A;N/A;25;316,1300;20,9800; 55,9536 ;55,9500;90,6700;22,8500;531,7200
29;EBSA;TREC;TRANSACCIONES ENERGETICAS;1;AEREA;NIVEL 1-2;100% OPERADOR;25;315,7000;69,4200; 55,9536 ;55,9500;308,1300;22,8500;800,8300
29;EBSA;TREC;TRANSACCIONES ENERGETICAS;1;AEREA;NIVEL 1-2;100% USUARIO;25;315,7000;69,4200; 55,9536 ;55,9500;223,3500;22,8500;716,0500
29;EBSA;TREC;TRANSACCIONES ENERGETICAS;2;N/A;N/A;N/A;25;315,7000;19,9200; 55,9536 ;55,9500;221,4000;22,8500;664,6000
29;EBSA;TREC;TRANSACCIONES ENERGETICAS;3;N/A;N/A;N/A;25;315,7000;17,0000; 55,9536 ;55,9500;166,3800;22,8500;606,6600
36;EDEQ;TREC;TRANSACCIONES ENERGETICAS;1;AEREA;NIVEL 1-2;100% OPERADOR;25;316,9500;61,0500; 55,9536 ;55,9500;395,8900;22,8500;877,2400
36;EDEQ;TREC;TRANSACCIONES ENERGETICAS;1;AEREA;NIVEL 1-2;100% USUARIO;25;316,9500;61,0500; 55,9536 ;55,9500;344,9800;22,8500;826,3300
36;EDEQ;TREC;TRANSACCIONES ENERGETICAS;2;N/A;N/A;N/A;25;316,9500;26,0700; 55,9536 ;55,9500;206,0800;22,8500;652,4500
36;EDEQ;TREC;TRANSACCIONES ENERGETICAS;3;N/A;N/A;N/A;25;316,9500;19,9400; 55,9536 ;55,9500;127,2200;22,8500;567,4600
74;EPM-EADE;TREC;TRANSACCIONES ENERGETICAS;1;AEREA;NIVEL 1-2;100% OPERADOR;25;317,0300;65,8500; 55,9536 ;55,9500;360,6800;22,8500;848,4200
74;EPM-EADE;TREC;TRANSACCIONES ENERGETICAS;1;AEREA;NIVEL 1-2;100% USUARIO;25;317,0300;65,8500; 55,9536 ;55,9500;297,0200;22,8500;784,7600
74;EPM-EADE;TREC;TRANSACCIONES ENERGETICAS;2;N/A;N/A;N/A;25;317,0300;20,1500; 55,9536 ;55,9500;227,1100;22,8500;669,1500
74;EPM-EADE;TREC;TRANSACCIONES ENERGETICAS;3;N/A;N/A;N/A;25;317,0300;17,7800; 55,9536 ;55,9500;119,0700;22,8500;558,7400
32;EEP;TREC;TRANSACCIONES ENERGETICAS;1;AEREA;NIVEL 1-2;100% OPERADOR;25;317,2700;58,6300; 55,9536 ;55,9500;315,7100;22,8500;793,8000
32;EEP;TREC;TRANSACCIONES ENERGETICAS;1;AEREA;NIVEL 1-2;100% USUARIO;25;317,2700;58,6300; 55,9536 ;55,9500;271,7200;22,8500;749,8100
32;EEP;TREC;TRANSACCIONES ENERGETICAS;2;N/A;N/A;N/A;25;317,2700;24,4500; 55,9536 ;55,9500;206,0800;22,8500;649,9900
32;EEP;TREC;TRANSACCIONES ENERGETICAS;3;N/A;N/A;N/A;25;317,2700;21,4000; 55,9536 ;55,9500;90,6800;22,8500;531,5400
16;ESSA;TREC;TRANSACCIONES ENERGETICAS;1;AEREA;NIVEL 1-2;100% OPERADOR;25;316,7900;70,1500; 55,9536 ;55,9500;315,7000;22,8500;812,9300
16;ESSA;TREC;TRANSACCIONES ENERGETICAS;1;AEREA;NIVEL 1-2;100% USUARIO;25;316,7900;70,1500; 55,9536 ;55,9500;228,5700;22,8500;725,8000
16;ESSA;TREC;TRANSACCIONES ENERGETICAS;2;N/A;N/A;N/A;25;316,7900;25,8800; 55,9536 ;55,9500;206,0700;22,8500;659,0300
16;ESSA;TREC;TRANSACCIONES ENERGETICAS;3;N/A;N/A;N/A;25;316,7900;19,7300; 55,9536 ;55,9500;90,6700;22,8500;537,4800
75;ENERCA;TREC;TRANSACCIONES ENERGETICAS;1;AEREA;NIVEL 1-2;100% OPERADOR;25;315,7000;59,2000; 55,9536 ;55,9500;296,0800;22,8500;775,1300
75;ENERCA;TREC;TRANSACCIONES ENERGETICAS;1;AEREA;NIVEL 1-2;100% USUARIO;25;315,7000;59,2000; 55,9536 ;55,9500;222,4400;22,8500;701,4900
75;ENERCA;TREC;TRANSACCIONES ENERGETICAS;2;N/A;N/A;N/A;25;315,7000;14,6300; 55,9536 ;55,9500;185,5400;22,8500;620,0200
75;ENERCA;TREC;TRANSACCIONES ENERGETICAS;3;N/A;N/A;N/A;25;315,7000;10,2200; 55,9536 ;55,9500;89,7600;22,8500;519,8300
83;CARIBEMAR;SCEC;SOL & CIELO;1;AEREA;NIVEL 1-2;100% USUARIO;25;565,1600;117,0500; 55,9536 ;177,4800;154,9800;23,8400;1094,4700
83;CARIBEMAR;SCEC;SOL & CIELO;1;AEREA;NIVEL 1-2;100% OPERADOR;25;565,1600;117,0500; 55,9536 ;147,6000;154,9800;23,8400;1064,5800
83;CARIBEMAR;SCEC;SOL & CIELO;2;N/A;N/A;N/A;25;565,1600;29,3300; 55,9536 ;123,1500;134,4500;23,8400;931,8900
83;CARIBEMAR;SCEC;SOL & CIELO;3;N/A;N/A;N/A;25;565,1600;24,5600; 55,9536 ;92,7600;70,4200;23,8400;832,7000
83;CARIBEMAR;SCEC;SOL & CIELO;4;N/A;N/A;N/A;25;565,1600;8,1500; 55,9536 ;39,8400;70,4200;23,8400;763,3700
82;CARIBESOL;SCEC;SOL & CIELO;1;AEREA;NIVEL 1-2;100% USUARIO;25;565,1600;130,2500; 55,9536 ;127,3400;119,4800;23,8000;1021,9900
82;CARIBESOL;SCEC;SOL & CIELO;1;AEREA;NIVEL 1-2;100% OPERADOR;25;565,1600;130,2500; 55,9536 ;104,6300;119,4800;23,8000;999,2800
82;CARIBESOL;SCEC;SOL & CIELO;2;N/A;N/A;N/A;25;565,1600;41,5000; 55,9536 ;85,9200;61,6400;23,8000;833,9900
82;CARIBESOL;SCEC;SOL & CIELO;3;N/A;N/A;N/A;25;565,1600;35,4800; 55,9536 ;63,4500;61,6400;23,8000;805,5000
82;CARIBESOL;SCEC;SOL & CIELO;4;N/A;N/A;N/A;25;565,1600;19,0000; 55,9536 ;39,8400;61,6400;23,8000;765,4100
5;CENS;SCEC;SOL & CIELO;1;AEREA;NIVEL 1-2;100% USUARIO;25;559,9400;109,2500; 55,9536 ;315,7000;52,8300;23,8400;1117,5200
5;CENS;SCEC;SOL & CIELO;1;AEREA;NIVEL 1-2;100% OPERADOR;25;559,9400;109,2500; 55,9536 ;263,6200;52,8300;23,8400;1065,4400
5;CENS;SCEC;SOL & CIELO;2;N/A;N/A;N/A;25;559,9400;35,9100; 55,9536 ;206,0700;52,8300;23,8400;934,5500
5;CENS;SCEC;SOL & CIELO;3;N/A;N/A;N/A;25;559,9400;36,8300; 55,9536 ;90,6700;52,8300;23,8400;820,0700
5;CENS;SCEC;SOL & CIELO;4;N/A;N/A;N/A;25;559,9400;19,3800; 55,9536 ;34,0500;52,8300;23,8400;746,0000
74;EPM-EADE;SCEC;SOL & CIELO;1;AEREA;NIVEL 1-2;100% USUARIO;25;325,2600;68,0400; 55,9536 ;299,0400;76,0800;23,8400;848,2200
74;EPM-EADE;SCEC;SOL & CIELO;1;AEREA;NIVEL 1-2;100% OPERADOR;25;325,2600;68,0400; 55,9536 ;235,3900;76,0800;23,8400;784,5600
74;EPM-EADE;SCEC;SOL & CIELO;2;N/A;N/A;N/A;25;325,2600;21,1800; 55,9536 ;196,0500;76,0800;23,8400;698,3700
74;EPM-EADE;SCEC;SOL & CIELO;3;N/A;N/A;N/A;25;325,2600;18,7500; 55,9536 ;91,7400;76,0800;23,8400;591,6200
74;EPM-EADE;SCEC;SOL & CIELO;4;N/A;N/A;N/A;25;325,2600;14,6100; 55,9536 ;34,0500;76,0800;23,8400;529,8000
